item_id,order_id,product_id,quantity,unit_price,subtotal
ITEM000001,ORD02127,PROD138,1,276.16,276.16
ITEM000002,ORD04571,PROD012,5,584.13,2920.65
ITEM000003,ORD02089,PROD045,4,174.17,696.68
ITEM000004,ORD00913,PROD141,4,195.15,780.6
ITEM000005,ORD02797,PROD032,4,167.64,670.56
ITEM000006,ORD03881,PROD061,6,445.66,2673.96
ITEM000007,ORD00165,PROD056,1,476.87,476.87
ITEM000008,ORD03403,PROD031,4,177.21,708.84
ITEM000009,ORD04470,PROD148,6,599.22,3595.32
ITEM000010,ORD01412,PROD020,5,153.96,769.8
ITEM000011,ORD01486,PROD127,4,539.19,2156.76
ITEM000012,ORD03605,PROD117,1,344.32,344.32
ITEM000013,ORD04251,PROD092,4,507.26,2029.04
ITEM000014,ORD01414,PROD081,2,498.24,996.48
ITEM000015,ORD01550,PROD018,2,632.99,1265.98
ITEM000016,ORD01054,PROD123,1,773.05,773.05
ITEM000017,ORD01522,PROD017,5,134.96,674.8
ITEM000018,ORD00755,PROD001,4,667.13,2668.52
ITEM000019,ORD03502,PROD051,1,207.15,207.15
ITEM000020,ORD02440,PROD142,2,194.87,389.74
ITEM000021,ORD02642,PROD058,3,233.62,700.86
ITEM000022,ORD01433,PROD023,1,125.17,125.17
ITEM000023,ORD03306,PROD018,3,484.49,1453.47
ITEM000024,ORD04677,PROD115,4,81.71,326.84
ITEM000025,ORD00016,PROD137,6,594.16,3564.96
ITEM000026,ORD00337,PROD069,2,297.31,594.62
ITEM000027,ORD01581,PROD121,5,432.72,2163.6
ITEM000028,ORD01888,PROD111,2,364.52,729.04
ITEM000029,ORD02556,PROD149,5,707.27,3536.35
ITEM000030,ORD01590,PROD106,4,621.02,2484.08
ITEM000031,ORD03089,PROD006,3,155.45,466.35
ITEM000032,ORD04996,PROD020,1,510.65,510.65
ITEM000033,ORD01741,PROD088,1,373.15,373.15
ITEM000034,ORD01389,PROD149,6,205.29,1231.74
ITEM000035,ORD00774,PROD005,2,433.7,867.4
ITEM000036,ORD01573,PROD011,0,326.81,326.81
ITEM000037,ORD03011,PROD077,4,788.2,3152.8
ITEM000038,ORD00499,PROD100,5,75.83,379.15
ITEM000039,ORD00253,PROD9999,3,561.61,1684.83
ITEM000040,ORD04267,PROD9999,6,626.59,3759.54
ITEM000041,ORD02247,PROD062,4,50.73,202.92
ITEM000042,ORD01522,PROD028,1,732.52,732.52
ITEM000043,ORD01066,PROD122,5,601.56,3007.8
ITEM000044,ORD00387,PROD018,2,334.46,668.92
ITEM000045,ORD02597,PROD146,2,63.55,127.1
ITEM000046,ORD04702,PROD053,4,68.79,275.16
ITEM000047,ORD00611,PROD134,1,130.56,130.56
ITEM000048,ORD01776,PROD107,1,518.05,518.05
ITEM000049,ORD02982,PROD051,6,250.06,1500.36
ITEM000050,ORD00482,PROD9999,5,360.54,1802.7
ITEM000051,ORD02743,PROD008,3,215.33,645.99
ITEM000052,ORD03540,PROD079,6,791.49,4748.94
ITEM000053,ORD04601,PROD139,1,698.11,698.11
ITEM000054,ORD00354,PROD071,5,712.6,3563.0
ITEM000055,ORD00797,PROD146,6,207.74,1246.44
ITEM000056,ORD02728,PROD116,6,765.06,4590.36
ITEM000057,ORD04635,PROD051,0,123.61,618.05
ITEM000058,ORD04745,PROD102,4,423.21,1692.84
ITEM000059,ORD02952,PROD130,3,557.34,1672.02
ITEM000060,ORD00351,PROD049,5,245.32,1226.6
ITEM000061,ORD04218,PROD136,5,790.32,3951.6
ITEM000062,ORD04423,PROD084,4,435.44,1741.76
ITEM000063,ORD04460,PROD123,1,210.77,210.77
ITEM000064,ORD01257,PROD142,5,357.14,1785.7
ITEM000065,ORD02907,PROD016,4,239.01,956.04
ITEM000066,ORD01548,PROD006,6,494.39,2966.34
ITEM000067,ORD02243,PROD9999,1,607.72,607.72
ITEM000068,ORD03165,PROD009,1,77.9,77.9
ITEM000069,ORD02494,PROD028,6,687.75,4126.5
ITEM000070,ORD01576,PROD130,1,56.29,56.29
ITEM000071,ORD02666,PROD084,2,574.79,1149.58
ITEM000072,ORD02959,PROD070,3,125.85,377.55
ITEM000073,ORD04621,PROD016,1,733.56,733.56
ITEM000074,ORD01059,PROD038,5,241.81,1209.05
ITEM000075,ORD00907,PROD079,5,777.14,3885.7
ITEM000076,ORD00310,PROD088,2,748.57,1497.14
ITEM000077,ORD01012,PROD106,6,472.68,2836.08
ITEM000078,ORD00495,PROD9999,1,173.52,173.52
ITEM000079,ORD00188,PROD117,5,669.19,3345.95
ITEM000080,ORD03197,PROD063,2,216.05,432.1
ITEM000081,ORD01575,PROD079,1,270.07,270.07
ITEM000082,ORD01392,PROD130,1,612.48,612.48
ITEM000083,ORD00457,PROD052,5,555.45,2777.25
ITEM000084,ORD00112,PROD095,1,511.07,511.07
ITEM000085,ORD02215,PROD018,4,457.55,1830.2
ITEM000086,ORD03651,PROD022,1,575.11,575.11
ITEM000087,ORD01002,PROD096,5,109.68,548.4
ITEM000088,ORD03773,PROD147,5,610.79,3053.95
ITEM000089,ORD02782,PROD142,3,494.72,1484.16
ITEM000090,ORD01372,PROD066,2,520.19,1040.38
ITEM000091,ORD01625,PROD079,2,248.37,496.74
ITEM000092,ORD01406,PROD016,6,171.58,1029.48
ITEM000093,ORD03760,PROD099,3,631.2,1893.6
ITEM000094,ORD02153,PROD080,6,301.7,1810.2
ITEM000095,ORD02001,PROD093,4,152.89,611.56
ITEM000096,ORD00496,PROD072,1,214.7,214.7
ITEM000097,ORD00540,PROD078,3,188.69,566.07
ITEM000098,ORD03917,PROD008,3,301.86,905.58
ITEM000099,ORD01091,PROD122,1,756.82,756.82
ITEM000100,ORD02505,PROD103,5,751.27,3756.35
ITEM000101,ORD04245,PROD048,3,352.13,1056.39
ITEM000102,ORD02505,PROD055,3,61.56,184.68
ITEM000103,ORD02376,PROD098,4,175.92,703.68
ITEM000104,ORD01784,PROD130,1,759.18,759.18
ITEM000105,ORD02316,PROD013,6,761.61,4569.66
ITEM000106,ORD00373,PROD037,4,660.92,2643.68
ITEM000107,ORD01167,PROD095,5,593.73,2968.65
ITEM000108,ORD01133,PROD142,1,656.15,656.15
ITEM000109,ORD00610,PROD104,6,696.94,4181.64
ITEM000110,ORD02519,PROD106,5,414.92,2074.6
ITEM000111,ORD04318,PROD149,3,723.14,2169.42
ITEM000112,ORD04048,PROD117,2,229.91,459.82
ITEM000113,ORD00963,PROD095,5,350.49,1752.45
ITEM000114,ORD01723,PROD046,6,680.39,4082.34
ITEM000115,ORD02340,PROD149,2,384.48,768.96
ITEM000116,ORD04518,PROD007,5,552.54,2762.7
ITEM000117,ORD00537,PROD128,5,243.63,1218.15
ITEM000118,ORD01280,PROD067,5,501.79,2508.95
ITEM000119,ORD01893,PROD053,4,342.3,1369.2
ITEM000120,ORD04414,PROD118,1,139.65,139.65
ITEM000121,ORD04310,PROD126,6,380.4,2282.4
ITEM000122,ORD03799,PROD107,4,779.29,3117.16
ITEM000123,ORD01028,PROD061,6,790.75,4744.5
ITEM000124,ORD04232,PROD134,1,288.24,288.24
ITEM000125,ORD00991,PROD086,3,520.9,1562.7
ITEM000126,ORD03590,PROD008,6,395.21,2371.26
ITEM000127,ORD03621,PROD080,6,529.92,3179.52
ITEM000128,ORD00162,PROD051,1,632.17,632.17
ITEM000129,ORD01410,PROD045,1,528.74,528.74
ITEM000130,ORD03129,PROD033,3,89.2,267.6
ITEM000131,ORD01332,PROD027,4,401.86,1607.44
ITEM000132,ORD02628,PROD104,3,734.4,2203.2
ITEM000133,ORD01770,PROD040,5,608.31,3041.55
ITEM000134,ORD01042,PROD019,1,363.79,363.79
ITEM000135,ORD03749,PROD088,2,585.55,1171.1
ITEM000136,ORD00876,PROD132,4,364.53,1458.12
ITEM000137,ORD01900,PROD096,1,91.21,91.21
ITEM000138,ORD00961,PROD088,4,590.5,2362.0
ITEM000139,ORD01470,PROD001,4,596.22,2384.88
ITEM000140,ORD03181,PROD030,6,590.61,3543.66
ITEM000141,ORD04259,PROD090,2,213.07,426.14
ITEM000142,ORD00592,PROD007,1,646.07,646.07
ITEM000143,ORD04668,PROD104,6,75.57,453.42
ITEM000144,ORD01178,PROD048,1,677.38,677.38
ITEM000145,ORD03820,PROD097,4,492.68,1970.72
ITEM000146,ORD00225,PROD111,3,225.77,677.31
ITEM000147,ORD01736,PROD046,2,74.6,149.2
ITEM000148,ORD01778,PROD012,4,393.06,1572.24
ITEM000149,ORD02080,PROD086,5,474.81,2374.05
ITEM000150,ORD02401,PROD102,1,111.53,111.53
ITEM000151,ORD03860,PROD136,4,766.56,3066.24
ITEM000152,ORD04227,PROD027,1,654.91,654.91
ITEM000153,ORD04756,PROD054,5,216.89,1084.45
ITEM000154,ORD01724,PROD086,1,252.32,252.32
ITEM000155,ORD03257,PROD048,3,258.99,776.97
ITEM000156,ORD02051,PROD072,1,744.7,744.7
ITEM000157,ORD03245,PROD094,3,523.25,1569.75
ITEM000158,ORD01609,PROD147,4,91.77,367.08
ITEM000159,ORD03121,PROD099,5,671.95,3359.75
ITEM000160,ORD03114,PROD039,5,692.98,3464.9
ITEM000161,ORD03005,PROD022,5,611.17,3055.85
ITEM000162,ORD04009,PROD009,2,513.46,1026.92
ITEM000163,ORD00270,PROD053,3,360.17,1080.51
ITEM000164,ORD03696,PROD071,4,550.66,2202.64
ITEM000165,ORD03255,PROD9999,5,620.02,3100.1
ITEM000166,ORD00697,PROD009,4,290.17,1160.68
ITEM000167,ORD01525,PROD125,5,103.46,517.3
ITEM000168,ORD04168,PROD047,3,502.09,1506.27
ITEM000169,ORD04766,PROD075,2,622.07,1244.14
ITEM000170,ORD01164,PROD064,5,242.94,1214.7
ITEM000171,ORD03920,PROD100,1,417.47,417.47
ITEM000172,ORD01310,PROD094,5,723.6,3618.0
ITEM000173,ORD01930,PROD004,4,488.98,1955.92
ITEM000174,ORD02316,PROD052,6,660.23,3961.38
ITEM000175,ORD03215,PROD029,3,674.9,2024.7
ITEM000176,ORD03397,PROD098,6,438.25,2629.5
ITEM000177,ORD04824,PROD086,2,88.14,176.28
ITEM000178,ORD03970,PROD004,5,201.28,1006.4
ITEM000179,ORD02302,PROD002,5,166.54,832.7
ITEM000180,ORD03708,PROD068,2,561.66,1123.32
ITEM000181,ORD03683,PROD128,5,220.75,1103.75
ITEM000182,ORD03340,PROD129,5,258.74,1293.7
ITEM000183,ORD04086,PROD033,5,234.78,1173.9
ITEM000184,ORD03238,PROD131,2,155.98,311.96
ITEM000185,ORD01425,PROD132,1,636.49,636.49
ITEM000186,ORD04116,PROD107,1,548.6,548.6
ITEM000187,ORD00253,PROD144,6,96.8,580.8
ITEM000188,ORD03228,PROD113,2,796.46,1592.92
ITEM000189,ORD01041,PROD093,5,244.24,1221.2
ITEM000190,ORD01097,PROD124,2,189.03,378.06
ITEM000191,ORD02854,PROD082,1,632.86,632.86
ITEM000192,ORD01537,PROD048,5,749.26,3746.3
ITEM000193,ORD00700,PROD102,3,661.11,1983.33
ITEM000194,ORD03458,PROD9999,4,180.12,720.48
ITEM000195,ORD02663,PROD058,2,485.8,971.6
ITEM000196,ORD02794,PROD083,2,531.06,1062.12
ITEM000197,ORD03924,PROD024,5,114.29,571.45
ITEM000198,ORD00032,PROD050,6,480.01,2880.06
ITEM000199,ORD02156,PROD085,3,695.28,2085.84
ITEM000200,ORD03545,PROD131,3,797.67,2393.01
ITEM000201,ORD03753,PROD108,6,705.51,4233.06
ITEM000202,ORD04756,PROD098,4,488.98,1955.92
ITEM000203,ORD01130,PROD071,3,479.08,1437.24
ITEM000204,ORD00854,PROD061,4,549.97,2199.88
ITEM000205,ORD02064,PROD076,5,127.69,638.45
ITEM000206,ORD00981,PROD121,3,581.15,1743.45
ITEM000207,ORD00810,PROD078,2,775.3,1550.6
ITEM000208,ORD04837,PROD050,5,119.48,597.4
ITEM000209,ORD04722,PROD060,3,382.82,1148.46
ITEM000210,ORD00257,PROD094,5,227.31,1136.55
ITEM000211,ORD999999,PROD061,2,405.47,810.94
ITEM000212,ORD02643,PROD056,3,537.64,1612.92
ITEM000213,ORD02415,PROD017,6,379.62,2277.72
ITEM000214,ORD00529,PROD098,2,747.32,1494.64
ITEM000215,ORD03656,PROD092,3,699.01,2097.03
ITEM000216,ORD04145,PROD043,3,277.02,831.06
ITEM000217,ORD04682,PROD038,1,348.54,348.54
ITEM000218,ORD04849,PROD066,3,629.37,1888.11
ITEM000219,ORD04197,PROD089,4,138.87,555.48
ITEM000220,ORD00820,PROD132,1,370.42,370.42
ITEM000221,ORD04890,PROD028,3,291.68,875.04
ITEM000222,ORD01641,PROD133,4,133.23,532.92
ITEM000223,ORD02383,PROD021,4,125.35,501.4
ITEM000224,ORD01975,PROD006,4,614.26,2457.04
ITEM000225,ORD03134,PROD033,4,575.6,2302.4
ITEM000226,ORD03071,PROD020,2,131.01,262.02
ITEM000227,ORD04873,PROD001,6,565.6,3393.6
ITEM000228,ORD04867,PROD037,1,254.64,254.64
ITEM000229,ORD01601,PROD028,6,332.76,1996.56
ITEM000230,ORD03705,PROD143,4,567.69,2270.76
ITEM000231,ORD00959,PROD037,6,322.72,1936.32
ITEM000232,ORD02744,PROD001,3,343.32,1029.96
ITEM000233,ORD01917,PROD070,1,220.02,220.02
ITEM000234,ORD03102,PROD073,3,380.01,1140.03
ITEM000235,ORD04767,PROD067,2,316.84,633.68
ITEM000236,ORD02889,PROD105,6,598.43,3590.58
ITEM000237,ORD02639,PROD134,2,192.37,384.74
ITEM000238,ORD03503,PROD056,3,202.0,606.0
ITEM000239,ORD02989,PROD028,5,397.43,1987.15
ITEM000240,ORD04197,PROD101,6,650.63,3903.78
ITEM000241,ORD02210,PROD105,2,365.7,731.4
ITEM000242,ORD00630,PROD030,4,328.19,1312.76
ITEM000243,ORD04891,PROD089,2,504.12,1008.24
ITEM000244,ORD03482,PROD134,5,302.66,1513.3
ITEM000245,ORD02160,PROD061,1,505.05,505.05
ITEM000246,ORD04265,PROD071,1,385.01,385.01
ITEM000247,ORD02452,PROD022,3,722.82,2168.46
ITEM000248,ORD00584,PROD080,6,704.89,4229.34
ITEM000249,ORD03790,PROD038,3,732.33,2196.99
ITEM000250,ORD04052,PROD080,1,761.36,761.36
ITEM000251,ORD03973,PROD120,1,200.79,200.79
ITEM000252,ORD03116,PROD060,1,773.54,773.54
ITEM000253,ORD03618,PROD126,3,107.69,323.07
ITEM000254,ORD03238,PROD091,1,516.09,516.09
ITEM000255,ORD01872,PROD105,1,321.91,321.91
ITEM000256,ORD00513,PROD132,2,472.69,945.38
ITEM000257,ORD02603,PROD054,5,71.28,356.4
ITEM000258,ORD00367,PROD024,3,380.9,1142.7
ITEM000259,ORD03652,PROD147,1,581.22,581.22
ITEM000260,ORD01972,PROD049,6,513.52,3081.12
ITEM000261,ORD04052,PROD075,3,332.56,997.68
ITEM000262,ORD03131,PROD054,2,632.63,1265.26
ITEM000263,ORD02520,PROD107,3,99.66,298.98
ITEM000264,ORD02384,PROD014,5,153.41,767.05
ITEM000265,ORD03459,PROD104,6,628.22,3769.32
ITEM000266,ORD02155,PROD011,2,324.61,649.22
ITEM000267,ORD02382,PROD031,4,562.14,2248.56
ITEM000268,ORD01593,PROD060,6,522.86,3137.16
ITEM000269,ORD03719,PROD039,1,519.17,519.17
ITEM000270,ORD03137,PROD112,6,191.26,1147.56
ITEM000271,ORD04327,PROD119,6,549.35,3296.1
ITEM000272,ORD00224,PROD016,2,744.08,1488.16
ITEM000273,ORD01975,PROD148,0,409.74,2458.44
ITEM000274,ORD02916,PROD082,2,636.75,1273.5
ITEM000275,ORD00523,PROD049,3,268.99,806.97
ITEM000276,ORD04288,PROD145,6,344.11,2064.66
ITEM000277,ORD999999,PROD129,6,246.82,1480.92
ITEM000278,ORD00577,PROD089,5,106.48,532.4
ITEM000279,ORD04928,PROD049,5,556.16,2780.8
ITEM000280,ORD03083,PROD088,2,482.24,964.48
ITEM000281,ORD00735,PROD124,2,215.13,430.26
ITEM000282,ORD03146,PROD082,2,761.03,1522.06
ITEM000283,ORD01459,PROD148,4,343.41,1373.64
ITEM000284,ORD01929,PROD093,5,308.82,1544.1
ITEM000285,ORD00602,PROD9999,1,786.5,786.5
ITEM000286,ORD02984,PROD078,3,462.93,1388.79
ITEM000287,ORD00033,PROD015,3,128.64,385.92
ITEM000288,ORD03820,PROD9999,2,558.89,1117.78
ITEM000289,ORD03704,PROD014,2,308.3,616.6
ITEM000290,ORD04891,PROD136,2,480.63,961.26
ITEM000291,ORD01442,PROD9999,3,129.37,388.11
ITEM000292,ORD01076,PROD018,1,790.45,790.45
ITEM000293,ORD03719,PROD088,4,295.05,1180.2
ITEM000294,ORD01276,PROD119,1,532.7,532.7
ITEM000295,ORD01734,PROD006,2,168.77,337.54
ITEM000296,ORD03580,PROD045,1,729.58,729.58
ITEM000297,ORD00809,PROD055,3,323.32,969.96
ITEM000298,ORD01451,PROD095,4,752.55,3010.2
ITEM000299,ORD01402,PROD084,5,74.66,373.3
ITEM000300,ORD02433,PROD077,4,323.36,1293.44
ITEM000301,ORD01606,PROD143,6,784.31,4705.86
ITEM000302,ORD02393,PROD091,5,371.31,1856.55
ITEM000303,ORD03422,PROD083,6,422.5,2535.0
ITEM000304,ORD04594,PROD094,1,347.23,347.23
ITEM000305,ORD03388,PROD087,1,124.58,124.58
ITEM000306,ORD999999,PROD085,0,427.31,1709.24
ITEM000307,ORD03480,PROD128,5,317.83,1589.15
ITEM000308,ORD02453,PROD105,1,569.47,569.47
ITEM000309,ORD01504,PROD009,6,271.81,1630.86
ITEM000310,ORD02706,PROD9999,6,529.41,3176.46
ITEM000311,ORD01479,PROD029,2,624.46,1248.92
ITEM000312,ORD01430,PROD073,3,574.95,1724.85
ITEM000313,ORD01102,PROD097,2,293.14,586.28
ITEM000314,ORD02406,PROD068,5,689.75,3448.75
ITEM000315,ORD00800,PROD085,3,327.28,981.84
ITEM000316,ORD04475,PROD059,3,425.17,1275.51
ITEM000317,ORD04940,PROD018,4,492.79,1971.16
ITEM000318,ORD04916,PROD037,2,462.59,925.18
ITEM000319,ORD00649,PROD002,5,569.75,2848.75
ITEM000320,ORD02474,PROD118,2,624.61,1249.22
ITEM000321,ORD04975,PROD054,4,687.96,2751.84
ITEM000322,ORD00789,PROD014,3,552.09,1656.27
ITEM000323,ORD02640,PROD100,6,687.2,4123.2
ITEM000324,ORD02206,PROD093,5,418.06,2090.3
ITEM000325,ORD02383,PROD070,2,116.76,233.52
ITEM000326,ORD04170,PROD023,5,190.23,951.15
ITEM000327,ORD02626,PROD010,4,460.39,1841.56
ITEM000328,ORD03058,PROD086,1,504.66,504.66
ITEM000329,ORD03668,PROD001,4,671.3,2685.2
ITEM000330,ORD00243,PROD103,1,731.14,731.14
ITEM000331,ORD01731,PROD026,2,662.86,1325.72
ITEM000332,ORD01680,PROD081,3,490.98,1472.94
ITEM000333,ORD03969,PROD016,6,356.92,2141.52
ITEM000334,ORD01118,PROD029,3,341.5,1024.5
ITEM000335,ORD04900,PROD006,5,533.75,2668.75
ITEM000336,ORD00089,PROD058,3,660.69,1982.07
ITEM000337,ORD02121,PROD099,5,132.26,661.3
ITEM000338,ORD02138,PROD050,5,309.57,1547.85
ITEM000339,ORD01676,PROD146,5,571.24,2856.2
ITEM000340,ORD01989,PROD122,6,446.56,2679.36
ITEM000341,ORD04226,PROD023,1,590.64,590.64
ITEM000342,ORD02669,PROD041,2,201.53,403.06
ITEM000343,ORD00668,PROD114,1,551.87,551.87
ITEM000344,ORD01185,PROD125,5,362.19,1810.95
ITEM000345,ORD00336,PROD018,2,556.3,1112.6
ITEM000346,ORD04158,PROD047,1,278.93,278.93
ITEM000347,ORD01960,PROD029,5,418.11,2090.55
ITEM000348,ORD00804,PROD066,5,314.94,1574.7
ITEM000349,ORD02384,PROD088,5,493.4,2467.0
ITEM000350,ORD01527,PROD043,2,256.25,512.5
ITEM000351,ORD01020,PROD058,6,638.95,3833.7
ITEM000352,ORD02260,PROD009,2,790.22,1580.44
ITEM000353,ORD03875,PROD086,6,655.14,3930.84
ITEM000354,ORD02015,PROD134,1,224.48,224.48
ITEM000355,ORD00385,PROD086,2,509.9,1019.8
ITEM000356,ORD03428,PROD074,4,181.76,727.04
ITEM000357,ORD00072,PROD107,2,82.67,165.34
ITEM000358,ORD01088,PROD118,6,333.12,1998.72
ITEM000359,ORD02768,PROD055,4,164.27,657.08
ITEM000360,ORD02009,PROD086,1,524.74,524.74
ITEM000361,ORD02100,PROD097,5,739.3,3696.5
ITEM000362,ORD04752,PROD034,5,111.96,559.8
ITEM000363,ORD04797,PROD066,3,253.68,761.04
ITEM000364,ORD04865,PROD091,3,399.65,1198.95
ITEM000365,ORD00452,PROD065,3,793.72,2381.16
ITEM000366,ORD02956,PROD146,3,490.1,1470.3
ITEM000367,ORD02668,PROD073,3,243.95,731.85
ITEM000368,ORD03974,PROD018,3,604.43,1813.29
ITEM000369,ORD04192,PROD137,6,647.91,3887.46
ITEM000370,ORD00141,PROD059,1,237.5,237.5
ITEM000371,ORD04572,PROD020,2,754.35,1508.7
ITEM000372,ORD04992,PROD128,3,245.47,736.41
ITEM000373,ORD03973,PROD034,6,632.9,3797.4
ITEM000374,ORD02966,PROD039,2,243.04,486.08
ITEM000375,ORD00013,PROD135,6,207.92,1247.52
ITEM000376,ORD03890,PROD059,4,735.32,2941.28
ITEM000377,ORD00564,PROD089,2,667.32,1334.64
ITEM000378,ORD03520,PROD061,5,737.78,3688.9
ITEM000379,ORD04551,PROD117,2,219.59,439.18
ITEM000380,ORD00006,PROD136,2,775.75,1551.5
ITEM000381,ORD04474,PROD046,4,758.14,3032.56
ITEM000382,ORD04945,PROD095,1,595.45,595.45
ITEM000383,ORD04157,PROD149,5,779.93,3899.65
ITEM000384,ORD00817,PROD070,2,471.02,942.04
ITEM000385,ORD04590,PROD035,6,51.55,309.3
ITEM000386,ORD04819,PROD082,3,191.06,573.18
ITEM000387,ORD04619,PROD026,5,383.61,1918.05
ITEM000388,ORD04630,PROD056,2,268.28,536.56
ITEM000389,ORD00262,PROD021,6,605.35,3632.1
ITEM000390,ORD03082,PROD035,0,535.96,1607.88
ITEM000391,ORD04080,PROD044,3,240.87,722.61
ITEM000392,ORD00233,PROD031,2,112.67,225.34
ITEM000393,ORD04422,PROD111,5,788.5,3942.5
ITEM000394,ORD00914,PROD129,6,184.37,1106.22
ITEM000395,ORD02383,PROD093,2,799.68,1599.36
ITEM000396,ORD00632,PROD139,2,113.95,227.9
ITEM000397,ORD04039,PROD092,1,369.67,369.67
ITEM000398,ORD00874,PROD013,1,329.33,329.33
ITEM000399,ORD01180,PROD100,1,137.85,137.85
ITEM000400,ORD03187,PROD121,3,119.08,357.24
ITEM000401,ORD999999,PROD106,5,311.61,1558.05
ITEM000402,ORD03890,PROD061,5,252.6,1263.0
ITEM000403,ORD00747,PROD140,3,651.45,1954.35
ITEM000404,ORD03182,PROD013,2,130.37,260.74
ITEM000405,ORD01303,PROD050,4,779.1,3116.4
ITEM000406,ORD01142,PROD134,1,607.95,607.95
ITEM000407,ORD00709,PROD098,2,224.36,448.72
ITEM000408,ORD03723,PROD143,6,749.51,4497.06
ITEM000409,ORD01249,PROD084,3,686.64,2059.92
ITEM000410,ORD02283,PROD057,1,374.37,374.37
ITEM000411,ORD04876,PROD014,2,338.66,677.32
ITEM000412,ORD02312,PROD053,4,169.41,677.64
ITEM000413,ORD03702,PROD033,2,357.01,714.02
ITEM000414,ORD04039,PROD113,5,58.9,294.5
ITEM000415,ORD02748,PROD037,3,593.05,1779.15
ITEM000416,ORD04894,PROD067,2,324.67,649.34
ITEM000417,ORD03076,PROD124,1,513.04,513.04
ITEM000418,ORD03262,PROD049,3,687.86,2063.58
ITEM000419,ORD01820,PROD110,1,142.15,142.15
ITEM000420,ORD04638,PROD048,1,121.9,121.9
ITEM000421,ORD02605,PROD047,3,53.62,160.86
ITEM000422,ORD02140,PROD120,5,781.8,3909.0
ITEM000423,ORD04490,PROD132,2,303.8,607.6
ITEM000424,ORD02886,PROD058,4,245.65,982.6
ITEM000425,ORD03057,PROD115,5,473.87,2369.35
ITEM000426,ORD01090,PROD075,2,524.04,1048.08
ITEM000427,ORD02485,PROD136,2,647.95,1295.9
ITEM000428,ORD04794,PROD136,3,96.3,288.9
ITEM000429,ORD04281,PROD111,4,744.81,2979.24
ITEM000430,ORD04191,PROD136,1,457.5,457.5
ITEM000431,ORD04878,PROD028,1,684.59,684.59
ITEM000432,ORD01301,PROD106,4,103.27,413.08
ITEM000433,ORD04862,PROD087,2,212.27,424.54
ITEM000434,ORD00070,PROD095,5,530.47,2652.35
ITEM000435,ORD04584,PROD090,4,91.69,366.76
ITEM000436,ORD04610,PROD097,1,215.94,215.94
ITEM000437,ORD02554,PROD071,1,516.33,516.33
ITEM000438,ORD02368,PROD015,2,370.53,741.06
ITEM000439,ORD03176,PROD057,2,581.87,1163.74
ITEM000440,ORD04845,PROD019,1,392.05,392.05
ITEM000441,ORD02036,PROD125,1,514.33,514.33
ITEM000442,ORD03760,PROD142,4,407.07,1628.28
ITEM000443,ORD00865,PROD147,2,385.57,771.14
ITEM000444,ORD03390,PROD022,1,62.17,62.17
ITEM000445,ORD03626,PROD014,1,495.8,495.8
ITEM000446,ORD01765,PROD102,4,607.75,2431.0
ITEM000447,ORD999999,PROD135,3,639.83,1919.49
ITEM000448,ORD04093,PROD006,1,54.63,54.63
ITEM000449,ORD00957,PROD102,5,671.57,3357.85
ITEM000450,ORD00343,PROD010,1,742.03,742.03
ITEM000451,ORD04474,PROD097,5,196.95,984.75
ITEM000452,ORD00043,PROD119,4,512.0,2048.0
ITEM000453,ORD00325,PROD029,3,510.41,1531.23
ITEM000454,ORD03487,PROD046,5,162.36,811.8
ITEM000455,ORD03123,PROD035,5,752.67,3763.35
ITEM000456,ORD03545,PROD028,1,723.68,723.68
ITEM000457,ORD01278,PROD065,3,640.02,1920.06
ITEM000458,ORD00296,PROD071,6,167.51,1005.06
ITEM000459,ORD01163,PROD068,6,443.66,2661.96
ITEM000460,ORD02829,PROD085,1,787.16,787.16
ITEM000461,ORD02064,PROD036,4,211.45,845.8
ITEM000462,ORD00946,PROD083,3,427.39,1282.17
ITEM000463,ORD01592,PROD040,1,350.46,350.46
ITEM000464,ORD01068,PROD9999,1,633.61,633.61
ITEM000465,ORD03787,PROD133,2,183.42,366.84
ITEM000466,ORD04088,PROD016,1,740.88,740.88
ITEM000467,ORD01888,PROD149,4,363.06,1452.24
ITEM000468,ORD03580,PROD097,1,524.58,524.58
ITEM000469,ORD03557,PROD080,5,498.66,2493.3
ITEM000470,ORD02106,PROD127,1,787.99,787.99
ITEM000471,ORD02685,PROD083,6,426.6,2559.6
ITEM000472,ORD03335,PROD119,6,759.94,4559.64
ITEM000473,ORD03689,PROD051,3,175.48,526.44
ITEM000474,ORD01430,PROD119,2,159.52,319.04
ITEM000475,ORD03838,PROD110,3,242.79,728.37
ITEM000476,ORD01050,PROD079,5,627.83,3139.15
ITEM000477,ORD02502,PROD071,6,93.95,563.7
ITEM000478,ORD00229,PROD026,3,225.26,675.78
ITEM000479,ORD04616,PROD052,5,792.55,3962.75
ITEM000480,ORD01118,PROD079,3,592.43,1777.29
ITEM000481,ORD04217,PROD034,5,499.0,2495.0
ITEM000482,ORD02989,PROD095,3,503.59,1510.77
ITEM000483,ORD01812,PROD141,1,134.78,134.78
ITEM000484,ORD03250,PROD020,3,553.99,1661.97
ITEM000485,ORD999999,PROD023,1,744.02,744.02
ITEM000486,ORD00885,PROD040,2,101.85,203.7
ITEM000487,ORD04496,PROD092,5,396.99,1984.95
ITEM000488,ORD00320,PROD017,4,201.49,805.96
ITEM000489,ORD02985,PROD113,6,504.13,3024.78
ITEM000490,ORD03037,PROD143,1,96.59,96.59
ITEM000491,ORD02416,PROD010,2,394.57,789.14
ITEM000492,ORD03073,PROD145,3,159.53,478.59
ITEM000493,ORD04536,PROD9999,6,444.61,2667.66
ITEM000494,ORD01352,PROD114,4,602.44,2409.76
ITEM000495,ORD02535,PROD016,4,304.78,1219.12
ITEM000496,ORD03898,PROD071,1,249.6,249.6
ITEM000497,ORD02391,PROD057,1,645.59,645.59
ITEM000498,ORD03125,PROD073,2,429.66,859.32
ITEM000499,ORD04148,PROD017,4,422.92,1691.68
ITEM000500,ORD04426,PROD081,3,704.05,2112.15
ITEM000501,ORD03888,PROD143,5,269.61,1348.05
ITEM000502,ORD04164,PROD124,2,538.77,1077.54
ITEM000503,ORD04620,PROD140,2,190.35,380.7
ITEM000504,ORD02418,PROD072,0,141.59,283.18
ITEM000505,ORD04846,PROD031,1,620.8,620.8
ITEM000506,ORD02636,PROD096,2,474.4,948.8
ITEM000507,ORD02838,PROD140,4,338.25,1353.0
ITEM000508,ORD04871,PROD056,2,474.89,949.78
ITEM000509,ORD00069,PROD033,6,309.81,1858.86
ITEM000510,ORD02742,PROD047,6,326.92,1961.52
ITEM000511,ORD03994,PROD056,1,181.78,181.78
ITEM000512,ORD04349,PROD126,1,142.26,142.26
ITEM000513,ORD00959,PROD090,1,417.9,417.9
ITEM000514,ORD01607,PROD076,5,523.98,2619.9
ITEM000515,ORD03513,PROD080,2,464.9,929.8
ITEM000516,ORD03749,PROD060,3,763.19,2289.57
ITEM000517,ORD04207,PROD022,1,735.49,735.49
ITEM000518,ORD01427,PROD041,6,731.46,4388.76
ITEM000519,ORD02299,PROD052,1,372.85,372.85
ITEM000520,ORD999999,PROD037,5,365.52,1827.6
ITEM000521,ORD03897,PROD040,6,570.98,3425.88
ITEM000522,ORD01821,PROD113,2,85.35,170.7
ITEM000523,ORD02898,PROD099,4,511.97,2047.88
ITEM000524,ORD01053,PROD140,3,774.36,2323.08
ITEM000525,ORD04632,PROD075,1,365.28,365.28
ITEM000526,ORD00814,PROD022,1,289.88,289.88
ITEM000527,ORD02603,PROD008,2,340.13,680.26
ITEM000528,ORD00339,PROD003,6,234.15,1404.9
ITEM000529,ORD01892,PROD032,5,294.0,1470.0
ITEM000530,ORD00729,PROD091,4,119.95,479.8
ITEM000531,ORD03607,PROD062,5,436.67,2183.35
ITEM000532,ORD02384,PROD083,3,280.94,842.82
ITEM000533,ORD03803,PROD087,6,622.48,3734.88
ITEM000534,ORD03842,PROD032,6,716.48,4298.88
ITEM000535,ORD02838,PROD129,2,122.82,245.64
ITEM000536,ORD03006,PROD063,6,375.16,2250.96
ITEM000537,ORD02894,PROD130,4,352.9,1411.6
ITEM000538,ORD01531,PROD087,1,392.36,392.36
ITEM000539,ORD00366,PROD148,6,555.34,3332.04
ITEM000540,ORD01213,PROD013,4,434.67,1738.68
ITEM000541,ORD01714,PROD066,4,253.36,1013.44
ITEM000542,ORD00526,PROD070,1,555.78,555.78
ITEM000543,ORD03572,PROD132,2,288.76,577.52
ITEM000544,ORD00059,PROD9999,1,464.13,464.13
ITEM000545,ORD999999,PROD028,4,524.13,2096.52
ITEM000546,ORD04854,PROD149,6,530.7,3184.2
ITEM000547,ORD04145,PROD057,5,680.76,3403.8
ITEM000548,ORD03915,PROD033,0,359.99,359.99
ITEM000549,ORD00607,PROD093,0,365.74,1462.96
ITEM000550,ORD04260,PROD113,6,681.65,4089.9
ITEM000551,ORD01075,PROD023,3,146.52,439.56
ITEM000552,ORD04181,PROD104,4,302.75,1211.0
ITEM000553,ORD04008,PROD053,1,684.31,684.31
ITEM000554,ORD02373,PROD030,2,294.62,589.24
ITEM000555,ORD04006,PROD110,2,637.56,1275.12
ITEM000556,ORD04030,PROD095,1,119.62,119.62
ITEM000557,ORD03583,PROD109,6,630.49,3782.94
ITEM000558,ORD00899,PROD121,1,625.45,625.45
ITEM000559,ORD03387,PROD024,6,790.18,4741.08
ITEM000560,ORD02735,PROD052,3,351.69,1055.07
ITEM000561,ORD04856,PROD130,4,294.32,1177.28
ITEM000562,ORD03506,PROD078,6,239.71,1438.26
ITEM000563,ORD04002,PROD143,6,182.67,1096.02
ITEM000564,ORD02671,PROD126,4,259.62,1038.48
ITEM000565,ORD00476,PROD017,3,99.72,299.16
ITEM000566,ORD03060,PROD107,3,569.98,1709.94
ITEM000567,ORD01796,PROD069,3,409.49,1228.47
ITEM000568,ORD00711,PROD062,6,651.23,3907.38
ITEM000569,ORD02040,PROD023,1,367.95,367.95
ITEM000570,ORD01109,PROD115,4,679.16,2716.64
ITEM000571,ORD00350,PROD128,6,86.94,521.64
ITEM000572,ORD01754,PROD113,6,415.24,2491.44
ITEM000573,ORD00275,PROD144,3,202.23,606.69
ITEM000574,ORD00918,PROD015,1,213.38,213.38
ITEM000575,ORD02012,PROD131,2,408.02,816.04
ITEM000576,ORD03979,PROD035,1,208.37,208.37
ITEM000577,ORD03233,PROD112,6,319.73,1918.38
ITEM000578,ORD02186,PROD131,4,587.11,2348.44
ITEM000579,ORD04499,PROD078,3,690.16,2070.48
ITEM000580,ORD02913,PROD149,4,113.98,455.92
ITEM000581,ORD03753,PROD076,4,100.28,401.12
ITEM000582,ORD03077,PROD046,2,528.96,1057.92
ITEM000583,ORD00170,PROD053,2,621.44,1242.88
ITEM000584,ORD03216,PROD109,5,778.37,3891.85
ITEM000585,ORD02472,PROD006,2,190.46,380.92
ITEM000586,ORD00496,PROD013,3,736.9,2210.7
ITEM000587,ORD01380,PROD114,4,330.44,1321.76
ITEM000588,ORD01770,PROD145,3,500.14,1500.42
ITEM000589,ORD04668,PROD019,1,454.96,454.96
ITEM000590,ORD04647,PROD123,1,275.77,275.77
ITEM000591,ORD03475,PROD102,1,157.61,157.61
ITEM000592,ORD04022,PROD030,6,755.03,4530.18
ITEM000593,ORD02629,PROD018,3,590.94,1772.82
ITEM000594,ORD01617,PROD132,6,193.38,1160.28
ITEM000595,ORD04722,PROD093,2,784.9,1569.8
ITEM000596,ORD00414,PROD085,5,741.97,3709.85
ITEM000597,ORD00242,PROD072,1,782.79,782.79
ITEM000598,ORD02061,PROD063,4,592.13,2368.52
ITEM000599,ORD01222,PROD075,6,379.87,2279.22
ITEM000600,ORD03952,PROD101,2,683.78,1367.56
ITEM000601,ORD03843,PROD076,6,155.83,934.98
ITEM000602,ORD00808,PROD027,4,151.84,607.36
ITEM000603,ORD01093,PROD088,1,727.19,727.19
ITEM000604,ORD04017,PROD108,2,110.13,220.26
ITEM000605,ORD02249,PROD021,5,725.25,3626.25
ITEM000606,ORD02614,PROD102,4,178.77,715.08
ITEM000607,ORD00423,PROD082,6,448.47,2690.82
ITEM000608,ORD03571,PROD055,4,433.64,1734.56
ITEM000609,ORD00791,PROD119,1,183.45,183.45
ITEM000610,ORD01598,PROD023,4,334.76,1339.04
ITEM000611,ORD999999,PROD126,6,58.48,350.88
ITEM000612,ORD04731,PROD042,6,257.49,1544.94
ITEM000613,ORD02378,PROD001,6,777.02,4662.12
ITEM000614,ORD04102,PROD011,4,790.7,3162.8
ITEM000615,ORD02790,PROD079,6,497.6,2985.6
ITEM000616,ORD03397,PROD078,5,538.35,2691.75
ITEM000617,ORD01585,PROD002,2,591.27,1182.54
ITEM000618,ORD03299,PROD007,6,563.79,3382.74
ITEM000619,ORD04024,PROD074,3,413.08,1239.24
ITEM000620,ORD02657,PROD149,2,245.5,491.0
ITEM000621,ORD00148,PROD029,2,146.72,293.44
ITEM000622,ORD03037,PROD9999,1,153.59,153.59
ITEM000623,ORD01955,PROD096,6,620.28,3721.68
ITEM000624,ORD02583,PROD114,2,123.53,247.06
ITEM000625,ORD03473,PROD038,6,239.93,1439.58
ITEM000626,ORD999999,PROD039,6,775.09,4650.54
ITEM000627,ORD00499,PROD066,3,444.21,1332.63
ITEM000628,ORD03511,PROD118,6,490.65,2943.9
ITEM000629,ORD03919,PROD058,5,624.35,3121.75
ITEM000630,ORD01605,PROD110,5,434.28,2171.4
ITEM000631,ORD04277,PROD136,2,309.12,618.24
ITEM000632,ORD04566,PROD112,5,126.87,634.35
ITEM000633,ORD01164,PROD010,4,656.2,2624.8
ITEM000634,ORD01931,PROD126,2,599.57,1199.14
ITEM000635,ORD04945,PROD097,5,241.74,1208.7
ITEM000636,ORD01614,PROD075,2,495.69,991.38
ITEM000637,ORD02875,PROD102,4,165.48,661.92
ITEM000638,ORD03555,PROD023,1,387.14,387.14
ITEM000639,ORD03640,PROD138,4,771.37,3085.48
ITEM000640,ORD04930,PROD137,1,787.47,787.47
ITEM000641,ORD03587,PROD111,5,762.22,3811.1
ITEM000642,ORD01780,PROD056,6,414.43,2486.58
ITEM000643,ORD02100,PROD031,1,581.89,581.89
ITEM000644,ORD04556,PROD128,2,342.15,684.3
ITEM000645,ORD04962,PROD138,4,615.72,2462.88
ITEM000646,ORD02467,PROD061,3,778.81,2336.43
ITEM000647,ORD01671,PROD090,4,624.11,2496.44
ITEM000648,ORD04288,PROD003,4,154.9,619.6
ITEM000649,ORD01857,PROD091,5,631.08,3155.4
ITEM000650,ORD04824,PROD110,4,724.53,2898.12
ITEM000651,ORD02194,PROD081,6,62.31,373.86
ITEM000652,ORD00236,PROD120,6,217.62,1305.72
ITEM000653,ORD02239,PROD074,3,226.14,678.42
ITEM000654,ORD04632,PROD016,4,424.6,1698.4
ITEM000655,ORD03643,PROD039,2,156.04,312.08
ITEM000656,ORD03104,PROD022,3,750.74,2252.22
ITEM000657,ORD01211,PROD035,4,631.37,2525.48
ITEM000658,ORD03902,PROD121,6,377.67,2266.02
ITEM000659,ORD00318,PROD028,3,318.76,956.28
ITEM000660,ORD04869,PROD030,4,436.79,1747.16
ITEM000661,ORD00308,PROD002,1,68.97,68.97
ITEM000662,ORD00663,PROD094,5,713.47,3567.35
ITEM000663,ORD04796,PROD041,2,699.97,1399.94
ITEM000664,ORD03573,PROD055,2,145.38,290.76
ITEM000665,ORD02533,PROD022,2,516.43,1032.86
ITEM000666,ORD00700,PROD103,5,499.77,2498.85
ITEM000667,ORD04519,PROD112,5,295.36,1476.8
ITEM000668,ORD02861,PROD112,5,327.0,1635.0
ITEM000669,ORD01710,PROD029,6,638.95,3833.7
ITEM000670,ORD03971,PROD129,6,134.81,808.86
ITEM000671,ORD00204,PROD148,5,221.9,1109.5
ITEM000672,ORD02573,PROD113,5,487.25,2436.25
ITEM000673,ORD03249,PROD148,2,55.58,111.16
ITEM000674,ORD00463,PROD020,5,319.38,1596.9
ITEM000675,ORD04585,PROD028,5,121.96,609.8
ITEM000676,ORD04476,PROD136,5,365.78,1828.9
ITEM000677,ORD00557,PROD070,3,771.0,2313.0
ITEM000678,ORD03506,PROD079,4,102.04,408.16
ITEM000679,ORD00422,PROD096,3,432.76,1298.28
ITEM000680,ORD02755,PROD040,2,70.59,141.18
ITEM000681,ORD03044,PROD002,5,536.54,2682.7
ITEM000682,ORD00886,PROD025,2,680.04,1360.08
ITEM000683,ORD01812,PROD014,4,346.05,1384.2
ITEM000684,ORD00453,PROD093,1,788.38,788.38
ITEM000685,ORD02956,PROD118,4,297.37,1189.48
ITEM000686,ORD03902,PROD064,5,122.16,610.8
ITEM000687,ORD01850,PROD146,5,81.25,406.25
ITEM000688,ORD00678,PROD146,6,745.96,4475.76
ITEM000689,ORD04854,PROD036,4,366.94,1467.76
ITEM000690,ORD02528,PROD059,2,110.49,220.98
ITEM000691,ORD00403,PROD107,6,150.24,901.44
ITEM000692,ORD04524,PROD057,2,55.58,111.16
ITEM000693,ORD00801,PROD095,2,237.42,474.84
ITEM000694,ORD00108,PROD099,2,650.15,1300.3
ITEM000695,ORD03629,PROD040,3,362.63,1087.89
ITEM000696,ORD04526,PROD137,1,610.94,610.94
ITEM000697,ORD00334,PROD093,5,481.83,2409.15
ITEM000698,ORD01764,PROD084,4,674.13,2696.52
ITEM000699,ORD00759,PROD070,2,563.45,1126.9
ITEM000700,ORD02729,PROD028,5,526.78,2633.9
ITEM000701,ORD02243,PROD028,3,709.93,2129.79
ITEM000702,ORD00938,PROD030,3,253.32,759.96
ITEM000703,ORD04866,PROD029,0,119.9,479.6
ITEM000704,ORD02978,PROD037,4,343.17,1372.68
ITEM000705,ORD02570,PROD061,6,563.74,3382.44
ITEM000706,ORD04066,PROD093,5,515.54,2577.7
ITEM000707,ORD01382,PROD071,3,742.06,2226.18
ITEM000708,ORD04597,PROD110,2,188.41,376.82
ITEM000709,ORD02538,PROD028,5,536.1,2680.5
ITEM000710,ORD01313,PROD060,4,213.44,853.76
ITEM000711,ORD03065,PROD052,1,543.7,543.7
ITEM000712,ORD01614,PROD030,1,759.68,759.68
ITEM000713,ORD04152,PROD049,3,280.04,840.12
ITEM000714,ORD01569,PROD045,2,627.36,1254.72
ITEM000715,ORD03954,PROD020,5,574.2,2871.0
ITEM000716,ORD01394,PROD140,3,549.71,1649.13
ITEM000717,ORD02240,PROD031,2,525.94,1051.88
ITEM000718,ORD04060,PROD136,4,280.58,1122.32
ITEM000719,ORD01600,PROD039,5,521.35,2606.75
ITEM000720,ORD03337,PROD125,5,478.8,2394.0
ITEM000721,ORD04152,PROD075,3,162.0,486.0
ITEM000722,ORD04894,PROD086,3,108.45,325.35
ITEM000723,ORD02371,PROD034,5,768.64,3843.2
ITEM000724,ORD00050,PROD110,1,553.13,553.13
ITEM000725,ORD03119,PROD031,3,279.45,838.35
ITEM000726,ORD02864,PROD006,1,664.25,664.25
ITEM000727,ORD03567,PROD028,4,563.66,2254.64
ITEM000728,ORD03884,PROD122,4,721.68,2886.72
ITEM000729,ORD999999,PROD052,3,103.78,311.34
ITEM000730,ORD00048,PROD147,3,411.44,1234.32
ITEM000731,ORD02825,PROD150,3,123.98,371.94
ITEM000732,ORD02943,PROD049,5,414.75,2073.75
ITEM000733,ORD03826,PROD101,4,594.86,2379.44
ITEM000734,ORD04384,PROD134,5,713.68,3568.4
ITEM000735,ORD04338,PROD120,6,177.43,1064.58
ITEM000736,ORD04871,PROD117,1,640.73,640.73
ITEM000737,ORD02055,PROD061,1,547.25,547.25
ITEM000738,ORD999999,PROD032,6,507.66,3045.96
ITEM000739,ORD04205,PROD055,1,71.39,71.39
ITEM000740,ORD01960,PROD036,4,187.51,750.04
ITEM000741,ORD03496,PROD083,1,246.29,246.29
ITEM000742,ORD03161,PROD085,5,86.05,430.25
ITEM000743,ORD02682,PROD043,4,618.22,2472.88
ITEM000744,ORD04831,PROD089,2,771.04,1542.08
ITEM000745,ORD02501,PROD025,2,557.79,1115.58
ITEM000746,ORD03559,PROD108,1,525.09,525.09
ITEM000747,ORD04998,PROD118,2,400.29,800.58
ITEM000748,ORD00735,PROD063,1,737.65,737.65
ITEM000749,ORD00565,PROD023,6,200.09,1200.54
ITEM000750,ORD00405,PROD041,6,320.53,1923.18
ITEM000751,ORD03507,PROD106,2,455.01,910.02
ITEM000752,ORD01371,PROD067,2,320.0,640.0
ITEM000753,ORD01538,PROD082,5,275.46,1377.3
ITEM000754,ORD01370,PROD017,6,411.94,2471.64
ITEM000755,ORD04887,PROD114,4,316.53,1266.12
ITEM000756,ORD04219,PROD132,6,715.49,4292.94
ITEM000757,ORD01654,PROD110,4,355.88,1423.52
ITEM000758,ORD01722,PROD001,1,175.74,175.74
ITEM000759,ORD04226,PROD054,6,632.77,3796.62
ITEM000760,ORD02469,PROD131,2,668.39,1336.78
ITEM000761,ORD02717,PROD117,3,472.92,1418.76
ITEM000762,ORD03482,PROD052,5,569.85,2849.25
ITEM000763,ORD02346,PROD050,3,566.94,1700.82
ITEM000764,ORD00525,PROD126,2,560.21,1120.42
ITEM000765,ORD00175,PROD111,5,592.82,2964.1
ITEM000766,ORD01243,PROD066,4,126.5,506.0
ITEM000767,ORD03402,PROD005,5,84.82,424.1
ITEM000768,ORD01748,PROD042,2,717.62,1435.24
ITEM000769,ORD02771,PROD028,2,122.4,244.8
ITEM000770,ORD01839,PROD040,5,316.32,1581.6
ITEM000771,ORD01037,PROD105,2,520.93,1041.86
ITEM000772,ORD01046,PROD068,3,202.18,606.54
ITEM000773,ORD00298,PROD032,5,344.57,1722.85
ITEM000774,ORD04510,PROD009,1,559.25,559.25
ITEM000775,ORD00823,PROD109,5,273.88,1369.4
ITEM000776,ORD03222,PROD091,3,360.89,1082.67
ITEM000777,ORD03170,PROD145,6,191.21,1147.26
ITEM000778,ORD02796,PROD146,4,235.51,942.04
ITEM000779,ORD02901,PROD087,2,390.55,781.1
ITEM000780,ORD03845,PROD042,6,335.72,2014.32
ITEM000781,ORD02702,PROD006,6,487.46,2924.76
ITEM000782,ORD04376,PROD021,5,593.19,2965.95
ITEM000783,ORD03577,PROD146,4,477.13,1908.52
ITEM000784,ORD04298,PROD146,6,142.5,855.0
ITEM000785,ORD04604,PROD118,3,341.58,1024.74
ITEM000786,ORD00684,PROD003,1,156.51,156.51
ITEM000787,ORD04051,PROD084,5,620.39,3101.95
ITEM000788,ORD03712,PROD053,2,174.37,348.74
ITEM000789,ORD04859,PROD105,4,426.22,1704.88
ITEM000790,ORD03023,PROD069,2,102.2,204.4
ITEM000791,ORD00487,PROD104,3,697.42,2092.26
ITEM000792,ORD02074,PROD053,5,751.16,3755.8
ITEM000793,ORD02378,PROD021,1,304.93,304.93
ITEM000794,ORD00371,PROD015,6,629.4,3776.4
ITEM000795,ORD00340,PROD140,5,622.49,3112.45
ITEM000796,ORD04980,PROD085,5,274.54,1372.7
ITEM000797,ORD00818,PROD071,3,175.3,525.9
ITEM000798,ORD04491,PROD109,2,532.02,1064.04
ITEM000799,ORD04196,PROD012,6,254.4,1526.4
ITEM000800,ORD04791,PROD032,3,608.87,1826.61
ITEM000801,ORD00489,PROD004,6,109.39,656.34
ITEM000802,ORD02235,PROD103,2,637.7,1275.4
ITEM000803,ORD01408,PROD078,4,151.74,606.96
ITEM000804,ORD04710,PROD046,3,305.43,916.29
ITEM000805,ORD00108,PROD033,3,69.63,208.89
ITEM000806,ORD02265,PROD061,5,574.47,2872.35
ITEM000807,ORD03279,PROD087,6,189.31,1135.86
ITEM000808,ORD03544,PROD046,1,476.29,476.29
ITEM000809,ORD01356,PROD099,4,142.2,568.8
ITEM000810,ORD04399,PROD125,1,171.05,171.05
ITEM000811,ORD04809,PROD112,6,235.13,1410.78
ITEM000812,ORD02607,PROD020,4,306.18,1224.72
ITEM000813,ORD00450,PROD090,2,229.43,458.86
ITEM000814,ORD999999,PROD079,6,226.75,1360.5
ITEM000815,ORD04509,PROD095,2,400.39,800.78
ITEM000816,ORD00941,PROD062,2,68.61,137.22
ITEM000817,ORD02758,PROD148,4,253.71,1014.84
ITEM000818,ORD00551,PROD061,1,742.23,742.23
ITEM000819,ORD04122,PROD075,5,612.92,3064.6
ITEM000820,ORD03378,PROD051,1,325.97,325.97
ITEM000821,ORD999999,PROD008,2,531.52,1063.04
ITEM000822,ORD04657,PROD020,3,665.72,1997.16
ITEM000823,ORD03107,PROD023,2,350.7,701.4
ITEM000824,ORD01604,PROD078,3,176.57,529.71
ITEM000825,ORD01742,PROD084,6,212.25,1273.5
ITEM000826,ORD01532,PROD115,5,476.09,2380.45
ITEM000827,ORD03329,PROD113,4,286.46,1145.84
ITEM000828,ORD02839,PROD128,1,784.46,784.46
ITEM000829,ORD999999,PROD023,2,197.21,394.42
ITEM000830,ORD00626,PROD011,2,281.13,562.26
ITEM000831,ORD00069,PROD116,3,60.9,182.7
ITEM000832,ORD00172,PROD069,5,136.27,681.35
ITEM000833,ORD999999,PROD098,5,521.4,2607.0
ITEM000834,ORD02438,PROD040,6,105.61,633.66
ITEM000835,ORD02143,PROD073,2,340.64,681.28
ITEM000836,ORD03941,PROD111,4,544.34,2177.36
ITEM000837,ORD01524,PROD132,0,581.94,2327.76
ITEM000838,ORD01905,PROD034,4,511.29,2045.16
ITEM000839,ORD04507,PROD025,4,50.88,203.52
ITEM000840,ORD03965,PROD146,4,102.88,411.52
ITEM000841,ORD00771,PROD091,1,281.15,281.15
ITEM000842,ORD01010,PROD011,2,458.54,917.08
ITEM000843,ORD01231,PROD108,5,710.5,3552.5
ITEM000844,ORD03756,PROD104,1,280.14,280.14
ITEM000845,ORD999999,PROD098,1,554.31,554.31
ITEM000846,ORD01557,PROD087,4,445.87,1783.48
ITEM000847,ORD02745,PROD012,4,476.34,1905.36
ITEM000848,ORD01824,PROD124,6,677.71,4066.26
ITEM000849,ORD00584,PROD013,2,401.56,803.12
ITEM000850,ORD01139,PROD136,6,661.39,3968.34
ITEM000851,ORD02708,PROD025,6,565.3,3391.8
ITEM000852,ORD00289,PROD038,2,84.28,168.56
ITEM000853,ORD04534,PROD058,5,455.71,2278.55
ITEM000854,ORD00983,PROD150,4,622.32,2489.28
ITEM000855,ORD04433,PROD118,5,168.0,840.0
ITEM000856,ORD03585,PROD041,2,343.63,687.26
ITEM000857,ORD01494,PROD099,4,296.78,1187.12
ITEM000858,ORD04170,PROD118,3,198.47,595.41
ITEM000859,ORD00191,PROD017,3,556.95,1670.85
ITEM000860,ORD02448,PROD032,5,429.3,2146.5
ITEM000861,ORD04835,PROD017,0,57.57,115.14
ITEM000862,ORD01790,PROD075,1,484.4,484.4
ITEM000863,ORD00619,PROD113,5,357.66,1788.3
ITEM000864,ORD02766,PROD117,3,478.59,1435.77
ITEM000865,ORD02318,PROD044,4,122.61,490.44
ITEM000866,ORD04575,PROD002,2,579.62,1159.24
ITEM000867,ORD02161,PROD029,4,114.85,459.4
ITEM000868,ORD03347,PROD070,1,439.72,439.72
ITEM000869,ORD00940,PROD110,2,149.54,299.08
ITEM000870,ORD00115,PROD082,4,583.94,2335.76
ITEM000871,ORD03899,PROD041,2,360.8,721.6
ITEM000872,ORD01001,PROD033,3,748.34,2245.02
ITEM000873,ORD02867,PROD111,2,286.12,572.24
ITEM000874,ORD00972,PROD072,6,375.3,2251.8
ITEM000875,ORD03923,PROD049,2,563.47,1126.94
ITEM000876,ORD00824,PROD046,5,536.66,2683.3
ITEM000877,ORD02793,PROD026,5,325.73,1628.65
ITEM000878,ORD00436,PROD099,1,148.73,148.73
ITEM000879,ORD02768,PROD102,5,172.26,861.3
ITEM000880,ORD02218,PROD138,1,686.83,686.83
ITEM000881,ORD01867,PROD103,4,662.71,2650.84
ITEM000882,ORD00779,PROD150,2,397.37,794.74
ITEM000883,ORD02250,PROD132,6,642.77,3856.62
ITEM000884,ORD01629,PROD137,2,280.38,560.76
ITEM000885,ORD00375,PROD023,1,536.3,536.3
ITEM000886,ORD03886,PROD001,6,466.06,2796.36
ITEM000887,ORD00774,PROD021,6,273.55,1641.3
ITEM000888,ORD00757,PROD078,6,225.55,1353.3
ITEM000889,ORD03128,PROD137,6,491.53,2949.18
ITEM000890,ORD03381,PROD149,1,620.55,620.55
ITEM000891,ORD03439,PROD058,0,257.57,515.14
ITEM000892,ORD02983,PROD023,2,522.22,1044.44
ITEM000893,ORD03187,PROD019,4,53.12,212.48
ITEM000894,ORD03293,PROD069,4,283.11,1132.44
ITEM000895,ORD01110,PROD008,5,441.66,2208.3
ITEM000896,ORD04287,PROD019,5,129.2,646.0
ITEM000897,ORD01145,PROD072,3,722.59,2167.77
ITEM000898,ORD01165,PROD080,4,617.03,2468.12
ITEM000899,ORD04676,PROD051,6,773.8,4642.8
ITEM000900,ORD04776,PROD002,6,776.42,4658.52
ITEM000901,ORD00898,PROD041,2,101.2,202.4
ITEM000902,ORD00458,PROD100,4,791.49,3165.96
ITEM000903,ORD03588,PROD140,3,640.01,1920.03
ITEM000904,ORD04208,PROD014,3,411.07,1233.21
ITEM000905,ORD03741,PROD041,4,288.22,1152.88
ITEM000906,ORD02280,PROD110,3,346.28,1038.84
ITEM000907,ORD03756,PROD029,1,666.63,666.63
ITEM000908,ORD00148,PROD005,6,303.2,1819.2
ITEM000909,ORD03009,PROD126,6,492.26,2953.56
ITEM000910,ORD03353,PROD087,2,308.9,617.8
ITEM000911,ORD01947,PROD132,6,243.62,1461.72
ITEM000912,ORD00538,PROD133,6,767.21,4603.26
ITEM000913,ORD01673,PROD038,2,494.5,989.0
ITEM000914,ORD04426,PROD034,0,568.2,568.2
ITEM000915,ORD01795,PROD140,0,669.8,3349.0
ITEM000916,ORD999999,PROD9999,2,417.49,834.98
ITEM000917,ORD04540,PROD146,6,674.61,4047.66
ITEM000918,ORD02779,PROD001,2,675.57,1351.14
ITEM000919,ORD04898,PROD084,5,92.23,461.15
ITEM000920,ORD04931,PROD070,4,194.68,778.72
ITEM000921,ORD04874,PROD029,5,623.78,3118.9
ITEM000922,ORD02185,PROD139,2,335.29,670.58
ITEM000923,ORD03397,PROD050,4,765.19,3060.76
ITEM000924,ORD00545,PROD118,3,188.91,566.73
ITEM000925,ORD04674,PROD047,6,338.55,2031.3
ITEM000926,ORD04426,PROD119,5,458.14,2290.7
ITEM000927,ORD00789,PROD067,3,674.31,2022.93
ITEM000928,ORD03870,PROD010,5,653.48,3267.4
ITEM000929,ORD00336,PROD042,3,271.47,814.41
ITEM000930,ORD04397,PROD099,4,437.45,1749.8
ITEM000931,ORD00205,PROD147,1,740.11,740.11
ITEM000932,ORD03591,PROD021,3,706.75,2120.25
ITEM000933,ORD04407,PROD055,5,788.67,3943.35
ITEM000934,ORD00616,PROD080,1,269.72,269.72
ITEM000935,ORD03584,PROD051,3,680.51,2041.53
ITEM000936,ORD03364,PROD124,2,224.45,448.9
ITEM000937,ORD01982,PROD076,3,347.58,1042.74
ITEM000938,ORD02040,PROD046,1,782.4,782.4
ITEM000939,ORD04865,PROD100,5,363.94,1819.7
ITEM000940,ORD01542,PROD121,5,748.97,3744.85
ITEM000941,ORD04679,PROD129,3,347.6,1042.8
ITEM000942,ORD04889,PROD031,1,614.27,614.27
ITEM000943,ORD03310,PROD042,3,411.83,1235.49
ITEM000944,ORD04875,PROD135,1,309.84,309.84
ITEM000945,ORD02814,PROD007,1,623.87,623.87
ITEM000946,ORD03494,PROD098,6,228.68,1372.08
ITEM000947,ORD03677,PROD128,3,375.35,1126.05
ITEM000948,ORD01536,PROD030,4,289.49,1157.96
ITEM000949,ORD04599,PROD006,3,195.41,586.23
ITEM000950,ORD03917,PROD008,0,392.3,2353.8
ITEM000951,ORD01251,PROD072,5,785.28,3926.4
ITEM000952,ORD01864,PROD124,3,365.33,1095.99
ITEM000953,ORD03080,PROD140,3,203.38,610.14
ITEM000954,ORD02405,PROD040,4,537.15,2148.6
ITEM000955,ORD04509,PROD125,4,319.25,1277.0
ITEM000956,ORD03582,PROD136,3,557.56,1672.68
ITEM000957,ORD02452,PROD149,2,257.78,515.56
ITEM000958,ORD03162,PROD033,6,512.69,3076.14
ITEM000959,ORD03265,PROD047,6,441.03,2646.18
ITEM000960,ORD00884,PROD120,4,447.72,1790.88
ITEM000961,ORD00557,PROD144,4,548.85,2195.4
ITEM000962,ORD03339,PROD150,4,544.2,2176.8
ITEM000963,ORD00150,PROD135,5,379.13,1895.65
ITEM000964,ORD01467,PROD146,4,776.47,3105.88
ITEM000965,ORD04142,PROD098,4,550.71,2202.84
ITEM000966,ORD01432,PROD085,6,577.18,3463.08
ITEM000967,ORD03856,PROD076,4,181.58,726.32
ITEM000968,ORD02146,PROD085,1,448.45,448.45
ITEM000969,ORD00929,PROD022,2,97.76,195.52
ITEM000970,ORD01913,PROD033,6,511.82,3070.92
ITEM000971,ORD00385,PROD111,6,431.75,2590.5
ITEM000972,ORD02077,PROD105,1,637.5,637.5
ITEM000973,ORD999999,PROD090,5,227.7,1138.5
ITEM000974,ORD02743,PROD043,2,340.74,681.48
ITEM000975,ORD03161,PROD096,3,165.63,496.89
ITEM000976,ORD02960,PROD144,4,774.5,3098.0
ITEM000977,ORD02599,PROD140,2,154.68,309.36
ITEM000978,ORD03794,PROD022,2,539.38,1078.76
ITEM000979,ORD00674,PROD133,1,73.91,73.91
ITEM000980,ORD03628,PROD081,3,319.93,959.79
ITEM000981,ORD01775,PROD047,2,712.59,1425.18
ITEM000982,ORD00544,PROD062,4,342.67,1370.68
ITEM000983,ORD04240,PROD132,6,57.45,344.7
ITEM000984,ORD04074,PROD148,4,719.42,2877.68
ITEM000985,ORD03498,PROD028,6,192.17,1153.02
ITEM000986,ORD02449,PROD135,3,310.77,932.31
ITEM000987,ORD00239,PROD098,4,747.5,2990.0
ITEM000988,ORD04297,PROD014,4,160.28,641.12
ITEM000989,ORD02717,PROD137,5,492.69,2463.45
ITEM000990,ORD02195,PROD100,2,111.58,223.16
ITEM000991,ORD01146,PROD011,5,760.14,3800.7
ITEM000992,ORD04646,PROD133,1,564.08,564.08
ITEM000993,ORD00607,PROD025,2,534.07,1068.14
ITEM000994,ORD03140,PROD009,3,267.99,803.97
ITEM000995,ORD02720,PROD059,4,55.89,223.56
ITEM000996,ORD03703,PROD096,1,510.87,510.87
ITEM000997,ORD01298,PROD111,1,406.86,406.86
ITEM000998,ORD04174,PROD062,2,369.62,739.24
ITEM000999,ORD02537,PROD057,1,632.33,632.33
ITEM001000,ORD01150,PROD060,5,748.77,3743.85
ITEM001001,ORD01989,PROD112,4,227.09,908.36
ITEM001002,ORD04408,PROD109,6,258.22,1549.32
ITEM001003,ORD03438,PROD036,3,204.52,613.56
ITEM001004,ORD00655,PROD094,5,426.37,2131.85
ITEM001005,ORD01380,PROD006,4,457.59,1830.36
ITEM001006,ORD02703,PROD106,4,727.25,2909.0
ITEM001007,ORD01528,PROD077,3,723.23,2169.69
ITEM001008,ORD03842,PROD113,1,127.33,127.33
ITEM001009,ORD03402,PROD125,2,137.84,275.68
ITEM001010,ORD03172,PROD082,5,593.91,2969.55
ITEM001011,ORD02292,PROD136,3,328.39,985.17
ITEM001012,ORD00103,PROD004,2,692.67,1385.34
ITEM001013,ORD03902,PROD049,6,190.58,1143.48
ITEM001014,ORD01535,PROD019,5,165.96,829.8
ITEM001015,ORD00055,PROD141,4,660.57,2642.28
ITEM001016,ORD04484,PROD064,4,781.89,3127.56
ITEM001017,ORD02520,PROD127,1,334.07,334.07
ITEM001018,ORD00022,PROD030,5,666.25,3331.25
ITEM001019,ORD01808,PROD062,3,360.54,1081.62
ITEM001020,ORD00219,PROD020,1,712.0,712.0
ITEM001021,ORD00362,PROD011,5,704.01,3520.05
ITEM001022,ORD02941,PROD043,1,456.34,456.34
ITEM001023,ORD03142,PROD013,5,478.44,2392.2
ITEM001024,ORD00581,PROD030,1,698.37,698.37
ITEM001025,ORD01486,PROD120,3,722.7,2168.1
ITEM001026,ORD00998,PROD050,5,82.99,414.95
ITEM001027,ORD03301,PROD129,3,396.54,1189.62
ITEM001028,ORD03809,PROD051,1,368.54,368.54
ITEM001029,ORD00436,PROD079,3,61.71,185.13
ITEM001030,ORD01038,PROD016,6,571.25,3427.5
ITEM001031,ORD02256,PROD110,5,660.23,3301.15
ITEM001032,ORD02572,PROD077,4,452.64,1810.56
ITEM001033,ORD02084,PROD031,3,174.37,523.11
ITEM001034,ORD999999,PROD9999,1,677.67,677.67
ITEM001035,ORD03634,PROD115,5,253.42,1267.1
ITEM001036,ORD999999,PROD130,2,192.86,385.72
ITEM001037,ORD04442,PROD058,4,370.62,1482.48
ITEM001038,ORD01158,PROD054,6,226.48,1358.88
ITEM001039,ORD02261,PROD127,4,326.81,1307.24
ITEM001040,ORD03581,PROD013,1,64.25,64.25
ITEM001041,ORD01005,PROD098,2,533.09,1066.18
ITEM001042,ORD01956,PROD053,3,431.15,1293.45
ITEM001043,ORD01052,PROD100,2,114.65,229.3
ITEM001044,ORD02876,PROD013,6,64.15,384.9
ITEM001045,ORD02773,PROD026,6,208.99,1253.94
ITEM001046,ORD04519,PROD050,4,90.67,362.68
ITEM001047,ORD02099,PROD082,1,129.05,129.05
ITEM001048,ORD02004,PROD077,1,461.87,461.87
ITEM001049,ORD01318,PROD072,3,390.18,1170.54
ITEM001050,ORD03677,PROD125,6,78.51,471.06
ITEM001051,ORD03291,PROD076,6,669.67,4018.02
ITEM001052,ORD04732,PROD010,5,166.85,834.25
ITEM001053,ORD03937,PROD108,6,498.4,2990.4
ITEM001054,ORD03558,PROD077,1,429.08,429.08
ITEM001055,ORD02945,PROD026,1,664.89,664.89
ITEM001056,ORD04729,PROD023,6,63.05,378.3
ITEM001057,ORD02493,PROD144,2,66.77,133.54
ITEM001058,ORD01624,PROD051,1,768.33,768.33
ITEM001059,ORD01103,PROD105,5,120.83,604.15
ITEM001060,ORD03891,PROD102,5,373.98,1869.9
ITEM001061,ORD02252,PROD098,3,550.63,1651.89
ITEM001062,ORD04652,PROD147,6,164.88,989.28
ITEM001063,ORD01972,PROD051,3,451.03,1353.09
ITEM001064,ORD03769,PROD063,3,608.37,1825.11
ITEM001065,ORD00322,PROD090,2,267.7,535.4
ITEM001066,ORD00700,PROD048,4,593.56,2374.24
ITEM001067,ORD03625,PROD054,3,85.31,255.93
ITEM001068,ORD01540,PROD129,1,754.15,754.15
ITEM001069,ORD00705,PROD126,4,549.1,2196.4
ITEM001070,ORD00357,PROD126,2,377.57,755.14
ITEM001071,ORD02144,PROD017,5,254.0,1270.0
ITEM001072,ORD999999,PROD004,1,220.75,220.75
ITEM001073,ORD01381,PROD071,5,491.58,2457.9
ITEM001074,ORD999999,PROD064,6,478.04,2868.24
ITEM001075,ORD04576,PROD020,5,162.5,812.5
ITEM001076,ORD02184,PROD115,6,365.38,2192.28
ITEM001077,ORD04242,PROD080,4,470.66,1882.64
ITEM001078,ORD04468,PROD051,2,734.08,1468.16
ITEM001079,ORD03631,PROD012,6,772.02,4632.12
ITEM001080,ORD00973,PROD004,5,641.26,3206.3
ITEM001081,ORD01076,PROD097,3,366.55,1099.65
ITEM001082,ORD04757,PROD019,2,332.75,665.5
ITEM001083,ORD00969,PROD147,5,704.23,3521.15
ITEM001084,ORD03712,PROD129,6,368.25,2209.5
ITEM001085,ORD02429,PROD109,3,679.91,2039.73
ITEM001086,ORD02620,PROD119,4,375.26,1501.04
ITEM001087,ORD04154,PROD9999,4,288.58,1154.32
ITEM001088,ORD01091,PROD064,4,226.25,905.0
ITEM001089,ORD02286,PROD073,6,120.0,720.0
ITEM001090,ORD04086,PROD104,3,386.6,1159.8
ITEM001091,ORD04462,PROD095,0,680.09,2040.27
ITEM001092,ORD02945,PROD118,2,151.47,302.94
ITEM001093,ORD999999,PROD113,6,470.34,2822.04
ITEM001094,ORD04304,PROD043,6,631.8,3790.8
ITEM001095,ORD02839,PROD128,4,513.87,2055.48
ITEM001096,ORD04404,PROD009,4,498.84,1995.36
ITEM001097,ORD04926,PROD003,4,145.55,582.2
ITEM001098,ORD02833,PROD058,3,270.2,810.6
ITEM001099,ORD02542,PROD117,1,528.62,528.62
ITEM001100,ORD03253,PROD029,6,379.88,2279.28
ITEM001101,ORD04329,PROD150,4,229.71,918.84
ITEM001102,ORD00386,PROD065,1,363.16,363.16
ITEM001103,ORD03210,PROD046,3,58.13,174.39
ITEM001104,ORD04035,PROD064,2,685.38,1370.76
ITEM001105,ORD03473,PROD017,6,699.33,4195.98
ITEM001106,ORD03808,PROD069,3,586.86,1760.58
ITEM001107,ORD00370,PROD021,5,699.81,3499.05
ITEM001108,ORD00184,PROD021,2,128.48,256.96
ITEM001109,ORD00266,PROD049,3,338.59,1015.77
ITEM001110,ORD03881,PROD024,4,724.35,2897.4
ITEM001111,ORD03340,PROD089,3,275.02,825.06
ITEM001112,ORD02027,PROD088,3,490.25,1470.75
ITEM001113,ORD02472,PROD023,3,541.91,1625.73
ITEM001114,ORD01609,PROD060,5,359.05,1795.25
ITEM001115,ORD00157,PROD076,3,206.59,619.77
ITEM001116,ORD00012,PROD146,1,359.92,359.92
ITEM001117,ORD00162,PROD112,5,370.25,1851.25
ITEM001118,ORD03932,PROD026,2,248.56,497.12
ITEM001119,ORD02245,PROD071,5,752.38,3761.9
ITEM001120,ORD02592,PROD007,5,62.98,314.9
ITEM001121,ORD00622,PROD071,1,760.64,760.64
ITEM001122,ORD01257,PROD066,6,598.86,3593.16
ITEM001123,ORD01675,PROD117,1,86.87,86.87
ITEM001124,ORD00850,PROD110,3,784.44,2353.32
ITEM001125,ORD03868,PROD144,1,481.89,481.89
ITEM001126,ORD999999,PROD025,4,694.12,2776.48
ITEM001127,ORD01241,PROD101,2,288.37,576.74
ITEM001128,ORD04526,PROD126,6,639.02,3834.12
ITEM001129,ORD04977,PROD076,5,607.45,3037.25
ITEM001130,ORD01736,PROD9999,1,370.71,370.71
ITEM001131,ORD00924,PROD044,3,323.04,969.12
ITEM001132,ORD04044,PROD032,6,586.47,3518.82
ITEM001133,ORD00700,PROD037,5,761.62,3808.1
ITEM001134,ORD02673,PROD064,6,207.17,1243.02
ITEM001135,ORD02026,PROD043,6,615.79,3694.74
ITEM001136,ORD02549,PROD006,3,589.06,1767.18
ITEM001137,ORD04707,PROD069,4,548.85,2195.4
ITEM001138,ORD04511,PROD138,2,108.14,216.28
ITEM001139,ORD03164,PROD025,4,195.94,783.76
ITEM001140,ORD01737,PROD073,6,699.94,4199.64
ITEM001141,ORD03598,PROD037,6,171.78,1030.68
ITEM001142,ORD02067,PROD111,2,389.75,779.5
ITEM001143,ORD03218,PROD021,2,305.3,610.6
ITEM001144,ORD01118,PROD125,5,260.09,1300.45
ITEM001145,ORD999999,PROD073,6,117.71,706.26
ITEM001146,ORD02203,PROD089,4,489.67,1958.68
ITEM001147,ORD02636,PROD090,2,182.45,364.9
ITEM001148,ORD02449,PROD138,2,258.32,516.64
ITEM001149,ORD04811,PROD002,5,539.07,2695.35
ITEM001150,ORD02162,PROD140,1,607.92,607.92
ITEM001151,ORD03506,PROD089,6,50.4,302.4
ITEM001152,ORD01534,PROD050,6,674.56,4047.36
ITEM001153,ORD02337,PROD122,2,261.31,522.62
ITEM001154,ORD03520,PROD045,5,703.63,3518.15
ITEM001155,ORD00048,PROD109,5,150.13,750.65
ITEM001156,ORD00386,PROD006,6,405.45,2432.7
ITEM001157,ORD999999,PROD047,2,798.63,1597.26
ITEM001158,ORD01450,PROD002,6,577.55,3465.3
ITEM001159,ORD01602,PROD067,4,473.68,1894.72
ITEM001160,ORD04014,PROD149,2,490.61,981.22
ITEM001161,ORD999999,PROD006,1,646.45,646.45
ITEM001162,ORD04897,PROD035,3,678.14,2034.42
ITEM001163,ORD04199,PROD064,3,641.62,1924.86
ITEM001164,ORD02054,PROD044,4,642.41,2569.64
ITEM001165,ORD02455,PROD002,6,400.84,2405.04
ITEM001166,ORD999999,PROD137,1,418.04,418.04
ITEM001167,ORD03112,PROD038,3,335.92,1007.76
ITEM001168,ORD04605,PROD095,5,171.24,856.2
ITEM001169,ORD00960,PROD022,2,155.22,310.44
ITEM001170,ORD03140,PROD006,5,487.54,2437.7
ITEM001171,ORD02374,PROD029,1,634.44,634.44
ITEM001172,ORD00512,PROD076,5,590.5,2952.5
ITEM001173,ORD02818,PROD006,1,159.49,159.49
ITEM001174,ORD02288,PROD053,3,620.06,1860.18
ITEM001175,ORD03618,PROD110,6,417.68,2506.08
ITEM001176,ORD01509,PROD146,6,621.98,3731.88
ITEM001177,ORD04874,PROD083,4,111.29,445.16
ITEM001178,ORD04069,PROD120,1,500.14,500.14
ITEM001179,ORD00386,PROD049,2,351.21,702.42
ITEM001180,ORD01217,PROD121,2,201.5,403.0
ITEM001181,ORD00710,PROD137,6,748.2,4489.2
ITEM001182,ORD02029,PROD029,6,536.8,3220.8
ITEM001183,ORD00463,PROD017,3,277.92,833.76
ITEM001184,ORD00921,PROD134,5,515.5,2577.5
ITEM001185,ORD00940,PROD099,3,553.56,1660.68
ITEM001186,ORD01907,PROD100,4,279.1,1116.4
ITEM001187,ORD01786,PROD068,1,793.41,793.41
ITEM001188,ORD04644,PROD030,1,53.6,53.6
ITEM001189,ORD01485,PROD070,2,169.18,338.36
ITEM001190,ORD04658,PROD081,1,549.52,549.52
ITEM001191,ORD00988,PROD125,5,540.44,2702.2
ITEM001192,ORD03688,PROD089,3,704.39,2113.17
ITEM001193,ORD00335,PROD055,3,325.39,976.17
ITEM001194,ORD04870,PROD073,5,254.6,1273.0
ITEM001195,ORD00570,PROD002,4,489.92,1959.68
ITEM001196,ORD04939,PROD056,2,750.82,1501.64
ITEM001197,ORD03257,PROD044,4,649.42,2597.68
ITEM001198,ORD01947,PROD115,3,52.19,156.57
ITEM001199,ORD00222,PROD111,3,65.43,196.29
ITEM001200,ORD00904,PROD027,4,517.89,2071.56
ITEM001201,ORD999999,PROD084,5,171.66,858.3
ITEM001202,ORD02689,PROD128,3,484.41,1453.23
ITEM001203,ORD04367,PROD049,1,443.92,443.92
ITEM001204,ORD03156,PROD086,3,713.29,2139.87
ITEM001205,ORD03787,PROD028,2,626.72,1253.44
ITEM001206,ORD01018,PROD9999,6,741.87,4451.22
ITEM001207,ORD03080,PROD062,2,94.19,188.38
ITEM001208,ORD01786,PROD135,1,398.18,398.18
ITEM001209,ORD01416,PROD136,5,135.48,677.4
ITEM001210,ORD00953,PROD113,4,363.97,1455.88
ITEM001211,ORD04469,PROD129,3,283.29,849.87
ITEM001212,ORD00160,PROD036,3,506.2,1518.6
ITEM001213,ORD00758,PROD066,3,705.88,2117.64
ITEM001214,ORD03609,PROD091,1,496.31,496.31
ITEM001215,ORD00147,PROD018,6,577.75,3466.5
ITEM001216,ORD00176,PROD077,3,692.01,2076.03
ITEM001217,ORD03065,PROD029,4,312.02,1248.08
ITEM001218,ORD03742,PROD056,5,782.12,3910.6
ITEM001219,ORD03748,PROD100,6,351.74,2110.44
ITEM001220,ORD02104,PROD047,1,775.52,775.52
ITEM001221,ORD02628,PROD127,1,353.29,353.29
ITEM001222,ORD00539,PROD034,3,326.58,979.74
ITEM001223,ORD04512,PROD058,3,81.97,245.91
ITEM001224,ORD04191,PROD027,5,154.29,771.45
ITEM001225,ORD03428,PROD053,5,534.6,2673.0
ITEM001226,ORD00011,PROD115,2,694.37,1388.74
ITEM001227,ORD01672,PROD112,1,192.43,192.43
ITEM001228,ORD01119,PROD002,1,553.64,553.64
ITEM001229,ORD01049,PROD034,6,520.82,3124.92
ITEM001230,ORD01825,PROD103,4,600.66,2402.64
ITEM001231,ORD04461,PROD096,2,224.34,448.68
ITEM001232,ORD02417,PROD057,3,687.6,2062.8
ITEM001233,ORD04552,PROD087,2,564.83,1129.66
ITEM001234,ORD01940,PROD074,5,163.0,815.0
ITEM001235,ORD04809,PROD094,5,400.11,2000.55
ITEM001236,ORD01715,PROD054,2,170.74,341.48
ITEM001237,ORD04207,PROD001,1,433.92,433.92
ITEM001238,ORD02740,PROD068,6,115.71,694.26
ITEM001239,ORD03013,PROD027,5,459.61,2298.05
ITEM001240,ORD02379,PROD9999,6,108.46,650.76
ITEM001241,ORD02492,PROD088,6,324.28,1945.68
ITEM001242,ORD03181,PROD097,2,307.87,615.74
ITEM001243,ORD00840,PROD035,1,221.12,221.12
ITEM001244,ORD03929,PROD032,6,784.63,4707.78
ITEM001245,ORD01415,PROD002,1,751.24,751.24
ITEM001246,ORD01058,PROD116,1,351.81,351.81
ITEM001247,ORD01780,PROD050,6,649.57,3897.42
ITEM001248,ORD00693,PROD116,6,607.77,3646.62
ITEM001249,ORD02595,PROD042,0,613.97,2455.88
ITEM001250,ORD04739,PROD015,4,658.88,2635.52
ITEM001251,ORD00389,PROD030,6,629.82,3778.92
ITEM001252,ORD02012,PROD020,1,509.41,509.41
ITEM001253,ORD02150,PROD013,3,189.45,568.35
ITEM001254,ORD02789,PROD107,5,658.07,3290.35
ITEM001255,ORD01641,PROD092,2,404.13,808.26
ITEM001256,ORD04337,PROD147,0,603.37,1206.74
ITEM001257,ORD01757,PROD069,5,457.85,2289.25
ITEM001258,ORD03353,PROD112,3,396.99,1190.97
ITEM001259,ORD01748,PROD043,5,475.11,2375.55
ITEM001260,ORD00598,PROD076,3,562.8,1688.4
ITEM001261,ORD00540,PROD104,1,595.3,595.3
ITEM001262,ORD04458,PROD031,5,168.6,843.0
ITEM001263,ORD02184,PROD147,3,258.83,776.49
ITEM001264,ORD02475,PROD135,3,638.87,1916.61
ITEM001265,ORD02543,PROD085,1,574.74,574.74
ITEM001266,ORD03797,PROD024,3,149.38,448.14
ITEM001267,ORD01798,PROD149,1,252.36,252.36
ITEM001268,ORD03304,PROD102,1,756.37,756.37
ITEM001269,ORD02881,PROD094,6,742.87,4457.22
ITEM001270,ORD02745,PROD029,2,381.12,762.24
ITEM001271,ORD999999,PROD120,4,528.91,2115.64
ITEM001272,ORD03776,PROD062,5,508.9,2544.5
ITEM001273,ORD03237,PROD123,3,776.42,2329.26
ITEM001274,ORD04911,PROD150,2,461.75,923.5
ITEM001275,ORD04624,PROD131,6,208.08,1248.48
ITEM001276,ORD03625,PROD129,3,449.17,1347.51
ITEM001277,ORD02976,PROD131,1,309.29,309.29
ITEM001278,ORD01091,PROD129,3,346.46,1039.38
ITEM001279,ORD00585,PROD101,2,556.19,1112.38
ITEM001280,ORD01885,PROD032,3,251.85,755.55
ITEM001281,ORD02875,PROD069,5,501.9,2509.5
ITEM001282,ORD00571,PROD099,6,209.32,1255.92
ITEM001283,ORD02326,PROD001,1,143.83,143.83
ITEM001284,ORD04270,PROD129,3,469.88,1409.64
ITEM001285,ORD00440,PROD063,1,465.26,465.26
ITEM001286,ORD00195,PROD039,6,741.79,4450.74
ITEM001287,ORD02530,PROD128,4,355.65,1422.6
ITEM001288,ORD03309,PROD052,6,460.61,2763.66
ITEM001289,ORD03349,PROD016,6,747.71,4486.26
ITEM001290,ORD03940,PROD084,6,689.25,4135.5
ITEM001291,ORD02993,PROD090,5,63.67,318.35
ITEM001292,ORD02984,PROD049,1,138.62,138.62
ITEM001293,ORD01627,PROD067,4,372.15,1488.6
ITEM001294,ORD03896,PROD112,3,267.85,803.55
ITEM001295,ORD04220,PROD031,1,514.67,514.67
ITEM001296,ORD04046,PROD089,3,290.2,870.6
ITEM001297,ORD04519,PROD091,3,50.6,151.8
ITEM001298,ORD02336,PROD004,3,775.25,2325.75
ITEM001299,ORD00441,PROD039,5,427.17,2135.85
ITEM001300,ORD04752,PROD137,6,775.84,4655.04
ITEM001301,ORD03180,PROD136,1,123.47,123.47
ITEM001302,ORD01475,PROD073,3,600.69,1802.07
ITEM001303,ORD01732,PROD109,1,761.42,761.42
ITEM001304,ORD03541,PROD060,6,383.88,2303.28
ITEM001305,ORD02136,PROD008,1,706.21,706.21
ITEM001306,ORD02864,PROD076,1,714.9,714.9
ITEM001307,ORD01858,PROD114,4,600.64,2402.56
ITEM001308,ORD02152,PROD150,1,753.76,753.76
ITEM001309,ORD02940,PROD044,3,467.1,1401.3
ITEM001310,ORD00361,PROD079,4,775.87,3103.48
ITEM001311,ORD04246,PROD148,3,685.33,2055.99
ITEM001312,ORD03282,PROD042,2,493.65,987.3
ITEM001313,ORD04771,PROD017,4,466.01,1864.04
ITEM001314,ORD999999,PROD104,6,226.72,1360.32
ITEM001315,ORD04767,PROD026,3,126.86,380.58
ITEM001316,ORD04723,PROD129,3,153.94,461.82
ITEM001317,ORD04017,PROD117,3,126.85,380.55
ITEM001318,ORD02294,PROD097,4,466.86,1867.44
ITEM001319,ORD03632,PROD076,2,347.8,695.6
ITEM001320,ORD00774,PROD133,3,490.74,1472.22
ITEM001321,ORD02546,PROD127,1,372.71,372.71
ITEM001322,ORD01343,PROD064,3,599.07,1797.21
ITEM001323,ORD00083,PROD021,1,174.15,174.15
ITEM001324,ORD04288,PROD031,3,478.71,1436.13
ITEM001325,ORD00437,PROD034,1,654.96,654.96
ITEM001326,ORD03830,PROD144,1,796.44,796.44
ITEM001327,ORD00791,PROD071,2,191.61,383.22
ITEM001328,ORD00555,PROD083,6,454.27,2725.62
ITEM001329,ORD00072,PROD007,6,423.54,2541.24
ITEM001330,ORD02974,PROD050,4,570.44,2281.76
ITEM001331,ORD02537,PROD016,2,339.63,679.26
ITEM001332,ORD02394,PROD112,5,519.39,2596.95
ITEM001333,ORD999999,PROD045,5,394.33,1971.65
ITEM001334,ORD01930,PROD134,6,378.26,2269.56
ITEM001335,ORD01973,PROD078,6,257.48,1544.88
ITEM001336,ORD02949,PROD012,5,179.29,896.45
ITEM001337,ORD01648,PROD083,4,575.34,2301.36
ITEM001338,ORD01134,PROD072,1,750.02,750.02
ITEM001339,ORD03440,PROD097,5,777.16,3885.8
ITEM001340,ORD02426,PROD076,4,499.6,1998.4
ITEM001341,ORD00672,PROD126,6,504.19,3025.14
ITEM001342,ORD03534,PROD139,2,236.85,473.7
ITEM001343,ORD999999,PROD004,6,527.36,3164.16
ITEM001344,ORD03451,PROD142,2,519.4,1038.8
ITEM001345,ORD01660,PROD9999,2,161.93,323.86
ITEM001346,ORD04211,PROD103,5,65.66,328.3
ITEM001347,ORD04396,PROD045,6,722.17,4333.02
ITEM001348,ORD01848,PROD036,3,103.55,310.65
ITEM001349,ORD00475,PROD143,5,750.59,3752.95
ITEM001350,ORD04451,PROD070,5,753.21,3766.05
ITEM001351,ORD01759,PROD050,2,182.34,364.68
ITEM001352,ORD03238,PROD150,5,383.53,1917.65
ITEM001353,ORD04170,PROD038,1,229.92,229.92
ITEM001354,ORD02606,PROD046,1,634.36,634.36
ITEM001355,ORD02474,PROD034,2,408.56,817.12
ITEM001356,ORD04227,PROD127,3,629.2,1887.6
ITEM001357,ORD02812,PROD116,2,73.88,147.76
ITEM001358,ORD02988,PROD135,2,637.47,1274.94
ITEM001359,ORD01822,PROD013,0,350.12,350.12
ITEM001360,ORD04512,PROD117,4,232.37,929.48
ITEM001361,ORD03957,PROD130,3,486.17,1458.51
ITEM001362,ORD00767,PROD082,4,680.36,2721.44
ITEM001363,ORD01822,PROD128,5,774.87,3874.35
ITEM001364,ORD04851,PROD075,6,92.01,552.06
ITEM001365,ORD03757,PROD027,5,176.58,882.9
ITEM001366,ORD00982,PROD012,4,504.2,2016.8
ITEM001367,ORD00295,PROD091,2,169.92,339.84
ITEM001368,ORD02685,PROD116,6,234.09,1404.54
ITEM001369,ORD00647,PROD006,1,134.25,134.25
ITEM001370,ORD03207,PROD076,4,235.85,943.4
ITEM001371,ORD03714,PROD077,3,568.74,1706.22
ITEM001372,ORD04618,PROD126,1,575.74,575.74
ITEM001373,ORD04221,PROD005,2,782.81,1565.62
ITEM001374,ORD01111,PROD001,1,470.04,470.04
ITEM001375,ORD04370,PROD031,3,580.14,1740.42
ITEM001376,ORD999999,PROD050,1,632.97,632.97
ITEM001377,ORD00081,PROD095,3,204.35,613.05
ITEM001378,ORD01803,PROD147,3,647.0,1941.0
ITEM001379,ORD04513,PROD140,1,628.37,628.37
ITEM001380,ORD04630,PROD145,4,221.21,884.84
ITEM001381,ORD01091,PROD124,5,79.25,396.25
ITEM001382,ORD01928,PROD148,5,347.08,1735.4
ITEM001383,ORD00320,PROD008,3,763.44,2290.32
ITEM001384,ORD01610,PROD057,5,97.69,488.45
ITEM001385,ORD04682,PROD140,4,409.76,1639.04
ITEM001386,ORD04406,PROD066,3,669.03,2007.09
ITEM001387,ORD02876,PROD028,3,247.04,741.12
ITEM001388,ORD01436,PROD118,2,61.05,122.1
ITEM001389,ORD00381,PROD035,3,427.37,1282.11
ITEM001390,ORD01075,PROD122,2,413.6,827.2
ITEM001391,ORD00940,PROD044,4,633.93,2535.72
ITEM001392,ORD01206,PROD031,6,249.8,1498.8
ITEM001393,ORD03144,PROD060,5,169.01,845.05
ITEM001394,ORD04774,PROD120,4,399.62,1598.48
ITEM001395,ORD02254,PROD091,2,576.84,1153.68
ITEM001396,ORD02715,PROD113,3,722.45,2167.35
ITEM001397,ORD04410,PROD137,4,635.97,2543.88
ITEM001398,ORD03499,PROD103,2,510.69,1021.38
ITEM001399,ORD03935,PROD100,1,294.23,294.23
ITEM001400,ORD04455,PROD022,1,67.5,67.5
ITEM001401,ORD04428,PROD030,5,673.83,3369.15
ITEM001402,ORD03905,PROD019,5,455.0,2275.0
ITEM001403,ORD01503,PROD015,6,436.41,2618.46
ITEM001404,ORD01230,PROD067,6,268.32,1609.92
ITEM001405,ORD02868,PROD073,3,734.14,2202.42
ITEM001406,ORD04050,PROD045,3,262.02,786.06
ITEM001407,ORD03766,PROD020,4,283.86,1135.44
ITEM001408,ORD03175,PROD148,6,245.64,1473.84
ITEM001409,ORD03080,PROD121,4,506.96,2027.84
ITEM001410,ORD03709,PROD144,2,287.86,575.72
ITEM001411,ORD01674,PROD140,4,438.34,1753.36
ITEM001412,ORD04917,PROD129,1,182.13,182.13
ITEM001413,ORD03325,PROD143,1,324.01,324.01
ITEM001414,ORD03185,PROD084,6,126.62,759.72
ITEM001415,ORD01070,PROD130,3,267.96,803.88
ITEM001416,ORD04433,PROD129,3,71.05,213.15
ITEM001417,ORD02907,PROD034,1,82.35,82.35
ITEM001418,ORD00570,PROD129,6,138.28,829.68
ITEM001419,ORD03255,PROD111,6,399.87,2399.22
ITEM001420,ORD00799,PROD069,1,511.27,511.27
ITEM001421,ORD02870,PROD125,4,714.9,2859.6
ITEM001422,ORD02113,PROD078,6,539.75,3238.5
ITEM001423,ORD04053,PROD026,5,267.93,1339.65
ITEM001424,ORD00024,PROD070,5,611.98,3059.9
ITEM001425,ORD02753,PROD146,3,79.41,238.23
ITEM001426,ORD02843,PROD149,2,570.51,1141.02
ITEM001427,ORD00386,PROD094,2,461.6,923.2
ITEM001428,ORD03882,PROD087,4,639.05,2556.2
ITEM001429,ORD01055,PROD087,5,236.37,1181.85
ITEM001430,ORD01283,PROD048,4,176.56,706.24
ITEM001431,ORD04671,PROD081,6,58.91,353.46
ITEM001432,ORD02599,PROD085,3,636.21,1908.63
ITEM001433,ORD01948,PROD114,6,413.71,2482.26
ITEM001434,ORD999999,PROD021,0,201.17,804.68
ITEM001435,ORD03313,PROD077,1,506.66,506.66
ITEM001436,ORD00316,PROD120,6,152.17,913.02
ITEM001437,ORD04093,PROD137,1,213.13,213.13
ITEM001438,ORD02916,PROD007,6,588.37,3530.22
ITEM001439,ORD02967,PROD005,6,671.57,4029.42
ITEM001440,ORD02464,PROD070,5,184.7,923.5
ITEM001441,ORD02688,PROD009,6,150.32,901.92
ITEM001442,ORD02921,PROD021,6,415.7,2494.2
ITEM001443,ORD04187,PROD049,4,516.24,2064.96
ITEM001444,ORD02869,PROD101,1,405.93,405.93
ITEM001445,ORD02154,PROD027,4,330.94,1323.76
ITEM001446,ORD03458,PROD017,1,455.84,455.84
ITEM001447,ORD01647,PROD020,3,385.14,1155.42
ITEM001448,ORD01471,PROD013,5,451.57,2257.85
ITEM001449,ORD02745,PROD082,2,715.78,1431.56
ITEM001450,ORD04415,PROD021,4,583.5,2334.0
ITEM001451,ORD03315,PROD027,5,461.89,2309.45
ITEM001452,ORD03649,PROD078,6,406.08,2436.48
ITEM001453,ORD03708,PROD083,3,288.54,865.62
ITEM001454,ORD03786,PROD011,5,627.42,3137.1
ITEM001455,ORD04523,PROD049,3,455.22,1365.66
ITEM001456,ORD01898,PROD120,6,323.88,1943.28
ITEM001457,ORD02636,PROD039,4,390.46,1561.84
ITEM001458,ORD02821,PROD099,2,342.31,684.62
ITEM001459,ORD04406,PROD015,3,144.34,433.02
ITEM001460,ORD00218,PROD084,3,348.53,1045.59
ITEM001461,ORD02274,PROD105,1,349.79,349.79
ITEM001462,ORD04622,PROD042,2,413.64,827.28
ITEM001463,ORD01726,PROD052,6,651.53,3909.18
ITEM001464,ORD04764,PROD040,3,688.2,2064.6
ITEM001465,ORD01349,PROD045,6,55.99,335.94
ITEM001466,ORD03562,PROD067,4,507.91,2031.64
ITEM001467,ORD00287,PROD006,2,683.19,1366.38
ITEM001468,ORD999999,PROD9999,2,610.63,1221.26
ITEM001469,ORD03822,PROD131,6,433.58,2601.48
ITEM001470,ORD04755,PROD101,2,765.04,1530.08
ITEM001471,ORD02832,PROD9999,6,506.69,3040.14
ITEM001472,ORD02904,PROD022,2,149.83,299.66
ITEM001473,ORD01650,PROD117,3,790.06,2370.18
ITEM001474,ORD03942,PROD119,4,608.98,2435.92
ITEM001475,ORD02365,PROD049,2,447.89,895.78
ITEM001476,ORD03887,PROD012,1,378.9,378.9
ITEM001477,ORD02528,PROD139,2,272.01,544.02
ITEM001478,ORD04707,PROD083,1,391.83,391.83
ITEM001479,ORD00780,PROD053,2,136.47,272.94
ITEM001480,ORD02235,PROD097,2,127.29,254.58
ITEM001481,ORD00245,PROD057,4,311.33,1245.32
ITEM001482,ORD04597,PROD105,6,338.38,2030.28
ITEM001483,ORD01554,PROD117,6,704.3,4225.8
ITEM001484,ORD03648,PROD009,2,659.17,1318.34
ITEM001485,ORD03385,PROD093,3,741.11,2223.33
ITEM001486,ORD00558,PROD146,1,246.91,246.91
ITEM001487,ORD02851,PROD049,3,482.52,1447.56
ITEM001488,ORD999999,PROD100,3,253.68,761.04
ITEM001489,ORD02376,PROD093,6,546.9,3281.4
ITEM001490,ORD01211,PROD019,1,152.62,152.62
ITEM001491,ORD04467,PROD001,6,389.03,2334.18
ITEM001492,ORD03519,PROD074,2,100.02,200.04
ITEM001493,ORD00051,PROD105,5,413.85,2069.25
ITEM001494,ORD00332,PROD135,3,463.42,1390.26
ITEM001495,ORD02713,PROD133,4,659.57,2638.28
ITEM001496,ORD02640,PROD073,1,394.99,394.99
ITEM001497,ORD03136,PROD037,5,212.38,1061.9
ITEM001498,ORD04698,PROD120,1,674.91,674.91
ITEM001499,ORD04035,PROD062,3,619.06,1857.18
ITEM001500,ORD01540,PROD148,6,714.76,4288.56
ITEM001501,ORD02985,PROD014,3,398.48,1195.44
ITEM001502,ORD01601,PROD115,4,147.32,589.28
ITEM001503,ORD02966,PROD140,2,395.04,790.08
ITEM001504,ORD01919,PROD102,2,699.58,1399.16
ITEM001505,ORD01706,PROD054,4,226.73,906.92
ITEM001506,ORD01900,PROD019,3,721.83,2165.49
ITEM001507,ORD02978,PROD008,2,447.67,895.34
ITEM001508,ORD02418,PROD022,5,286.53,1432.65
ITEM001509,ORD04055,PROD012,1,569.11,569.11
ITEM001510,ORD01773,PROD094,1,487.93,487.93
ITEM001511,ORD01978,PROD011,6,484.92,2909.52
ITEM001512,ORD999999,PROD124,4,427.87,1711.48
ITEM001513,ORD02682,PROD078,2,172.07,344.14
ITEM001514,ORD03197,PROD120,3,324.66,973.98
ITEM001515,ORD02403,PROD037,5,181.55,907.75
ITEM001516,ORD04940,PROD093,2,580.99,1161.98
ITEM001517,ORD02289,PROD048,2,117.63,235.26
ITEM001518,ORD02911,PROD131,1,781.64,781.64
ITEM001519,ORD02358,PROD006,6,736.68,4420.08
ITEM001520,ORD04086,PROD057,1,182.61,182.61
ITEM001521,ORD04239,PROD055,4,159.91,639.64
ITEM001522,ORD04018,PROD090,2,213.57,427.14
ITEM001523,ORD03958,PROD111,2,96.8,193.6
ITEM001524,ORD02624,PROD092,5,157.14,785.7
ITEM001525,ORD02918,PROD100,5,490.08,2450.4
ITEM001526,ORD04541,PROD057,6,71.4,428.4
ITEM001527,ORD04180,PROD136,1,739.79,739.79
ITEM001528,ORD02556,PROD033,5,443.01,2215.05
ITEM001529,ORD03830,PROD006,4,284.93,1139.72
ITEM001530,ORD02844,PROD091,3,652.43,1957.29
ITEM001531,ORD04876,PROD032,5,440.89,2204.45
ITEM001532,ORD03123,PROD023,3,466.11,1398.33
ITEM001533,ORD00590,PROD113,2,494.51,989.02
ITEM001534,ORD01525,PROD130,2,531.3,1062.6
ITEM001535,ORD02137,PROD100,1,330.71,330.71
ITEM001536,ORD00791,PROD124,4,507.58,2030.32
ITEM001537,ORD01247,PROD142,2,600.83,1201.66
ITEM001538,ORD02437,PROD022,5,600.7,3003.5
ITEM001539,ORD01419,PROD027,1,755.53,755.53
ITEM001540,ORD01033,PROD116,3,517.59,1552.77
ITEM001541,ORD01967,PROD052,3,431.54,1294.62
ITEM001542,ORD00504,PROD065,2,795.49,1590.98
ITEM001543,ORD00645,PROD072,4,207.15,828.6
ITEM001544,ORD04301,PROD117,1,538.96,538.96
ITEM001545,ORD01715,PROD082,3,741.55,2224.65
ITEM001546,ORD04483,PROD025,2,319.26,638.52
ITEM001547,ORD999999,PROD149,4,194.82,779.28
ITEM001548,ORD00176,PROD072,6,54.73,328.38
ITEM001549,ORD03956,PROD143,6,338.44,2030.64
ITEM001550,ORD01572,PROD029,2,116.11,232.22
ITEM001551,ORD01917,PROD073,5,537.55,2687.75
ITEM001552,ORD00185,PROD113,5,687.66,3438.3
ITEM001553,ORD04244,PROD138,3,90.63,271.89
ITEM001554,ORD03961,PROD002,2,121.85,243.7
ITEM001555,ORD03554,PROD033,3,182.63,547.89
ITEM001556,ORD02325,PROD070,3,716.63,2149.89
ITEM001557,ORD00314,PROD126,3,530.51,1591.53
ITEM001558,ORD04561,PROD107,2,592.84,1185.68
ITEM001559,ORD04014,PROD133,3,175.31,525.93
ITEM001560,ORD02834,PROD048,2,395.15,790.3
ITEM001561,ORD02115,PROD117,2,783.23,1566.46
ITEM001562,ORD04176,PROD050,2,170.99,341.98
ITEM001563,ORD01812,PROD048,2,385.46,770.92
ITEM001564,ORD04745,PROD9999,2,438.37,876.74
ITEM001565,ORD03907,PROD087,5,711.3,3556.5
ITEM001566,ORD02745,PROD047,1,686.96,686.96
ITEM001567,ORD00370,PROD079,1,525.42,525.42
ITEM001568,ORD01089,PROD013,2,219.57,439.14
ITEM001569,ORD01727,PROD096,2,319.18,638.36
ITEM001570,ORD00795,PROD106,2,457.28,914.56
ITEM001571,ORD02293,PROD049,4,703.56,2814.24
ITEM001572,ORD02492,PROD148,4,456.51,1826.04
ITEM001573,ORD00936,PROD080,3,650.99,1952.97
ITEM001574,ORD01324,PROD128,4,192.42,769.68
ITEM001575,ORD01280,PROD023,5,535.49,2677.45
ITEM001576,ORD03257,PROD103,2,232.89,465.78
ITEM001577,ORD00285,PROD025,3,244.69,734.07
ITEM001578,ORD02420,PROD119,4,54.27,217.08
ITEM001579,ORD04702,PROD067,1,757.7,757.7
ITEM001580,ORD04048,PROD025,2,746.17,1492.34
ITEM001581,ORD02241,PROD005,4,317.35,1269.4
ITEM001582,ORD04207,PROD094,4,173.2,692.8
ITEM001583,ORD04921,PROD085,1,300.99,300.99
ITEM001584,ORD01751,PROD077,4,350.84,1403.36
ITEM001585,ORD03345,PROD094,6,622.09,3732.54
ITEM001586,ORD04491,PROD059,3,243.68,731.04
ITEM001587,ORD04752,PROD149,6,603.74,3622.44
ITEM001588,ORD03045,PROD026,3,531.96,1595.88
ITEM001589,ORD01747,PROD041,5,85.77,428.85
ITEM001590,ORD00658,PROD132,4,385.76,1543.04
ITEM001591,ORD03671,PROD112,5,737.63,3688.15
ITEM001592,ORD999999,PROD023,1,352.94,352.94
ITEM001593,ORD04494,PROD101,5,423.58,2117.9
ITEM001594,ORD03826,PROD030,3,221.21,663.63
ITEM001595,ORD02197,PROD006,3,613.65,1840.95
ITEM001596,ORD04799,PROD137,6,288.79,1732.74
ITEM001597,ORD03941,PROD100,1,283.63,283.63
ITEM001598,ORD00234,PROD021,2,676.0,1352.0
ITEM001599,ORD04108,PROD056,6,395.15,2370.9
ITEM001600,ORD01933,PROD071,2,731.51,1463.02
ITEM001601,ORD00304,PROD150,2,241.41,482.82
ITEM001602,ORD01235,PROD092,3,550.64,1651.92
ITEM001603,ORD03749,PROD103,2,125.16,250.32
ITEM001604,ORD00065,PROD112,4,680.56,2722.24
ITEM001605,ORD01060,PROD092,6,386.72,2320.32
ITEM001606,ORD02284,PROD100,3,162.28,486.84
ITEM001607,ORD02949,PROD129,3,656.26,1968.78
ITEM001608,ORD00645,PROD108,3,774.53,2323.59
ITEM001609,ORD02314,PROD045,1,161.46,161.46
ITEM001610,ORD02869,PROD053,4,81.76,327.04
ITEM001611,ORD01850,PROD101,3,584.02,1752.06
ITEM001612,ORD00909,PROD133,5,405.67,2028.35
ITEM001613,ORD03543,PROD130,3,423.12,1269.36
ITEM001614,ORD04038,PROD014,5,372.97,1864.85
ITEM001615,ORD04697,PROD132,2,787.98,1575.96
ITEM001616,ORD02888,PROD012,1,375.97,375.97
ITEM001617,ORD03389,PROD113,5,502.51,2512.55
ITEM001618,ORD03691,PROD056,5,206.91,1034.55
ITEM001619,ORD00622,PROD147,5,206.41,1032.05
ITEM001620,ORD04439,PROD102,1,524.29,524.29
ITEM001621,ORD02338,PROD049,4,451.29,1805.16
ITEM001622,ORD01791,PROD120,1,462.38,462.38
ITEM001623,ORD00175,PROD104,1,567.7,567.7
ITEM001624,ORD02768,PROD097,3,375.58,1126.74
ITEM001625,ORD01719,PROD142,6,616.51,3699.06
ITEM001626,ORD01152,PROD054,1,728.98,728.98
ITEM001627,ORD00465,PROD147,5,661.3,3306.5
ITEM001628,ORD04401,PROD056,4,592.28,2369.12
ITEM001629,ORD01899,PROD115,6,476.66,2859.96
ITEM001630,ORD04050,PROD089,5,55.13,275.65
ITEM001631,ORD01064,PROD007,1,225.78,225.78
ITEM001632,ORD02631,PROD069,6,55.28,331.68
ITEM001633,ORD03871,PROD021,1,786.48,786.48
ITEM001634,ORD01609,PROD106,5,366.9,1834.5
ITEM001635,ORD01211,PROD144,2,115.66,231.32
ITEM001636,ORD01787,PROD144,2,672.95,1345.9
ITEM001637,ORD01628,PROD104,1,274.38,274.38
ITEM001638,ORD03392,PROD074,3,716.56,2149.68
ITEM001639,ORD02618,PROD130,1,533.91,533.91
ITEM001640,ORD04994,PROD039,5,188.29,941.45
ITEM001641,ORD04018,PROD149,6,733.65,4401.9
ITEM001642,ORD04759,PROD038,1,98.19,98.19
ITEM001643,ORD04584,PROD133,0,106.28,637.68
ITEM001644,ORD01212,PROD037,6,721.17,4327.02
ITEM001645,ORD04078,PROD113,5,227.76,1138.8
ITEM001646,ORD02532,PROD002,5,759.89,3799.45
ITEM001647,ORD02208,PROD087,2,414.32,828.64
ITEM001648,ORD02459,PROD127,5,298.66,1493.3
ITEM001649,ORD00355,PROD150,2,430.17,860.34
ITEM001650,ORD04940,PROD113,1,497.88,497.88
ITEM001651,ORD01967,PROD114,5,578.0,2890.0
ITEM001652,ORD02542,PROD008,6,610.59,3663.54
ITEM001653,ORD01183,PROD083,5,565.15,2825.75
ITEM001654,ORD03085,PROD109,5,270.07,1350.35
ITEM001655,ORD03839,PROD120,4,675.44,2701.76
ITEM001656,ORD00717,PROD110,6,449.93,2699.58
ITEM001657,ORD03417,PROD006,3,177.61,532.83
ITEM001658,ORD04474,PROD015,1,566.38,566.38
ITEM001659,ORD00239,PROD039,3,740.66,2221.98
ITEM001660,ORD03170,PROD030,4,360.18,1440.72
ITEM001661,ORD00974,PROD039,5,435.35,2176.75
ITEM001662,ORD03413,PROD094,3,364.18,1092.54
ITEM001663,ORD04146,PROD086,6,799.92,4799.52
ITEM001664,ORD02124,PROD013,3,409.53,1228.59
ITEM001665,ORD03605,PROD113,3,746.49,2239.47
ITEM001666,ORD04278,PROD076,1,224.7,224.7
ITEM001667,ORD00447,PROD019,1,211.85,211.85
ITEM001668,ORD999999,PROD055,3,457.03,1371.09
ITEM001669,ORD00193,PROD120,3,551.92,1655.76
ITEM001670,ORD03032,PROD014,5,754.08,3770.4
ITEM001671,ORD01371,PROD101,1,247.9,247.9
ITEM001672,ORD02800,PROD057,6,278.31,1669.86
ITEM001673,ORD04121,PROD079,3,548.24,1644.72
ITEM001674,ORD03447,PROD060,2,792.15,1584.3
ITEM001675,ORD01778,PROD012,6,548.8,3292.8
ITEM001676,ORD00667,PROD093,6,435.14,2610.84
ITEM001677,ORD03522,PROD039,3,763.28,2289.84
ITEM001678,ORD04887,PROD071,5,97.26,486.3
ITEM001679,ORD02061,PROD114,2,228.66,457.32
ITEM001680,ORD01677,PROD098,6,694.91,4169.46
ITEM001681,ORD04518,PROD016,0,718.58,1437.16
ITEM001682,ORD03066,PROD077,4,765.22,3060.88
ITEM001683,ORD01254,PROD095,1,209.26,209.26
ITEM001684,ORD02294,PROD020,5,191.65,958.25
ITEM001685,ORD00815,PROD030,6,175.43,1052.58
ITEM001686,ORD03715,PROD130,0,255.91,511.82
ITEM001687,ORD00619,PROD108,6,94.93,569.58
ITEM001688,ORD01806,PROD113,2,281.75,563.5
ITEM001689,ORD01663,PROD095,3,216.16,648.48
ITEM001690,ORD03803,PROD083,2,126.3,252.6
ITEM001691,ORD04476,PROD048,6,168.92,1013.52
ITEM001692,ORD00386,PROD081,5,197.99,989.95
ITEM001693,ORD04422,PROD059,3,78.73,236.19
ITEM001694,ORD03875,PROD069,1,782.14,782.14
ITEM001695,ORD04000,PROD133,6,245.89,1475.34
ITEM001696,ORD00665,PROD010,6,675.52,4053.12
ITEM001697,ORD00906,PROD150,2,703.74,1407.48
ITEM001698,ORD03176,PROD072,3,418.41,1255.23
ITEM001699,ORD03973,PROD107,5,639.99,3199.95
ITEM001700,ORD01235,PROD9999,3,671.52,2014.56
ITEM001701,ORD03812,PROD9999,3,659.68,1979.04
ITEM001702,ORD01893,PROD9999,2,237.61,475.22
ITEM001703,ORD04646,PROD131,2,567.98,1135.96
ITEM001704,ORD01807,PROD127,2,133.55,267.1
ITEM001705,ORD01170,PROD059,1,87.99,87.99
ITEM001706,ORD00061,PROD024,1,137.12,137.12
ITEM001707,ORD03062,PROD120,5,644.48,3222.4
ITEM001708,ORD01761,PROD079,6,602.16,3612.96
ITEM001709,ORD02733,PROD067,6,727.5,4365.0
ITEM001710,ORD00173,PROD038,2,465.95,931.9
ITEM001711,ORD00799,PROD021,2,760.65,1521.3
ITEM001712,ORD02680,PROD138,1,417.94,417.94
ITEM001713,ORD03970,PROD098,2,311.52,623.04
ITEM001714,ORD03562,PROD107,2,620.69,1241.38
ITEM001715,ORD04449,PROD014,2,767.98,1535.96
ITEM001716,ORD01270,PROD124,1,284.14,284.14
ITEM001717,ORD01152,PROD075,1,169.98,169.98
ITEM001718,ORD01480,PROD144,1,174.12,174.12
ITEM001719,ORD00239,PROD130,3,535.78,1607.34
ITEM001720,ORD02669,PROD024,3,226.73,680.19
ITEM001721,ORD03881,PROD069,5,84.6,423.0
ITEM001722,ORD04075,PROD137,6,632.78,3796.68
ITEM001723,ORD01654,PROD037,3,619.73,1859.19
ITEM001724,ORD02335,PROD025,2,212.46,424.92
ITEM001725,ORD02026,PROD044,3,291.56,874.68
ITEM001726,ORD03201,PROD141,1,726.03,726.03
ITEM001727,ORD02896,PROD117,6,133.06,798.36
ITEM001728,ORD02063,PROD037,6,534.16,3204.96
ITEM001729,ORD03513,PROD035,5,525.68,2628.4
ITEM001730,ORD00872,PROD132,2,625.64,1251.28
ITEM001731,ORD03708,PROD106,3,692.41,2077.23
ITEM001732,ORD01231,PROD005,4,372.07,1488.28
ITEM001733,ORD01889,PROD052,3,616.79,1850.37
ITEM001734,ORD00804,PROD063,1,424.29,424.29
ITEM001735,ORD02693,PROD006,3,178.79,536.37
ITEM001736,ORD03216,PROD062,1,87.27,87.27
ITEM001737,ORD04073,PROD068,6,268.44,1610.64
ITEM001738,ORD01867,PROD037,1,350.04,350.04
ITEM001739,ORD01368,PROD130,5,392.07,1960.35
ITEM001740,ORD999999,PROD150,2,249.89,499.78
ITEM001741,ORD03205,PROD051,3,214.24,642.72
ITEM001742,ORD03192,PROD027,6,293.49,1760.94
ITEM001743,ORD01094,PROD117,1,766.1,766.1
ITEM001744,ORD01295,PROD123,1,117.36,117.36
ITEM001745,ORD03379,PROD057,2,644.0,1288.0
ITEM001746,ORD03749,PROD115,3,492.28,1476.84
ITEM001747,ORD03986,PROD046,1,626.03,626.03
ITEM001748,ORD03625,PROD100,5,638.56,3192.8
ITEM001749,ORD03566,PROD103,2,644.08,1288.16
ITEM001750,ORD00410,PROD057,1,78.96,78.96
ITEM001751,ORD01417,PROD056,6,628.53,3771.18
ITEM001752,ORD00625,PROD126,2,548.24,1096.48
ITEM001753,ORD01517,PROD129,4,465.59,1862.36
ITEM001754,ORD01164,PROD147,5,408.0,2040.0
ITEM001755,ORD00960,PROD091,6,647.54,3885.24
ITEM001756,ORD02449,PROD106,5,307.38,1536.9
ITEM001757,ORD02410,PROD067,4,618.22,2472.88
ITEM001758,ORD04796,PROD103,6,124.38,746.28
ITEM001759,ORD04994,PROD140,4,480.08,1920.32
ITEM001760,ORD04422,PROD099,2,535.55,1071.1
ITEM001761,ORD04014,PROD110,2,517.63,1035.26
ITEM001762,ORD01050,PROD104,1,63.85,63.85
ITEM001763,ORD00092,PROD144,3,135.68,407.04
ITEM001764,ORD04101,PROD026,1,394.58,394.58
ITEM001765,ORD01074,PROD9999,6,401.85,2411.1
ITEM001766,ORD04758,PROD138,6,351.49,2108.94
ITEM001767,ORD03394,PROD107,4,245.73,982.92
ITEM001768,ORD00031,PROD144,1,158.56,158.56
ITEM001769,ORD02465,PROD100,4,112.55,450.2
ITEM001770,ORD03875,PROD093,5,374.67,1873.35
ITEM001771,ORD03305,PROD128,1,274.03,274.03
ITEM001772,ORD01648,PROD147,2,198.29,396.58
ITEM001773,ORD02172,PROD148,6,138.81,832.86
ITEM001774,ORD00637,PROD066,5,468.36,2341.8
ITEM001775,ORD02429,PROD054,3,475.91,1427.73
ITEM001776,ORD03744,PROD083,3,401.35,1204.05
ITEM001777,ORD03550,PROD100,6,295.54,1773.24
ITEM001778,ORD03763,PROD065,4,133.08,532.32
ITEM001779,ORD03518,PROD012,4,224.23,896.92
ITEM001780,ORD00377,PROD021,4,476.81,1907.24
ITEM001781,ORD00381,PROD041,1,68.67,68.67
ITEM001782,ORD03524,PROD034,2,433.72,867.44
ITEM001783,ORD01481,PROD080,1,173.9,173.9
ITEM001784,ORD03289,PROD028,2,605.61,1211.22
ITEM001785,ORD02113,PROD007,5,239.42,1197.1
ITEM001786,ORD03300,PROD090,2,297.01,594.02
ITEM001787,ORD03191,PROD144,2,366.36,732.72
ITEM001788,ORD00214,PROD046,4,160.64,642.56
ITEM001789,ORD03038,PROD126,2,94.54,189.08
ITEM001790,ORD00814,PROD051,1,354.0,354.0
ITEM001791,ORD04180,PROD094,5,483.13,2415.65
ITEM001792,ORD04776,PROD006,4,498.27,1993.08
ITEM001793,ORD04522,PROD058,4,103.6,414.4
ITEM001794,ORD04055,PROD027,2,544.68,1089.36
ITEM001795,ORD00443,PROD099,6,449.4,2696.4
ITEM001796,ORD04415,PROD049,5,125.37,626.85
ITEM001797,ORD03965,PROD010,3,193.32,579.96
ITEM001798,ORD02727,PROD130,6,674.11,4044.66
ITEM001799,ORD02062,PROD148,4,531.04,2124.16
ITEM001800,ORD03790,PROD127,2,224.02,448.04
ITEM001801,ORD02071,PROD066,6,765.52,4593.12
ITEM001802,ORD03423,PROD080,6,275.6,1653.6
ITEM001803,ORD01093,PROD037,1,75.17,75.17
ITEM001804,ORD04519,PROD094,5,331.36,1656.8
ITEM001805,ORD01829,PROD125,5,100.23,501.15
ITEM001806,ORD00764,PROD073,4,533.57,2134.28
ITEM001807,ORD03985,PROD082,1,581.21,581.21
ITEM001808,ORD03439,PROD049,1,183.14,183.14
ITEM001809,ORD04762,PROD040,3,785.91,2357.73
ITEM001810,ORD00936,PROD013,2,295.63,591.26
ITEM001811,ORD00321,PROD099,5,789.25,3946.25
ITEM001812,ORD04009,PROD015,4,473.72,1894.88
ITEM001813,ORD02153,PROD047,4,195.45,781.8
ITEM001814,ORD00843,PROD082,1,733.14,733.14
ITEM001815,ORD04741,PROD130,2,83.62,167.24
ITEM001816,ORD01840,PROD119,1,239.78,239.78
ITEM001817,ORD01775,PROD132,4,778.8,3115.2
ITEM001818,ORD01589,PROD036,5,393.1,1965.5
ITEM001819,ORD01133,PROD030,5,381.22,1906.1
ITEM001820,ORD02752,PROD099,4,518.34,2073.36
ITEM001821,ORD00325,PROD040,4,434.83,1739.32
ITEM001822,ORD02425,PROD113,4,633.63,2534.52
ITEM001823,ORD00784,PROD015,4,504.61,2018.44
ITEM001824,ORD01294,PROD027,1,572.45,572.45
ITEM001825,ORD00648,PROD029,3,336.76,1010.28
ITEM001826,ORD02765,PROD027,2,251.13,502.26
ITEM001827,ORD01069,PROD138,6,681.46,4088.76
ITEM001828,ORD01741,PROD084,6,185.69,1114.14
ITEM001829,ORD02931,PROD091,1,654.54,654.54
ITEM001830,ORD04241,PROD132,6,630.21,3781.26
ITEM001831,ORD00413,PROD149,5,406.29,2031.45
ITEM001832,ORD04740,PROD140,3,625.57,1876.71
ITEM001833,ORD01197,PROD149,1,478.31,478.31
ITEM001834,ORD02830,PROD034,1,781.94,781.94
ITEM001835,ORD01535,PROD128,4,424.08,1696.32
ITEM001836,ORD04121,PROD085,2,64.99,129.98
ITEM001837,ORD01662,PROD120,4,95.46,381.84
ITEM001838,ORD01120,PROD139,3,125.85,377.55
ITEM001839,ORD03678,PROD027,2,157.58,315.16
ITEM001840,ORD02929,PROD144,5,636.17,3180.85
ITEM001841,ORD00143,PROD021,4,179.6,718.4
ITEM001842,ORD01055,PROD029,1,608.31,608.31
ITEM001843,ORD02467,PROD080,6,740.39,4442.34
ITEM001844,ORD999999,PROD105,6,104.89,629.34
ITEM001845,ORD04375,PROD001,4,126.72,506.88
ITEM001846,ORD04756,PROD126,2,61.09,122.18
ITEM001847,ORD00781,PROD101,1,385.14,385.14
ITEM001848,ORD02521,PROD046,0,641.5,3849.0
ITEM001849,ORD00168,PROD020,4,466.82,1867.28
ITEM001850,ORD01682,PROD080,2,349.95,699.9
ITEM001851,ORD00268,PROD005,3,229.12,687.36
ITEM001852,ORD03562,PROD109,4,392.92,1571.68
ITEM001853,ORD05000,PROD129,6,200.93,1205.58
ITEM001854,ORD01235,PROD073,5,608.04,3040.2
ITEM001855,ORD01562,PROD150,0,544.82,2724.1
ITEM001856,ORD00273,PROD078,4,134.77,539.08
ITEM001857,ORD00466,PROD042,4,573.09,2292.36
ITEM001858,ORD02184,PROD119,5,635.32,3176.6
ITEM001859,ORD03180,PROD086,1,431.13,431.13
ITEM001860,ORD01159,PROD051,5,358.18,1790.9
ITEM001861,ORD02500,PROD115,6,666.07,3996.42
ITEM001862,ORD04032,PROD043,5,174.27,871.35
ITEM001863,ORD02505,PROD101,1,437.76,437.76
ITEM001864,ORD03312,PROD102,5,659.8,3299.0
ITEM001865,ORD03039,PROD094,6,576.74,3460.44
ITEM001866,ORD01376,PROD110,6,487.25,2923.5
ITEM001867,ORD04279,PROD019,2,623.64,1247.28
ITEM001868,ORD02622,PROD044,1,499.67,499.67
ITEM001869,ORD02456,PROD015,3,160.35,481.05
ITEM001870,ORD03412,PROD040,4,102.75,411.0
ITEM001871,ORD02433,PROD007,4,170.15,680.6
ITEM001872,ORD03171,PROD003,3,631.54,1894.62
ITEM001873,ORD03938,PROD054,4,262.92,1051.68
ITEM001874,ORD04942,PROD127,4,595.88,2383.52
ITEM001875,ORD01444,PROD044,4,432.46,1729.84
ITEM001876,ORD04414,PROD106,1,150.22,150.22
ITEM001877,ORD00866,PROD150,5,699.97,3499.85
ITEM001878,ORD04647,PROD074,6,792.97,4757.82
ITEM001879,ORD02553,PROD010,4,580.12,2320.48
ITEM001880,ORD02843,PROD024,6,58.02,348.12
ITEM001881,ORD03869,PROD049,2,292.72,585.44
ITEM001882,ORD02181,PROD008,4,688.1,2752.4
ITEM001883,ORD03172,PROD101,5,195.67,978.35
ITEM001884,ORD04387,PROD082,1,747.43,747.43
ITEM001885,ORD02907,PROD129,1,596.93,596.93
ITEM001886,ORD02453,PROD124,1,135.19,135.19
ITEM001887,ORD01135,PROD039,6,229.55,1377.3
ITEM001888,ORD00249,PROD063,6,469.85,2819.1
ITEM001889,ORD04858,PROD100,6,153.2,919.2
ITEM001890,ORD01851,PROD018,2,491.29,982.58
ITEM001891,ORD04636,PROD057,6,463.49,2780.94
ITEM001892,ORD01131,PROD013,3,687.31,2061.93
ITEM001893,ORD00719,PROD006,6,349.37,2096.22
ITEM001894,ORD03059,PROD012,5,286.79,1433.95
ITEM001895,ORD04745,PROD129,1,302.66,302.66
ITEM001896,ORD01336,PROD096,4,92.06,368.24
ITEM001897,ORD03199,PROD012,2,663.52,1327.04
ITEM001898,ORD01491,PROD024,3,510.92,1532.76
ITEM001899,ORD03560,PROD025,6,411.67,2470.02
ITEM001900,ORD02997,PROD142,6,191.03,1146.18
ITEM001901,ORD00565,PROD143,2,216.92,433.84
ITEM001902,ORD02504,PROD051,3,399.75,1199.25
ITEM001903,ORD02413,PROD111,4,460.44,1841.76
ITEM001904,ORD03242,PROD017,1,625.59,625.59
ITEM001905,ORD00632,PROD001,5,785.07,3925.35
ITEM001906,ORD03595,PROD110,4,70.6,282.4
ITEM001907,ORD03859,PROD041,6,762.63,4575.78
ITEM001908,ORD02329,PROD121,2,62.79,125.58
ITEM001909,ORD00234,PROD128,6,584.47,3506.82
ITEM001910,ORD04066,PROD029,5,723.26,3616.3
ITEM001911,ORD04790,PROD096,2,129.27,258.54
ITEM001912,ORD03208,PROD149,6,459.57,2757.42
ITEM001913,ORD03472,PROD078,2,566.45,1132.9
ITEM001914,ORD04281,PROD078,3,399.69,1199.07
ITEM001915,ORD03724,PROD017,3,524.94,1574.82
ITEM001916,ORD04880,PROD034,5,110.31,551.55
ITEM001917,ORD00175,PROD059,2,637.4,1274.8
ITEM001918,ORD04873,PROD101,6,523.78,3142.68
ITEM001919,ORD04091,PROD148,4,344.95,1379.8
ITEM001920,ORD03003,PROD105,3,788.82,2366.46
ITEM001921,ORD00657,PROD124,3,777.97,2333.91
ITEM001922,ORD00883,PROD148,6,513.23,3079.38
ITEM001923,ORD00930,PROD125,3,364.38,1093.14
ITEM001924,ORD02289,PROD013,2,138.43,276.86
ITEM001925,ORD01496,PROD107,5,771.05,3855.25
ITEM001926,ORD03727,PROD130,6,675.66,4053.96
ITEM001927,ORD01457,PROD054,4,199.59,798.36
ITEM001928,ORD01429,PROD108,5,425.09,2125.45
ITEM001929,ORD00379,PROD122,5,566.28,2831.4
ITEM001930,ORD00988,PROD109,5,114.71,573.55
ITEM001931,ORD00122,PROD140,2,764.03,1528.06
ITEM001932,ORD02094,PROD075,1,708.85,708.85
ITEM001933,ORD03994,PROD090,1,50.87,50.87
ITEM001934,ORD02845,PROD141,3,728.5,2185.5
ITEM001935,ORD03068,PROD131,4,450.48,1801.92
ITEM001936,ORD01230,PROD033,6,782.31,4693.86
ITEM001937,ORD02839,PROD123,6,388.84,2333.04
ITEM001938,ORD01111,PROD022,0,543.72,2718.6
ITEM001939,ORD01180,PROD9999,4,799.68,3198.72
ITEM001940,ORD01418,PROD128,1,260.44,260.44
ITEM001941,ORD03872,PROD008,6,652.72,3916.32
ITEM001942,ORD04006,PROD037,1,110.43,110.43
ITEM001943,ORD01927,PROD100,6,307.22,1843.32
ITEM001944,ORD02989,PROD139,1,610.81,610.81
ITEM001945,ORD03329,PROD092,5,662.28,3311.4
ITEM001946,ORD03340,PROD043,2,769.55,1539.1
ITEM001947,ORD03082,PROD008,2,125.36,250.72
ITEM001948,ORD02978,PROD147,4,672.76,2691.04
ITEM001949,ORD04511,PROD076,5,460.31,2301.55
ITEM001950,ORD04576,PROD114,3,61.63,184.89
ITEM001951,ORD02479,PROD080,3,263.84,791.52
ITEM001952,ORD03023,PROD099,1,673.35,673.35
ITEM001953,ORD01823,PROD061,5,751.99,3759.95
ITEM001954,ORD999999,PROD124,4,111.58,446.32
ITEM001955,ORD00839,PROD129,6,53.44,320.64
ITEM001956,ORD03900,PROD085,6,106.77,640.62
ITEM001957,ORD04294,PROD016,5,63.9,319.5
ITEM001958,ORD03234,PROD121,2,500.73,1001.46
ITEM001959,ORD00081,PROD009,1,769.12,769.12
ITEM001960,ORD02866,PROD059,1,108.66,108.66
ITEM001961,ORD02877,PROD126,2,189.33,378.66
ITEM001962,ORD02748,PROD064,5,284.18,1420.9
ITEM001963,ORD04645,PROD149,5,521.3,2606.5
ITEM001964,ORD04795,PROD070,3,643.67,1931.01
ITEM001965,ORD03277,PROD022,3,480.24,1440.72
ITEM001966,ORD00432,PROD126,4,575.73,2302.92
ITEM001967,ORD00540,PROD144,2,311.35,622.7
ITEM001968,ORD00974,PROD046,1,646.49,646.49
ITEM001969,ORD02868,PROD016,3,107.8,323.4
ITEM001970,ORD00314,PROD030,0,754.82,3019.28
ITEM001971,ORD00910,PROD058,5,588.86,2944.3
ITEM001972,ORD02173,PROD016,6,794.17,4765.02
ITEM001973,ORD03530,PROD096,5,190.1,950.5
ITEM001974,ORD01531,PROD123,6,606.98,3641.88
ITEM001975,ORD999999,PROD111,6,482.07,2892.42
ITEM001976,ORD00590,PROD018,6,378.14,2268.84
ITEM001977,ORD01868,PROD047,6,373.34,2240.04
ITEM001978,ORD03165,PROD122,2,662.99,1325.98
ITEM001979,ORD02396,PROD043,4,171.52,686.08
ITEM001980,ORD04503,PROD048,1,623.17,623.17
ITEM001981,ORD02490,PROD032,5,228.33,1141.65
ITEM001982,ORD00545,PROD064,1,557.99,557.99
ITEM001983,ORD01373,PROD124,2,109.76,219.52
ITEM001984,ORD04432,PROD046,5,387.82,1939.1
ITEM001985,ORD00335,PROD060,5,401.77,2008.85
ITEM001986,ORD04813,PROD9999,6,753.87,4523.22
ITEM001987,ORD03498,PROD118,4,602.85,2411.4
ITEM001988,ORD03017,PROD063,5,513.3,2566.5
ITEM001989,ORD02644,PROD018,2,141.9,283.8
ITEM001990,ORD02140,PROD086,6,141.08,846.48
ITEM001991,ORD01397,PROD053,3,241.63,724.89
ITEM001992,ORD04148,PROD085,1,56.97,56.97
ITEM001993,ORD00848,PROD001,5,548.3,2741.5
ITEM001994,ORD00657,PROD111,3,555.67,1667.01
ITEM001995,ORD999999,PROD035,3,238.17,714.51
ITEM001996,ORD02709,PROD131,5,138.75,693.75
ITEM001997,ORD01841,PROD034,3,403.68,1211.04
ITEM001998,ORD00918,PROD9999,6,751.92,4511.52
ITEM001999,ORD04978,PROD123,3,635.69,1907.07
ITEM002000,ORD01651,PROD144,6,116.65,699.9
ITEM002001,ORD02826,PROD019,4,265.61,1062.44
ITEM002002,ORD04043,PROD070,3,305.89,917.67
ITEM002003,ORD04718,PROD062,6,68.73,412.38
ITEM002004,ORD00113,PROD070,5,768.6,3843.0
ITEM002005,ORD02623,PROD105,4,139.51,558.04
ITEM002006,ORD02429,PROD125,2,565.65,1131.3
ITEM002007,ORD02890,PROD137,6,473.07,2838.42
ITEM002008,ORD01708,PROD093,1,226.79,226.79
ITEM002009,ORD03347,PROD096,3,197.28,591.84
ITEM002010,ORD04645,PROD092,1,363.83,363.83
ITEM002011,ORD01599,PROD128,4,411.43,1645.72
ITEM002012,ORD01885,PROD128,1,426.53,426.53
ITEM002013,ORD03813,PROD097,6,518.42,3110.52
ITEM002014,ORD02911,PROD056,5,694.15,3470.75
ITEM002015,ORD01665,PROD125,4,751.63,3006.52
ITEM002016,ORD02183,PROD079,1,363.37,363.37
ITEM002017,ORD02457,PROD056,2,436.4,872.8
ITEM002018,ORD04533,PROD026,6,551.42,3308.52
ITEM002019,ORD01555,PROD049,6,62.81,376.86
ITEM002020,ORD02899,PROD088,4,714.63,2858.52
ITEM002021,ORD03513,PROD105,6,85.75,514.5
ITEM002022,ORD04765,PROD063,6,745.1,4470.6
ITEM002023,ORD03533,PROD016,6,359.83,2158.98
ITEM002024,ORD02960,PROD020,5,664.28,3321.4
ITEM002025,ORD03997,PROD010,2,655.61,1311.22
ITEM002026,ORD04811,PROD076,1,340.86,340.86
ITEM002027,ORD02563,PROD058,2,366.78,733.56
ITEM002028,ORD00041,PROD048,2,301.7,603.4
ITEM002029,ORD00760,PROD147,6,150.37,902.22
ITEM002030,ORD04573,PROD137,5,102.05,510.25
ITEM002031,ORD00608,PROD117,1,507.82,507.82
ITEM002032,ORD00718,PROD148,4,550.8,2203.2
ITEM002033,ORD01993,PROD056,1,493.06,493.06
ITEM002034,ORD03690,PROD132,5,302.56,1512.8
ITEM002035,ORD03158,PROD071,3,429.5,1288.5
ITEM002036,ORD01686,PROD123,2,236.22,472.44
ITEM002037,ORD00057,PROD026,4,550.71,2202.84
ITEM002038,ORD02331,PROD046,3,235.59,706.77
ITEM002039,ORD00991,PROD135,6,652.82,3916.92
ITEM002040,ORD999999,PROD9999,1,152.04,152.04
ITEM002041,ORD04118,PROD127,6,542.44,3254.64
ITEM002042,ORD03409,PROD061,4,83.32,333.28
ITEM002043,ORD01931,PROD122,2,624.1,1248.2
ITEM002044,ORD02091,PROD062,3,313.64,940.92
ITEM002045,ORD01033,PROD138,6,275.39,1652.34
ITEM002046,ORD00292,PROD125,3,636.71,1910.13
ITEM002047,ORD04715,PROD024,6,165.6,993.6
ITEM002048,ORD04546,PROD026,3,122.43,367.29
ITEM002049,ORD02436,PROD080,5,797.99,3989.95
ITEM002050,ORD00064,PROD099,5,326.71,1633.55
ITEM002051,ORD02572,PROD145,4,768.16,3072.64
ITEM002052,ORD00545,PROD075,1,84.05,84.05
ITEM002053,ORD01094,PROD007,3,69.02,207.06
ITEM002054,ORD03527,PROD070,2,67.43,134.86
ITEM002055,ORD01120,PROD011,5,275.42,1377.1
ITEM002056,ORD04242,PROD077,1,554.91,554.91
ITEM002057,ORD03732,PROD122,2,266.61,533.22
ITEM002058,ORD03653,PROD011,6,577.16,3462.96
ITEM002059,ORD01737,PROD018,5,383.48,1917.4
ITEM002060,ORD04853,PROD094,2,290.7,581.4
ITEM002061,ORD02609,PROD147,3,139.94,419.82
ITEM002062,ORD02033,PROD014,3,229.93,689.79
ITEM002063,ORD01928,PROD9999,5,434.5,2172.5
ITEM002064,ORD00267,PROD068,6,139.13,834.78
ITEM002065,ORD01264,PROD013,5,700.01,3500.05
ITEM002066,ORD04071,PROD125,5,562.18,2810.9
ITEM002067,ORD00138,PROD001,4,201.56,806.24
ITEM002068,ORD02225,PROD083,6,545.24,3271.44
ITEM002069,ORD03187,PROD124,1,684.74,684.74
ITEM002070,ORD04116,PROD142,3,760.38,2281.14
ITEM002071,ORD02563,PROD026,5,227.89,1139.45
ITEM002072,ORD03751,PROD068,6,417.78,2506.68
ITEM002073,ORD01454,PROD087,1,230.22,230.22
ITEM002074,ORD03120,PROD077,1,165.95,165.95
ITEM002075,ORD02834,PROD147,5,80.89,404.45
ITEM002076,ORD02357,PROD102,3,190.68,572.04
ITEM002077,ORD00169,PROD106,4,733.86,2935.44
ITEM002078,ORD03402,PROD014,3,606.83,1820.49
ITEM002079,ORD04711,PROD092,3,528.22,1584.66
ITEM002080,ORD01819,PROD055,1,573.54,573.54
ITEM002081,ORD04550,PROD011,2,457.03,914.06
ITEM002082,ORD04491,PROD009,4,605.55,2422.2
ITEM002083,ORD04232,PROD147,6,352.21,2113.26
ITEM002084,ORD00089,PROD107,4,756.09,3024.36
ITEM002085,ORD01638,PROD023,4,290.33,1161.32
ITEM002086,ORD04362,PROD047,4,155.2,620.8
ITEM002087,ORD00886,PROD069,1,319.95,319.95
ITEM002088,ORD02289,PROD133,5,440.87,2204.35
ITEM002089,ORD02310,PROD082,2,693.02,1386.04
ITEM002090,ORD04238,PROD9999,3,627.96,1883.88
ITEM002091,ORD02305,PROD040,1,76.46,76.46
ITEM002092,ORD01331,PROD9999,6,506.24,3037.44
ITEM002093,ORD03266,PROD029,4,221.84,887.36
ITEM002094,ORD02978,PROD089,1,519.46,519.46
ITEM002095,ORD03822,PROD097,1,275.65,275.65
ITEM002096,ORD02424,PROD106,4,408.11,1632.44
ITEM002097,ORD00736,PROD129,1,90.02,90.02
ITEM002098,ORD03220,PROD027,2,745.29,1490.58
ITEM002099,ORD04310,PROD104,3,154.74,464.22
ITEM002100,ORD01760,PROD126,0,751.15,3755.75
ITEM002101,ORD03620,PROD092,4,308.05,1232.2
ITEM002102,ORD01622,PROD050,3,460.01,1380.03
ITEM002103,ORD00207,PROD008,1,176.37,176.37
ITEM002104,ORD00592,PROD116,4,331.63,1326.52
ITEM002105,ORD01089,PROD150,3,782.34,2347.02
ITEM002106,ORD02444,PROD034,6,427.2,2563.2
ITEM002107,ORD03966,PROD045,4,240.13,960.52
ITEM002108,ORD00638,PROD066,1,544.53,544.53
ITEM002109,ORD03874,PROD145,6,114.68,688.08
ITEM002110,ORD00575,PROD135,3,619.59,1858.77
ITEM002111,ORD04643,PROD020,6,164.56,987.36
ITEM002112,ORD01040,PROD079,1,279.86,279.86
ITEM002113,ORD00027,PROD062,2,196.78,393.56
ITEM002114,ORD03905,PROD132,2,578.27,1156.54
ITEM002115,ORD04479,PROD040,4,94.62,378.48
ITEM002116,ORD01896,PROD079,4,709.23,2836.92
ITEM002117,ORD02138,PROD146,4,688.5,2754.0
ITEM002118,ORD00681,PROD9999,3,145.33,435.99
ITEM002119,ORD04352,PROD150,3,753.25,2259.75
ITEM002120,ORD03487,PROD144,5,358.83,1794.15
ITEM002121,ORD01418,PROD061,3,125.84,377.52
ITEM002122,ORD01353,PROD068,5,561.76,2808.8
ITEM002123,ORD01713,PROD103,5,544.31,2721.55
ITEM002124,ORD00710,PROD055,2,258.65,517.3
ITEM002125,ORD00465,PROD075,1,258.05,258.05
ITEM002126,ORD03590,PROD088,6,255.41,1532.46
ITEM002127,ORD01004,PROD114,2,618.26,1236.52
ITEM002128,ORD02775,PROD068,5,391.67,1958.35
ITEM002129,ORD03044,PROD019,4,343.24,1372.96
ITEM002130,ORD02894,PROD024,4,158.79,635.16
ITEM002131,ORD00628,PROD112,1,717.98,717.98
ITEM002132,ORD03963,PROD041,2,661.73,1323.46
ITEM002133,ORD02327,PROD026,5,354.09,1770.45
ITEM002134,ORD02311,PROD026,5,546.37,2731.85
ITEM002135,ORD00086,PROD084,6,218.56,1311.36
ITEM002136,ORD04960,PROD041,1,635.9,635.9
ITEM002137,ORD03260,PROD010,6,511.68,3070.08
ITEM002138,ORD03490,PROD148,6,109.82,658.92
ITEM002139,ORD04093,PROD134,4,439.49,1757.96
ITEM002140,ORD02138,PROD031,4,685.69,2742.76
ITEM002141,ORD03552,PROD148,5,724.54,3622.7
ITEM002142,ORD04480,PROD031,6,369.1,2214.6
ITEM002143,ORD04561,PROD095,2,541.06,1082.12
ITEM002144,ORD00495,PROD087,3,750.18,2250.54
ITEM002145,ORD00149,PROD150,5,304.95,1524.75
ITEM002146,ORD00747,PROD126,5,417.45,2087.25
ITEM002147,ORD04584,PROD030,6,239.29,1435.74
ITEM002148,ORD03710,PROD026,6,764.09,4584.54
ITEM002149,ORD01152,PROD052,6,265.42,1592.52
ITEM002150,ORD01609,PROD098,5,513.97,2569.85
ITEM002151,ORD02894,PROD012,1,366.82,366.82
ITEM002152,ORD01195,PROD070,6,756.45,4538.7
ITEM002153,ORD03647,PROD138,5,557.67,2788.35
ITEM002154,ORD00945,PROD120,4,760.57,3042.28
ITEM002155,ORD999999,PROD048,6,735.19,4411.14
ITEM002156,ORD01315,PROD146,6,317.71,1906.26
ITEM002157,ORD00046,PROD141,3,199.46,598.38
ITEM002158,ORD01113,PROD011,4,347.68,1390.72
ITEM002159,ORD04768,PROD094,5,423.32,2116.6
ITEM002160,ORD02652,PROD121,3,330.87,992.61
ITEM002161,ORD00498,PROD133,2,52.99,105.98
ITEM002162,ORD04618,PROD032,4,742.36,2969.44
ITEM002163,ORD03439,PROD150,3,151.72,455.16
ITEM002164,ORD04787,PROD110,2,388.99,777.98
ITEM002165,ORD00240,PROD115,2,51.15,102.3
ITEM002166,ORD04405,PROD044,2,483.72,967.44
ITEM002167,ORD04000,PROD9999,5,756.05,3780.25
ITEM002168,ORD00567,PROD044,6,275.12,1650.72
ITEM002169,ORD02038,PROD033,5,480.14,2400.7
ITEM002170,ORD01760,PROD121,6,690.05,4140.3
ITEM002171,ORD01511,PROD088,6,600.17,3601.02
ITEM002172,ORD04827,PROD028,6,696.97,4181.82
ITEM002173,ORD00497,PROD072,2,72.0,144.0
ITEM002174,ORD04434,PROD056,1,749.33,749.33
ITEM002175,ORD00205,PROD141,2,743.34,1486.68
ITEM002176,ORD04908,PROD102,5,326.58,1632.9
ITEM002177,ORD04041,PROD142,6,575.89,3455.34
ITEM002178,ORD02116,PROD040,2,192.47,384.94
ITEM002179,ORD02081,PROD086,1,277.08,277.08
ITEM002180,ORD03977,PROD100,3,661.22,1983.66
ITEM002181,ORD02445,PROD105,4,645.23,2580.92
ITEM002182,ORD00209,PROD111,6,78.35,470.1
ITEM002183,ORD02216,PROD030,5,128.82,644.1
ITEM002184,ORD03255,PROD026,1,488.35,488.35
ITEM002185,ORD01336,PROD047,1,332.49,332.49
ITEM002186,ORD00153,PROD098,2,102.07,204.14
ITEM002187,ORD04846,PROD066,2,186.51,373.02
ITEM002188,ORD02434,PROD9999,3,648.03,1944.09
ITEM002189,ORD02338,PROD147,4,608.82,2435.28
ITEM002190,ORD02270,PROD118,2,652.83,1305.66
ITEM002191,ORD04552,PROD010,4,735.83,2943.32
ITEM002192,ORD00142,PROD073,3,598.62,1795.86
ITEM002193,ORD00625,PROD123,2,261.18,522.36
ITEM002194,ORD02083,PROD024,1,258.82,258.82
ITEM002195,ORD00636,PROD112,6,335.31,2011.86
ITEM002196,ORD04858,PROD9999,1,193.74,193.74
ITEM002197,ORD02392,PROD030,6,215.15,1290.9
ITEM002198,ORD00465,PROD077,6,550.98,3305.88
ITEM002199,ORD02577,PROD025,4,593.23,2372.92
ITEM002200,ORD02296,PROD147,3,666.83,2000.49
ITEM002201,ORD02301,PROD094,4,280.81,1123.24
ITEM002202,ORD03942,PROD129,1,680.52,680.52
ITEM002203,ORD03160,PROD091,4,317.52,1270.08
ITEM002204,ORD02238,PROD081,4,395.44,1581.76
ITEM002205,ORD03458,PROD102,4,653.31,2613.24
ITEM002206,ORD01801,PROD131,1,344.75,344.75
ITEM002207,ORD02281,PROD055,2,276.32,552.64
ITEM002208,ORD02096,PROD052,6,151.85,911.1
ITEM002209,ORD02351,PROD035,1,279.62,279.62
ITEM002210,ORD999999,PROD050,3,758.26,2274.78
ITEM002211,ORD04115,PROD144,2,366.85,733.7
ITEM002212,ORD04762,PROD022,5,730.0,3650.0
ITEM002213,ORD03747,PROD009,1,290.61,290.61
ITEM002214,ORD02094,PROD139,1,423.45,423.45
ITEM002215,ORD02719,PROD055,3,254.29,762.87
ITEM002216,ORD03521,PROD010,2,593.96,1187.92
ITEM002217,ORD01223,PROD012,6,558.24,3349.44
ITEM002218,ORD01567,PROD026,2,644.06,1288.12
ITEM002219,ORD02760,PROD092,5,510.66,2553.3
ITEM002220,ORD01417,PROD018,5,570.88,2854.4
ITEM002221,ORD02644,PROD056,4,657.59,2630.36
ITEM002222,ORD03854,PROD053,2,460.95,921.9
ITEM002223,ORD02910,PROD052,4,103.1,412.4
ITEM002224,ORD00993,PROD040,1,540.74,540.74
ITEM002225,ORD04469,PROD017,1,698.29,698.29
ITEM002226,ORD03346,PROD046,4,136.63,546.52
ITEM002227,ORD01418,PROD054,5,674.52,3372.6
ITEM002228,ORD01673,PROD150,5,347.95,1739.75
ITEM002229,ORD00879,PROD052,1,777.69,777.69
ITEM002230,ORD01621,PROD098,4,572.85,2291.4
ITEM002231,ORD01650,PROD097,2,108.7,217.4
ITEM002232,ORD02113,PROD9999,4,51.66,206.64
ITEM002233,ORD00925,PROD003,3,588.99,1766.97
ITEM002234,ORD02306,PROD116,3,214.9,644.7
ITEM002235,ORD00229,PROD133,1,741.07,741.07
ITEM002236,ORD01930,PROD063,4,731.38,2925.52
ITEM002237,ORD02869,PROD008,6,52.41,314.46
ITEM002238,ORD04386,PROD084,3,433.0,1299.0
ITEM002239,ORD03078,PROD051,6,305.27,1831.62
ITEM002240,ORD02770,PROD9999,2,81.43,162.86
ITEM002241,ORD01043,PROD136,3,339.77,1019.31
ITEM002242,ORD03309,PROD026,2,617.28,1234.56
ITEM002243,ORD04253,PROD053,5,483.01,2415.05
ITEM002244,ORD00967,PROD047,1,265.51,265.51
ITEM002245,ORD01564,PROD059,5,244.68,1223.4
ITEM002246,ORD04193,PROD039,5,715.16,3575.8
ITEM002247,ORD03414,PROD098,1,270.41,270.41
ITEM002248,ORD02307,PROD119,1,338.45,338.45
ITEM002249,ORD02763,PROD041,5,684.99,3424.95
ITEM002250,ORD02327,PROD060,3,630.94,1892.82
ITEM002251,ORD01764,PROD064,5,649.57,3247.85
ITEM002252,ORD03190,PROD038,4,197.25,789.0
ITEM002253,ORD00899,PROD150,3,402.69,1208.07
ITEM002254,ORD03857,PROD066,3,364.72,1094.16
ITEM002255,ORD01574,PROD139,4,428.29,1713.16
ITEM002256,ORD01499,PROD080,5,135.47,677.35
ITEM002257,ORD03378,PROD073,5,675.66,3378.3
ITEM002258,ORD01024,PROD089,5,110.49,552.45
ITEM002259,ORD04812,PROD059,4,273.12,1092.48
ITEM002260,ORD04739,PROD139,5,798.05,3990.25
ITEM002261,ORD00953,PROD115,6,51.45,308.7
ITEM002262,ORD04846,PROD029,4,536.9,2147.6
ITEM002263,ORD01094,PROD133,3,565.7,1697.1
ITEM002264,ORD03623,PROD130,1,248.47,248.47
ITEM002265,ORD01440,PROD145,3,136.92,410.76
ITEM002266,ORD03911,PROD079,4,747.3,2989.2
ITEM002267,ORD01878,PROD032,5,213.27,1066.35
ITEM002268,ORD03758,PROD042,2,697.54,1395.08
ITEM002269,ORD01336,PROD097,5,188.91,944.55
ITEM002270,ORD01795,PROD095,5,139.87,699.35
ITEM002271,ORD03642,PROD085,1,516.84,516.84
ITEM002272,ORD03544,PROD068,3,162.38,487.14
ITEM002273,ORD04640,PROD060,3,496.51,1489.53
ITEM002274,ORD04202,PROD081,3,167.42,502.26
ITEM002275,ORD03596,PROD009,2,323.73,647.46
ITEM002276,ORD02910,PROD082,3,681.54,2044.62
ITEM002277,ORD02633,PROD129,6,728.64,4371.84
ITEM002278,ORD04734,PROD130,6,566.66,3399.96
ITEM002279,ORD01953,PROD094,6,698.89,4193.34
ITEM002280,ORD03510,PROD038,2,88.37,176.74
ITEM002281,ORD04985,PROD091,3,706.47,2119.41
ITEM002282,ORD01087,PROD096,6,672.8,4036.8
ITEM002283,ORD00579,PROD109,6,685.53,4113.18
ITEM002284,ORD03084,PROD073,4,88.18,352.72
ITEM002285,ORD03221,PROD133,4,550.87,2203.48
ITEM002286,ORD04190,PROD030,6,392.28,2353.68
ITEM002287,ORD00163,PROD018,5,520.1,2600.5
ITEM002288,ORD01495,PROD132,6,401.81,2410.86
ITEM002289,ORD03786,PROD107,1,57.83,57.83
ITEM002290,ORD03062,PROD143,2,653.17,1306.34
ITEM002291,ORD03056,PROD023,5,491.2,2456.0
ITEM002292,ORD03645,PROD004,1,502.87,502.87
ITEM002293,ORD02113,PROD122,6,795.92,4775.52
ITEM002294,ORD01874,PROD108,1,122.72,122.72
ITEM002295,ORD02740,PROD067,6,72.58,435.48
ITEM002296,ORD01512,PROD093,5,97.88,489.4
ITEM002297,ORD04211,PROD059,5,313.06,1565.3
ITEM002298,ORD02649,PROD032,3,652.87,1958.61
ITEM002299,ORD01681,PROD015,5,473.56,2367.8
ITEM002300,ORD03935,PROD056,4,693.39,2773.56
ITEM002301,ORD03831,PROD9999,5,706.32,3531.6
ITEM002302,ORD999999,PROD088,6,707.11,4242.66
ITEM002303,ORD02907,PROD139,2,183.5,367.0
ITEM002304,ORD00797,PROD072,1,390.75,390.75
ITEM002305,ORD04229,PROD050,3,218.84,656.52
ITEM002306,ORD02383,PROD090,6,318.73,1912.38
ITEM002307,ORD00658,PROD067,1,270.15,270.15
ITEM002308,ORD01134,PROD141,5,149.93,749.65
ITEM002309,ORD01796,PROD045,4,229.9,919.6
ITEM002310,ORD03359,PROD140,3,355.91,1067.73
ITEM002311,ORD02199,PROD104,5,522.0,2610.0
ITEM002312,ORD04974,PROD021,5,331.1,1655.5
ITEM002313,ORD02707,PROD047,6,233.09,1398.54
ITEM002314,ORD04980,PROD056,1,397.17,397.17
ITEM002315,ORD03724,PROD129,3,237.84,713.52
ITEM002316,ORD01382,PROD060,1,410.24,410.24
ITEM002317,ORD02537,PROD085,6,73.71,442.26
ITEM002318,ORD04557,PROD020,1,430.74,430.74
ITEM002319,ORD00552,PROD019,5,583.88,2919.4
ITEM002320,ORD01795,PROD015,1,133.11,133.11
ITEM002321,ORD999999,PROD069,3,573.48,1720.44
ITEM002322,ORD01887,PROD035,3,354.46,1063.38
ITEM002323,ORD00527,PROD085,1,768.62,768.62
ITEM002324,ORD02968,PROD034,4,315.2,1260.8
ITEM002325,ORD01088,PROD088,3,116.38,349.14
ITEM002326,ORD00090,PROD002,5,799.87,3999.35
ITEM002327,ORD03863,PROD077,6,640.42,3842.52
ITEM002328,ORD03648,PROD046,5,326.53,1632.65
ITEM002329,ORD04747,PROD049,1,680.41,680.41
ITEM002330,ORD02354,PROD019,6,83.68,502.08
ITEM002331,ORD03797,PROD019,5,556.45,2782.25
ITEM002332,ORD03667,PROD116,0,116.3,232.6
ITEM002333,ORD02614,PROD050,4,787.82,3151.28
ITEM002334,ORD01797,PROD140,3,135.74,407.22
ITEM002335,ORD02422,PROD011,6,65.0,390.0
ITEM002336,ORD03875,PROD118,5,659.4,3297.0
ITEM002337,ORD00668,PROD130,2,122.19,244.38
ITEM002338,ORD03599,PROD009,3,549.59,1648.77
ITEM002339,ORD02607,PROD119,1,238.81,238.81
ITEM002340,ORD03838,PROD105,4,586.45,2345.8
ITEM002341,ORD02222,PROD098,1,724.65,724.65
ITEM002342,ORD01442,PROD121,2,764.65,1529.3
ITEM002343,ORD01715,PROD093,4,137.58,550.32
ITEM002344,ORD03571,PROD099,6,722.69,4336.14
ITEM002345,ORD01486,PROD068,2,442.66,885.32
ITEM002346,ORD02176,PROD139,3,603.73,1811.19
ITEM002347,ORD00025,PROD104,5,445.32,2226.6
ITEM002348,ORD04960,PROD062,2,102.74,205.48
ITEM002349,ORD01880,PROD009,3,273.01,819.03
ITEM002350,ORD01723,PROD137,3,362.22,1086.66
ITEM002351,ORD02321,PROD044,3,68.6,205.8
ITEM002352,ORD02386,PROD025,4,748.81,2995.24
ITEM002353,ORD03167,PROD074,1,415.18,415.18
ITEM002354,ORD03610,PROD066,4,249.32,997.28
ITEM002355,ORD00321,PROD102,1,331.18,331.18
ITEM002356,ORD04386,PROD108,5,743.67,3718.35
ITEM002357,ORD04764,PROD128,1,425.6,425.6
ITEM002358,ORD999999,PROD071,2,763.21,1526.42
ITEM002359,ORD04600,PROD114,4,159.41,637.64
ITEM002360,ORD03208,PROD058,3,514.46,1543.38
ITEM002361,ORD03575,PROD023,6,293.56,1761.36
ITEM002362,ORD04551,PROD070,5,100.56,502.8
ITEM002363,ORD00554,PROD128,5,176.4,882.0
ITEM002364,ORD04939,PROD082,2,354.33,708.66
ITEM002365,ORD03853,PROD150,4,428.86,1715.44
ITEM002366,ORD03888,PROD007,1,628.83,628.83
ITEM002367,ORD02581,PROD119,1,234.84,234.84
ITEM002368,ORD00751,PROD105,2,240.24,480.48
ITEM002369,ORD00291,PROD062,4,708.93,2835.72
ITEM002370,ORD03203,PROD086,2,764.5,1529.0
ITEM002371,ORD01963,PROD9999,5,641.06,3205.3
ITEM002372,ORD03113,PROD073,1,260.56,260.56
ITEM002373,ORD00521,PROD017,5,310.67,1553.35
ITEM002374,ORD03079,PROD052,6,161.39,968.34
ITEM002375,ORD01581,PROD099,1,274.2,274.2
ITEM002376,ORD00588,PROD144,3,706.13,2118.39
ITEM002377,ORD02465,PROD052,4,534.61,2138.44
ITEM002378,ORD01361,PROD100,1,773.11,773.11
ITEM002379,ORD00652,PROD017,3,660.88,1982.64
ITEM002380,ORD01968,PROD055,5,391.0,1955.0
ITEM002381,ORD00319,PROD041,5,492.04,2460.2
ITEM002382,ORD02939,PROD059,4,606.96,2427.84
ITEM002383,ORD02432,PROD006,5,492.72,2463.6
ITEM002384,ORD03923,PROD087,5,792.83,3964.15
ITEM002385,ORD03157,PROD077,6,109.71,658.26
ITEM002386,ORD04860,PROD066,6,289.51,1737.06
ITEM002387,ORD03068,PROD066,2,176.8,353.6
ITEM002388,ORD00583,PROD061,4,602.31,2409.24
ITEM002389,ORD04325,PROD028,2,208.31,416.62
ITEM002390,ORD00089,PROD026,6,725.74,4354.44
ITEM002391,ORD02000,PROD053,6,788.95,4733.7
ITEM002392,ORD00444,PROD032,2,605.95,1211.9
ITEM002393,ORD01244,PROD031,1,127.88,127.88
ITEM002394,ORD04500,PROD013,5,411.55,2057.75
ITEM002395,ORD01693,PROD017,2,437.2,874.4
ITEM002396,ORD04976,PROD109,1,171.29,171.29
ITEM002397,ORD04180,PROD145,4,542.85,2171.4
ITEM002398,ORD00969,PROD069,2,202.95,405.9
ITEM002399,ORD04255,PROD139,2,712.33,1424.66
ITEM002400,ORD00069,PROD139,5,793.26,3966.3
ITEM002401,ORD04858,PROD010,4,355.89,1423.56
ITEM002402,ORD02290,PROD067,3,168.88,506.64
ITEM002403,ORD04710,PROD098,3,435.71,1307.13
ITEM002404,ORD04783,PROD121,1,710.53,710.53
ITEM002405,ORD03053,PROD038,2,744.9,1489.8
ITEM002406,ORD04526,PROD078,4,340.15,1360.6
ITEM002407,ORD01697,PROD049,6,554.85,3329.1
ITEM002408,ORD03209,PROD131,4,362.43,1449.72
ITEM002409,ORD02238,PROD064,3,454.08,1362.24
ITEM002410,ORD02271,PROD108,4,475.01,1900.04
ITEM002411,ORD01412,PROD049,2,245.43,490.86
ITEM002412,ORD00577,PROD122,3,785.34,2356.02
ITEM002413,ORD00712,PROD075,3,544.95,1634.85
ITEM002414,ORD02197,PROD016,5,570.23,2851.15
ITEM002415,ORD03856,PROD124,1,338.11,338.11
ITEM002416,ORD01441,PROD055,6,304.55,1827.3
ITEM002417,ORD00095,PROD090,5,301.05,1505.25
ITEM002418,ORD04811,PROD093,1,496.66,496.66
ITEM002419,ORD00153,PROD070,5,435.62,2178.1
ITEM002420,ORD03236,PROD017,5,132.01,660.05
ITEM002421,ORD02591,PROD134,2,374.2,748.4
ITEM002422,ORD00098,PROD130,5,543.98,2719.9
ITEM002423,ORD00388,PROD091,5,574.9,2874.5
ITEM002424,ORD02253,PROD065,2,196.38,392.76
ITEM002425,ORD03740,PROD087,3,642.08,1926.24
ITEM002426,ORD01635,PROD075,2,609.75,1219.5
ITEM002427,ORD01099,PROD125,6,266.54,1599.24
ITEM002428,ORD00792,PROD130,3,225.79,677.37
ITEM002429,ORD03205,PROD013,1,298.77,298.77
ITEM002430,ORD01247,PROD044,2,739.93,1479.86
ITEM002431,ORD04262,PROD087,4,405.31,1621.24
ITEM002432,ORD01156,PROD096,3,150.84,452.52
ITEM002433,ORD04248,PROD131,2,402.43,804.86
ITEM002434,ORD00379,PROD131,5,118.9,594.5
ITEM002435,ORD03604,PROD028,5,733.21,3666.05
ITEM002436,ORD01035,PROD092,6,713.47,4280.82
ITEM002437,ORD04833,PROD044,6,453.76,2722.56
ITEM002438,ORD01794,PROD068,4,224.76,899.04
ITEM002439,ORD04331,PROD138,2,288.01,576.02
ITEM002440,ORD03823,PROD118,1,283.42,283.42
ITEM002441,ORD01516,PROD117,5,742.54,3712.7
ITEM002442,ORD04916,PROD114,1,146.04,146.04
ITEM002443,ORD00845,PROD028,3,315.94,947.82
ITEM002444,ORD01798,PROD116,4,547.91,2191.64
ITEM002445,ORD00844,PROD087,5,450.02,2250.1
ITEM002446,ORD02212,PROD063,3,472.61,1417.83
ITEM002447,ORD03265,PROD130,4,388.82,1555.28
ITEM002448,ORD04105,PROD004,3,162.46,487.38
ITEM002449,ORD04890,PROD134,5,300.35,1501.75
ITEM002450,ORD999999,PROD104,6,363.3,2179.8
ITEM002451,ORD03623,PROD149,5,605.51,3027.55
ITEM002452,ORD01595,PROD009,6,688.9,4133.4
ITEM002453,ORD00341,PROD146,4,601.99,2407.96
ITEM002454,ORD01499,PROD128,6,728.67,4372.02
ITEM002455,ORD01994,PROD004,1,728.85,728.85
ITEM002456,ORD02298,PROD9999,6,193.19,1159.14
ITEM002457,ORD01228,PROD097,3,631.53,1894.59
ITEM002458,ORD02634,PROD050,6,592.73,3556.38
ITEM002459,ORD02695,PROD079,6,336.47,2018.82
ITEM002460,ORD02359,PROD143,1,614.02,614.02
ITEM002461,ORD02147,PROD047,1,71.34,71.34
ITEM002462,ORD01223,PROD057,6,389.57,2337.42
ITEM002463,ORD01439,PROD073,2,557.15,1114.3
ITEM002464,ORD01006,PROD119,2,545.0,1090.0
ITEM002465,ORD02428,PROD147,4,505.19,2020.76
ITEM002466,ORD04333,PROD087,2,520.51,1041.02
ITEM002467,ORD01441,PROD004,4,152.86,611.44
ITEM002468,ORD04673,PROD013,3,338.16,1014.48
ITEM002469,ORD02205,PROD010,2,176.57,353.14
ITEM002470,ORD01940,PROD049,4,450.86,1803.44
ITEM002471,ORD04403,PROD105,3,789.15,2367.45
ITEM002472,ORD04591,PROD093,3,324.66,973.98
ITEM002473,ORD01436,PROD002,1,566.62,566.62
ITEM002474,ORD01049,PROD077,3,561.06,1683.18
ITEM002475,ORD00324,PROD026,1,433.83,433.83
ITEM002476,ORD00449,PROD149,0,355.66,711.32
ITEM002477,ORD03131,PROD026,3,680.03,2040.09
ITEM002478,ORD01119,PROD074,1,218.26,218.26
ITEM002479,ORD04728,PROD020,1,145.36,145.36
ITEM002480,ORD01295,PROD031,2,476.82,953.64
ITEM002481,ORD04426,PROD130,1,262.34,262.34
ITEM002482,ORD00297,PROD026,6,251.59,1509.54
ITEM002483,ORD03216,PROD014,6,620.16,3720.96
ITEM002484,ORD02781,PROD037,1,50.05,50.05
ITEM002485,ORD02435,PROD046,6,455.16,2730.96
ITEM002486,ORD02022,PROD031,6,539.44,3236.64
ITEM002487,ORD01001,PROD147,4,757.92,3031.68
ITEM002488,ORD03978,PROD006,6,129.58,777.48
ITEM002489,ORD00841,PROD071,2,598.71,1197.42
ITEM002490,ORD00425,PROD075,0,757.67,757.67
ITEM002491,ORD02472,PROD144,5,152.88,764.4
ITEM002492,ORD02851,PROD038,6,519.19,3115.14
ITEM002493,ORD01544,PROD127,2,375.05,750.1
ITEM002494,ORD04614,PROD117,2,329.94,659.88
ITEM002495,ORD00421,PROD081,4,313.08,1252.32
ITEM002496,ORD00775,PROD109,4,759.59,3038.36
ITEM002497,ORD03801,PROD080,3,578.83,1736.49
ITEM002498,ORD04723,PROD083,2,236.05,472.1
ITEM002499,ORD04779,PROD012,4,550.73,2202.92
ITEM002500,ORD04490,PROD142,4,670.59,2682.36
ITEM002501,ORD00498,PROD035,6,155.73,934.38
ITEM002502,ORD02197,PROD9999,4,612.7,2450.8
ITEM002503,ORD04259,PROD082,6,95.55,573.3
ITEM002504,ORD01065,PROD139,3,438.77,1316.31
ITEM002505,ORD999999,PROD9999,3,671.48,2014.44
ITEM002506,ORD03596,PROD073,4,781.98,3127.92
ITEM002507,ORD02467,PROD119,6,122.07,732.42
ITEM002508,ORD01395,PROD132,1,285.21,285.21
ITEM002509,ORD02944,PROD140,3,663.61,1990.83
ITEM002510,ORD03421,PROD130,5,538.85,2694.25
ITEM002511,ORD01445,PROD013,5,305.63,1528.15
ITEM002512,ORD03278,PROD135,1,786.63,786.63
ITEM002513,ORD04401,PROD112,3,600.67,1802.01
ITEM002514,ORD03857,PROD063,5,627.9,3139.5
ITEM002515,ORD02431,PROD078,6,786.38,4718.28
ITEM002516,ORD01148,PROD005,5,329.02,1645.1
ITEM002517,ORD04937,PROD135,2,104.27,208.54
ITEM002518,ORD04673,PROD150,3,727.77,2183.31
ITEM002519,ORD04208,PROD147,3,550.4,1651.2
ITEM002520,ORD02425,PROD106,6,214.66,1287.96
ITEM002521,ORD02628,PROD088,1,475.68,475.68
ITEM002522,ORD03617,PROD098,6,263.79,1582.74
ITEM002523,ORD04531,PROD130,6,738.59,4431.54
ITEM002524,ORD02756,PROD145,2,310.8,621.6
ITEM002525,ORD04129,PROD073,4,169.43,677.72
ITEM002526,ORD03556,PROD097,3,671.6,2014.8
ITEM002527,ORD03490,PROD001,1,751.14,751.14
ITEM002528,ORD01584,PROD149,1,109.13,109.13
ITEM002529,ORD03756,PROD094,3,588.67,1766.01
ITEM002530,ORD02168,PROD114,2,305.15,610.3
ITEM002531,ORD04133,PROD099,2,326.41,652.82
ITEM002532,ORD00832,PROD032,4,740.25,2961.0
ITEM002533,ORD02585,PROD103,3,60.23,180.69
ITEM002534,ORD02788,PROD030,4,136.85,547.4
ITEM002535,ORD03349,PROD100,5,219.11,1095.55
ITEM002536,ORD04790,PROD040,2,283.4,566.8
ITEM002537,ORD01411,PROD081,1,308.5,308.5
ITEM002538,ORD04069,PROD073,4,385.5,1542.0
ITEM002539,ORD01768,PROD064,4,604.58,2418.32
ITEM002540,ORD03849,PROD109,4,337.33,1349.32
ITEM002541,ORD02317,PROD086,1,203.68,203.68
ITEM002542,ORD00818,PROD093,3,508.22,1524.66
ITEM002543,ORD00454,PROD101,1,433.44,433.44
ITEM002544,ORD04047,PROD134,6,767.78,4606.68
ITEM002545,ORD02506,PROD007,2,688.97,1377.94
ITEM002546,ORD01385,PROD034,5,635.06,3175.3
ITEM002547,ORD00807,PROD037,1,392.58,392.58
ITEM002548,ORD02758,PROD108,4,223.75,895.0
ITEM002549,ORD00363,PROD041,4,560.45,2241.8
ITEM002550,ORD01600,PROD115,4,106.38,425.52
ITEM002551,ORD03369,PROD121,6,138.65,831.9
ITEM002552,ORD01293,PROD033,2,241.55,483.1
ITEM002553,ORD02780,PROD045,3,566.85,1700.55
ITEM002554,ORD03527,PROD048,4,122.27,489.08
ITEM002555,ORD00212,PROD088,6,408.74,2452.44
ITEM002556,ORD02001,PROD005,4,796.17,3184.68
ITEM002557,ORD00950,PROD107,4,57.1,228.4
ITEM002558,ORD00330,PROD085,1,499.54,499.54
ITEM002559,ORD00472,PROD104,6,187.07,1122.42
ITEM002560,ORD04956,PROD147,1,97.64,97.64
ITEM002561,ORD999999,PROD113,3,445.94,1337.82
ITEM002562,ORD00232,PROD015,3,627.35,1882.05
ITEM002563,ORD03245,PROD026,2,649.72,1299.44
ITEM002564,ORD04311,PROD147,4,116.11,464.44
ITEM002565,ORD00106,PROD132,1,436.24,436.24
ITEM002566,ORD03920,PROD150,5,581.83,2909.15
ITEM002567,ORD02074,PROD014,2,275.08,550.16
ITEM002568,ORD00546,PROD138,5,498.78,2493.9
ITEM002569,ORD01884,PROD073,3,564.71,1694.13
ITEM002570,ORD00191,PROD113,2,539.0,1078.0
ITEM002571,ORD04919,PROD102,1,624.79,624.79
ITEM002572,ORD03648,PROD044,3,325.82,977.46
ITEM002573,ORD03560,PROD092,1,153.71,153.71
ITEM002574,ORD03587,PROD112,2,709.34,1418.68
ITEM002575,ORD01628,PROD144,3,347.0,1041.0
ITEM002576,ORD02732,PROD016,1,296.94,296.94
ITEM002577,ORD02216,PROD110,2,507.06,1014.12
ITEM002578,ORD01509,PROD062,3,661.15,1983.45
ITEM002579,ORD00725,PROD045,1,717.14,717.14
ITEM002580,ORD01055,PROD057,0,451.1,2706.6
ITEM002581,ORD04348,PROD035,6,547.77,3286.62
ITEM002582,ORD02067,PROD080,6,295.5,1773.0
ITEM002583,ORD00411,PROD150,6,91.74,550.44
ITEM002584,ORD04729,PROD141,5,377.12,1885.6
ITEM002585,ORD02646,PROD058,3,322.98,968.94
ITEM002586,ORD00582,PROD029,3,709.01,2127.03
ITEM002587,ORD02015,PROD105,6,768.39,4610.34
ITEM002588,ORD00646,PROD042,2,102.15,204.3
ITEM002589,ORD03270,PROD110,5,262.35,1311.75
ITEM002590,ORD04445,PROD011,2,306.98,613.96
ITEM002591,ORD01049,PROD038,5,589.32,2946.6
ITEM002592,ORD00073,PROD075,5,297.57,1487.85
ITEM002593,ORD00629,PROD135,6,468.73,2812.38
ITEM002594,ORD00535,PROD064,6,333.1,1998.6
ITEM002595,ORD01915,PROD068,4,333.9,1335.6
ITEM002596,ORD03271,PROD054,1,794.48,794.48
ITEM002597,ORD00120,PROD130,4,646.26,2585.04
ITEM002598,ORD02202,PROD088,1,443.61,443.61
ITEM002599,ORD03695,PROD069,6,617.39,3704.34
ITEM002600,ORD04572,PROD132,5,762.69,3813.45
ITEM002601,ORD00385,PROD060,5,83.6,418.0
ITEM002602,ORD03730,PROD068,6,433.18,2599.08
ITEM002603,ORD999999,PROD109,1,732.75,732.75
ITEM002604,ORD03012,PROD057,5,222.0,1110.0
ITEM002605,ORD02955,PROD116,4,637.62,2550.48
ITEM002606,ORD02066,PROD011,5,436.08,2180.4
ITEM002607,ORD02749,PROD135,6,488.59,2931.54
ITEM002608,ORD01772,PROD132,6,793.39,4760.34
ITEM002609,ORD03367,PROD114,6,109.65,657.9
ITEM002610,ORD04119,PROD114,6,548.94,3293.64
ITEM002611,ORD02540,PROD034,5,178.64,893.2
ITEM002612,ORD04755,PROD140,1,468.82,468.82
ITEM002613,ORD00793,PROD147,2,123.32,246.64
ITEM002614,ORD03937,PROD134,4,655.67,2622.68
ITEM002615,ORD00537,PROD072,1,338.13,338.13
ITEM002616,ORD00850,PROD142,6,389.43,2336.58
ITEM002617,ORD00970,PROD103,4,195.52,782.08
ITEM002618,ORD02266,PROD009,2,754.17,1508.34
ITEM002619,ORD04038,PROD107,3,685.57,2056.71
ITEM002620,ORD03434,PROD055,4,679.09,2716.36
ITEM002621,ORD00791,PROD043,3,291.16,873.48
ITEM002622,ORD02251,PROD148,5,693.25,3466.25
ITEM002623,ORD00830,PROD090,1,498.53,498.53
ITEM002624,ORD01300,PROD108,2,642.19,1284.38
ITEM002625,ORD04822,PROD131,2,736.95,1473.9
ITEM002626,ORD04852,PROD043,2,219.4,438.8
ITEM002627,ORD03652,PROD063,2,742.98,1485.96
ITEM002628,ORD02234,PROD126,3,770.05,2310.15
ITEM002629,ORD00841,PROD089,5,342.91,1714.55
ITEM002630,ORD03656,PROD129,3,102.88,308.64
ITEM002631,ORD03619,PROD031,4,201.92,807.68
ITEM002632,ORD01625,PROD103,2,538.02,1076.04
ITEM002633,ORD03232,PROD029,1,438.85,438.85
ITEM002634,ORD04576,PROD072,6,563.2,3379.2
ITEM002635,ORD00373,PROD058,3,546.27,1638.81
ITEM002636,ORD04642,PROD055,3,534.18,1602.54
ITEM002637,ORD04171,PROD141,0,169.36,508.08
ITEM002638,ORD02969,PROD046,5,421.52,2107.6
ITEM002639,ORD03552,PROD059,5,357.0,1785.0
ITEM002640,ORD02806,PROD055,5,669.29,3346.45
ITEM002641,ORD01638,PROD052,4,202.79,811.16
ITEM002642,ORD02483,PROD134,1,500.53,500.53
ITEM002643,ORD04675,PROD038,1,440.69,440.69
ITEM002644,ORD02921,PROD028,5,765.9,3829.5
ITEM002645,ORD04153,PROD066,6,257.05,1542.3
ITEM002646,ORD04618,PROD021,2,59.45,118.9
ITEM002647,ORD04183,PROD010,1,481.16,481.16
ITEM002648,ORD03496,PROD096,2,728.23,1456.46
ITEM002649,ORD01033,PROD091,4,165.18,660.72
ITEM002650,ORD01256,PROD040,6,793.41,4760.46
ITEM002651,ORD02870,PROD107,6,747.46,4484.76
ITEM002652,ORD01554,PROD013,4,85.25,341.0
ITEM002653,ORD03070,PROD094,4,632.68,2530.72
ITEM002654,ORD04330,PROD034,3,631.42,1894.26
ITEM002655,ORD01687,PROD027,4,535.27,2141.08
ITEM002656,ORD04558,PROD104,5,130.17,650.85
ITEM002657,ORD04477,PROD144,4,651.29,2605.16
ITEM002658,ORD00725,PROD031,5,522.92,2614.6
ITEM002659,ORD01683,PROD069,1,427.59,427.59
ITEM002660,ORD03907,PROD103,0,621.18,1242.36
ITEM002661,ORD00153,PROD125,6,638.4,3830.4
ITEM002662,ORD00366,PROD085,4,436.93,1747.72
ITEM002663,ORD00452,PROD114,1,716.57,716.57
ITEM002664,ORD00519,PROD078,4,685.05,2740.2
ITEM002665,ORD03768,PROD045,2,403.14,806.28
ITEM002666,ORD03470,PROD061,1,592.77,592.77
ITEM002667,ORD00761,PROD101,6,63.5,381.0
ITEM002668,ORD01286,PROD033,4,340.78,1363.12
ITEM002669,ORD01098,PROD025,2,266.83,533.66
ITEM002670,ORD04174,PROD112,2,73.35,146.7
ITEM002671,ORD01074,PROD029,1,463.24,463.24
ITEM002672,ORD04266,PROD050,3,492.41,1477.23
ITEM002673,ORD04134,PROD110,2,423.4,846.8
ITEM002674,ORD04301,PROD136,2,272.76,545.52
ITEM002675,ORD04980,PROD137,1,592.83,592.83
ITEM002676,ORD04028,PROD034,5,439.1,2195.5
ITEM002677,ORD01500,PROD118,3,279.64,838.92
ITEM002678,ORD03869,PROD082,3,654.34,1963.02
ITEM002679,ORD02436,PROD091,2,187.17,374.34
ITEM002680,ORD03449,PROD011,4,75.66,302.64
ITEM002681,ORD02453,PROD031,3,555.85,1667.55
ITEM002682,ORD00804,PROD142,4,435.66,1742.64
ITEM002683,ORD01669,PROD003,1,256.97,256.97
ITEM002684,ORD02489,PROD073,2,422.18,844.36
ITEM002685,ORD03726,PROD102,6,481.62,2889.72
ITEM002686,ORD02095,PROD146,4,592.72,2370.88
ITEM002687,ORD03094,PROD081,1,267.58,267.58
ITEM002688,ORD03411,PROD012,1,484.84,484.84
ITEM002689,ORD04186,PROD080,6,751.25,4507.5
ITEM002690,ORD00139,PROD148,3,227.06,681.18
ITEM002691,ORD03868,PROD112,6,244.98,1469.88
ITEM002692,ORD04048,PROD148,4,674.98,2699.92
ITEM002693,ORD01824,PROD098,5,144.77,723.85
ITEM002694,ORD999999,PROD147,6,499.81,2998.86
ITEM002695,ORD00189,PROD077,4,506.84,2027.36
ITEM002696,ORD02688,PROD086,5,254.9,1274.5
ITEM002697,ORD01987,PROD108,6,637.74,3826.44
ITEM002698,ORD03156,PROD093,1,93.65,93.65
ITEM002699,ORD00860,PROD094,2,380.63,761.26
ITEM002700,ORD03957,PROD068,1,468.5,468.5
ITEM002701,ORD04731,PROD055,1,637.69,637.69
ITEM002702,ORD02380,PROD017,4,274.22,1096.88
ITEM002703,ORD04829,PROD134,5,226.17,1130.85
ITEM002704,ORD00013,PROD117,3,686.34,2059.02
ITEM002705,ORD03401,PROD036,5,565.47,2827.35
ITEM002706,ORD02889,PROD025,5,555.56,2777.8
ITEM002707,ORD01533,PROD050,1,565.14,565.14
ITEM002708,ORD03878,PROD105,6,120.59,723.54
ITEM002709,ORD00822,PROD051,1,77.76,77.76
ITEM002710,ORD01319,PROD105,3,351.38,1054.14
ITEM002711,ORD03999,PROD129,2,362.56,725.12
ITEM002712,ORD00675,PROD008,2,692.94,1385.88
ITEM002713,ORD01455,PROD052,6,613.2,3679.2
ITEM002714,ORD02557,PROD040,5,90.91,454.55
ITEM002715,ORD01321,PROD111,3,531.76,1595.28
ITEM002716,ORD03619,PROD149,6,534.48,3206.88
ITEM002717,ORD03476,PROD107,5,130.31,651.55
ITEM002718,ORD01804,PROD084,2,369.21,738.42
ITEM002719,ORD04420,PROD048,2,738.0,1476.0
ITEM002720,ORD04600,PROD020,6,156.33,937.98
ITEM002721,ORD01629,PROD107,3,758.17,2274.51
ITEM002722,ORD00635,PROD070,3,183.86,551.58
ITEM002723,ORD00420,PROD148,1,100.13,100.13
ITEM002724,ORD02635,PROD131,3,520.83,1562.49
ITEM002725,ORD02645,PROD078,1,174.16,174.16
ITEM002726,ORD00489,PROD030,2,729.03,1458.06
ITEM002727,ORD02716,PROD134,2,346.46,692.92
ITEM002728,ORD00451,PROD064,5,56.21,281.05
ITEM002729,ORD04958,PROD127,1,500.24,500.24
ITEM002730,ORD02483,PROD098,6,453.56,2721.36
ITEM002731,ORD04054,PROD105,1,81.6,81.6
ITEM002732,ORD02424,PROD062,3,748.09,2244.27
ITEM002733,ORD02750,PROD107,6,188.65,1131.9
ITEM002734,ORD00459,PROD059,6,194.68,1168.08
ITEM002735,ORD03904,PROD148,1,720.29,720.29
ITEM002736,ORD03455,PROD097,3,682.66,2047.98
ITEM002737,ORD03024,PROD085,5,464.47,2322.35
ITEM002738,ORD03689,PROD121,1,381.88,381.88
ITEM002739,ORD03551,PROD119,1,93.76,93.76
ITEM002740,ORD00277,PROD009,2,65.72,131.44
ITEM002741,ORD02859,PROD100,5,157.96,789.8
ITEM002742,ORD03825,PROD003,6,400.2,2401.2
ITEM002743,ORD03147,PROD110,5,50.5,252.5
ITEM002744,ORD02135,PROD084,3,95.58,286.74
ITEM002745,ORD00815,PROD079,2,622.04,1244.08
ITEM002746,ORD04933,PROD103,2,360.55,721.1
ITEM002747,ORD00785,PROD134,1,585.93,585.93
ITEM002748,ORD01911,PROD078,1,289.14,289.14
ITEM002749,ORD01305,PROD121,6,390.4,2342.4
ITEM002750,ORD04955,PROD106,1,738.0,738.0
ITEM002751,ORD01680,PROD063,6,519.22,3115.32
ITEM002752,ORD04432,PROD119,6,581.27,3487.62
ITEM002753,ORD04683,PROD015,5,93.14,465.7
ITEM002754,ORD01154,PROD142,3,86.48,259.44
ITEM002755,ORD00044,PROD048,6,298.38,1790.28
ITEM002756,ORD03345,PROD102,1,300.71,300.71
ITEM002757,ORD999999,PROD007,2,660.86,1321.72
ITEM002758,ORD04142,PROD117,2,395.05,790.1
ITEM002759,ORD00091,PROD030,5,70.12,350.6
ITEM002760,ORD03362,PROD027,4,385.84,1543.36
ITEM002761,ORD04671,PROD059,1,476.16,476.16
ITEM002762,ORD01595,PROD030,6,493.2,2959.2
ITEM002763,ORD04317,PROD073,4,64.67,258.68
ITEM002764,ORD02601,PROD053,1,236.34,236.34
ITEM002765,ORD02407,PROD126,1,691.29,691.29
ITEM002766,ORD01788,PROD026,3,774.63,2323.89
ITEM002767,ORD03967,PROD132,2,718.32,1436.64
ITEM002768,ORD00453,PROD009,2,588.11,1176.22
ITEM002769,ORD02611,PROD104,2,86.01,172.02
ITEM002770,ORD03487,PROD147,3,584.19,1752.57
ITEM002771,ORD00852,PROD130,4,713.84,2855.36
ITEM002772,ORD03010,PROD9999,1,377.17,377.17
ITEM002773,ORD02808,PROD132,4,652.03,2608.12
ITEM002774,ORD04829,PROD054,1,524.46,524.46
ITEM002775,ORD999999,PROD143,1,654.86,654.86
ITEM002776,ORD01869,PROD118,1,729.81,729.81
ITEM002777,ORD03358,PROD029,4,788.68,3154.72
ITEM002778,ORD00703,PROD131,2,652.6,1305.2
ITEM002779,ORD03449,PROD116,1,149.19,149.19
ITEM002780,ORD03693,PROD068,5,196.79,983.95
ITEM002781,ORD04388,PROD108,3,762.75,2288.25
ITEM002782,ORD02210,PROD070,3,205.34,616.02
ITEM002783,ORD04276,PROD081,5,495.77,2478.85
ITEM002784,ORD03708,PROD081,4,333.43,1333.72
ITEM002785,ORD04767,PROD9999,2,671.1,1342.2
ITEM002786,ORD04259,PROD016,1,400.77,400.77
ITEM002787,ORD03218,PROD075,2,383.69,767.38
ITEM002788,ORD03225,PROD150,2,443.78,887.56
ITEM002789,ORD02148,PROD114,4,117.57,470.28
ITEM002790,ORD02542,PROD127,4,532.7,2130.8
ITEM002791,ORD00835,PROD137,4,148.72,594.88
ITEM002792,ORD01011,PROD127,1,458.74,458.74
ITEM002793,ORD01102,PROD117,1,568.88,568.88
ITEM002794,ORD03467,PROD112,3,694.18,2082.54
ITEM002795,ORD02323,PROD149,1,533.4,533.4
ITEM002796,ORD04777,PROD050,4,274.55,1098.2
ITEM002797,ORD01308,PROD042,3,506.13,1518.39
ITEM002798,ORD02465,PROD091,4,671.82,2687.28
ITEM002799,ORD01116,PROD064,1,571.61,571.61
ITEM002800,ORD03101,PROD062,5,703.39,3516.95
ITEM002801,ORD04110,PROD116,4,414.3,1657.2
ITEM002802,ORD04058,PROD022,6,107.56,645.36
ITEM002803,ORD01864,PROD106,5,613.52,3067.6
ITEM002804,ORD02360,PROD127,5,204.18,1020.9
ITEM002805,ORD04017,PROD075,3,388.66,1165.98
ITEM002806,ORD02706,PROD094,3,474.23,1422.69
ITEM002807,ORD03897,PROD117,6,351.4,2108.4
ITEM002808,ORD01426,PROD024,4,424.93,1699.72
ITEM002809,ORD04800,PROD074,3,282.48,847.44
ITEM002810,ORD04773,PROD045,3,419.77,1259.31
ITEM002811,ORD04792,PROD096,3,754.69,2264.07
ITEM002812,ORD03846,PROD043,1,77.31,77.31
ITEM002813,ORD03137,PROD138,1,335.48,335.48
ITEM002814,ORD02009,PROD122,6,378.39,2270.34
ITEM002815,ORD01623,PROD146,5,452.3,2261.5
ITEM002816,ORD02790,PROD014,3,426.57,1279.71
ITEM002817,ORD02539,PROD071,4,669.48,2677.92
ITEM002818,ORD00945,PROD136,5,53.01,265.05
ITEM002819,ORD03702,PROD005,4,130.3,521.2
ITEM002820,ORD02174,PROD131,1,71.99,71.99
ITEM002821,ORD00037,PROD113,2,102.87,205.74
ITEM002822,ORD01122,PROD103,2,280.04,560.08
ITEM002823,ORD04157,PROD006,1,407.03,407.03
ITEM002824,ORD00502,PROD003,1,390.72,390.72
ITEM002825,ORD01951,PROD141,1,266.39,266.39
ITEM002826,ORD03978,PROD093,2,195.17,390.34
ITEM002827,ORD01108,PROD062,5,176.32,881.6
ITEM002828,ORD01973,PROD032,6,725.72,4354.32
ITEM002829,ORD02278,PROD012,1,637.07,637.07
ITEM002830,ORD03168,PROD065,2,175.38,350.76
ITEM002831,ORD00340,PROD055,3,332.76,998.28
ITEM002832,ORD02241,PROD074,4,179.18,716.72
ITEM002833,ORD02348,PROD039,5,698.22,3491.1
ITEM002834,ORD01934,PROD097,1,629.93,629.93
ITEM002835,ORD01477,PROD115,3,331.6,994.8
ITEM002836,ORD02900,PROD079,6,254.08,1524.48
ITEM002837,ORD01794,PROD130,6,112.8,676.8
ITEM002838,ORD04705,PROD037,3,598.68,1796.04
ITEM002839,ORD00897,PROD044,5,377.99,1889.95
ITEM002840,ORD04033,PROD036,5,572.02,2860.1
ITEM002841,ORD01806,PROD068,5,460.42,2302.1
ITEM002842,ORD04966,PROD060,4,382.03,1528.12
ITEM002843,ORD02258,PROD088,3,627.57,1882.71
ITEM002844,ORD02507,PROD119,2,416.94,833.88
ITEM002845,ORD01894,PROD065,5,209.9,1049.5
ITEM002846,ORD03666,PROD057,4,456.03,1824.12
ITEM002847,ORD01605,PROD020,1,698.74,698.74
ITEM002848,ORD00933,PROD108,3,309.76,929.28
ITEM002849,ORD03099,PROD091,4,76.19,304.76
ITEM002850,ORD03923,PROD023,6,454.93,2729.58
ITEM002851,ORD01856,PROD102,2,629.33,1258.66
ITEM002852,ORD00141,PROD086,5,278.81,1394.05
ITEM002853,ORD01989,PROD022,1,721.52,721.52
ITEM002854,ORD01138,PROD033,2,74.05,148.1
ITEM002855,ORD04425,PROD033,6,372.57,2235.42
ITEM002856,ORD03251,PROD143,6,609.18,3655.08
ITEM002857,ORD03938,PROD9999,5,778.75,3893.75
ITEM002858,ORD04423,PROD059,5,611.81,3059.05
ITEM002859,ORD03517,PROD026,5,176.79,883.95
ITEM002860,ORD00663,PROD005,2,513.74,1027.48
ITEM002861,ORD01701,PROD049,3,60.67,182.01
ITEM002862,ORD03632,PROD033,5,589.25,2946.25
ITEM002863,ORD03247,PROD033,1,572.61,572.61
ITEM002864,ORD00108,PROD083,2,201.17,402.34
ITEM002865,ORD03212,PROD019,1,546.02,546.02
ITEM002866,ORD00909,PROD087,1,795.99,795.99
ITEM002867,ORD02066,PROD086,5,706.21,3531.05
ITEM002868,ORD03071,PROD121,5,163.5,817.5
ITEM002869,ORD00122,PROD9999,4,52.33,209.32
ITEM002870,ORD00106,PROD130,5,279.53,1397.65
ITEM002871,ORD04614,PROD069,5,394.64,1973.2
ITEM002872,ORD00176,PROD055,5,438.31,2191.55
ITEM002873,ORD00827,PROD003,3,705.04,2115.12
ITEM002874,ORD01187,PROD108,1,373.52,373.52
ITEM002875,ORD04031,PROD144,5,523.37,2616.85
ITEM002876,ORD00562,PROD025,1,123.03,123.03
ITEM002877,ORD03400,PROD126,5,276.86,1384.3
ITEM002878,ORD01266,PROD149,4,554.9,2219.6
ITEM002879,ORD03321,PROD110,6,668.02,4008.12
ITEM002880,ORD04944,PROD086,2,107.54,215.08
ITEM002881,ORD02282,PROD055,4,295.27,1181.08
ITEM002882,ORD00652,PROD124,6,183.99,1103.94
ITEM002883,ORD999999,PROD040,2,221.14,442.28
ITEM002884,ORD03052,PROD070,3,663.41,1990.23
ITEM002885,ORD00682,PROD074,6,485.82,2914.92
ITEM002886,ORD00075,PROD019,4,111.29,445.16
ITEM002887,ORD03142,PROD008,4,200.08,800.32
ITEM002888,ORD02590,PROD140,3,447.98,1343.94
ITEM002889,ORD03637,PROD027,2,640.79,1281.58
ITEM002890,ORD00049,PROD083,4,466.39,1865.56
ITEM002891,ORD01710,PROD060,6,789.53,4737.18
ITEM002892,ORD02759,PROD035,2,255.18,510.36
ITEM002893,ORD01866,PROD034,2,363.34,726.68
ITEM002894,ORD02251,PROD037,2,720.55,1441.1
ITEM002895,ORD02765,PROD116,4,59.42,237.68
ITEM002896,ORD01240,PROD032,4,243.56,974.24
ITEM002897,ORD04436,PROD138,5,748.95,3744.75
ITEM002898,ORD04646,PROD026,4,503.51,2014.04
ITEM002899,ORD04236,PROD9999,2,669.45,1338.9
ITEM002900,ORD04545,PROD144,3,133.21,399.63
ITEM002901,ORD03475,PROD110,1,160.53,160.53
ITEM002902,ORD03078,PROD142,3,639.12,1917.36
ITEM002903,ORD02475,PROD145,2,739.69,1479.38
ITEM002904,ORD00329,PROD041,4,681.26,2725.04
ITEM002905,ORD02276,PROD140,2,299.04,598.08
ITEM002906,ORD03106,PROD076,4,551.01,2204.04
ITEM002907,ORD00894,PROD099,5,235.37,1176.85
ITEM002908,ORD04279,PROD125,2,556.48,1112.96
ITEM002909,ORD02358,PROD094,2,766.09,1532.18
ITEM002910,ORD04035,PROD087,4,150.88,603.52
ITEM002911,ORD04511,PROD012,1,158.77,158.77
ITEM002912,ORD02200,PROD013,4,397.73,1590.92
ITEM002913,ORD00755,PROD023,3,711.17,2133.51
ITEM002914,ORD02531,PROD146,5,304.13,1520.65
ITEM002915,ORD03517,PROD125,1,467.87,467.87
ITEM002916,ORD04881,PROD073,3,609.37,1828.11
ITEM002917,ORD03125,PROD111,2,527.28,1054.56
ITEM002918,ORD03456,PROD103,3,114.04,342.12
ITEM002919,ORD02049,PROD051,4,77.92,311.68
ITEM002920,ORD02486,PROD037,2,466.19,932.38
ITEM002921,ORD04331,PROD016,1,54.68,54.68
ITEM002922,ORD02834,PROD053,3,519.12,1557.36
ITEM002923,ORD04219,PROD030,2,195.62,391.24
ITEM002924,ORD01586,PROD055,4,85.01,340.04
ITEM002925,ORD999999,PROD106,1,147.08,147.08
ITEM002926,ORD00263,PROD121,2,725.29,1450.58
ITEM002927,ORD01982,PROD114,4,62.18,248.72
ITEM002928,ORD999999,PROD111,1,83.25,83.25
ITEM002929,ORD00531,PROD072,5,785.31,3926.55
ITEM002930,ORD04979,PROD100,1,322.99,322.99
ITEM002931,ORD03594,PROD144,2,362.38,724.76
ITEM002932,ORD02756,PROD115,3,710.84,2132.52
ITEM002933,ORD02825,PROD012,5,525.22,2626.1
ITEM002934,ORD00206,PROD060,3,59.9,179.7
ITEM002935,ORD03119,PROD021,4,474.31,1897.24
ITEM002936,ORD01620,PROD052,3,292.15,876.45
ITEM002937,ORD02202,PROD049,2,605.52,1211.04
ITEM002938,ORD03068,PROD025,4,276.48,1105.92
ITEM002939,ORD00786,PROD041,6,428.26,2569.56
ITEM002940,ORD00896,PROD120,3,538.67,1616.01
ITEM002941,ORD04814,PROD025,4,540.37,2161.48
ITEM002942,ORD00240,PROD139,1,154.38,154.38
ITEM002943,ORD00252,PROD136,6,174.26,1045.56
ITEM002944,ORD04789,PROD113,1,284.06,284.06
ITEM002945,ORD02863,PROD085,1,784.79,784.79
ITEM002946,ORD00155,PROD029,6,476.9,2861.4
ITEM002947,ORD03453,PROD114,1,538.57,538.57
ITEM002948,ORD00236,PROD088,4,102.01,408.04
ITEM002949,ORD02722,PROD149,3,98.19,294.57
ITEM002950,ORD01110,PROD008,2,336.5,673.0
ITEM002951,ORD02252,PROD039,5,740.91,3704.55
ITEM002952,ORD03151,PROD134,3,714.57,2143.71
ITEM002953,ORD00604,PROD139,1,531.02,531.02
ITEM002954,ORD02758,PROD010,1,608.86,608.86
ITEM002955,ORD03688,PROD036,5,120.18,600.9
ITEM002956,ORD01098,PROD047,5,80.5,402.5
ITEM002957,ORD04124,PROD150,2,767.33,1534.66
ITEM002958,ORD01380,PROD054,1,630.41,630.41
ITEM002959,ORD02091,PROD120,5,101.72,508.6
ITEM002960,ORD01049,PROD061,5,766.25,3831.25
ITEM002961,ORD01788,PROD017,3,751.24,2253.72
ITEM002962,ORD02970,PROD080,4,663.28,2653.12
ITEM002963,ORD00070,PROD147,5,546.79,2733.95
ITEM002964,ORD00641,PROD045,1,334.07,334.07
ITEM002965,ORD04773,PROD080,2,618.07,1236.14
ITEM002966,ORD02842,PROD020,2,675.44,1350.88
ITEM002967,ORD04389,PROD134,5,252.76,1263.8
ITEM002968,ORD04686,PROD068,5,388.37,1941.85
ITEM002969,ORD01777,PROD9999,1,488.72,488.72
ITEM002970,ORD04368,PROD125,1,711.62,711.62
ITEM002971,ORD04458,PROD147,2,660.33,1320.66
ITEM002972,ORD01416,PROD006,1,632.15,632.15
ITEM002973,ORD03804,PROD044,5,128.52,642.6
ITEM002974,ORD00263,PROD039,1,427.69,427.69
ITEM002975,ORD00152,PROD090,6,91.93,551.58
ITEM002976,ORD03035,PROD006,1,648.53,648.53
ITEM002977,ORD00677,PROD117,2,650.61,1301.22
ITEM002978,ORD04639,PROD067,2,559.33,1118.66
ITEM002979,ORD03505,PROD019,5,355.37,1776.85
ITEM002980,ORD01411,PROD030,5,327.58,1637.9
ITEM002981,ORD00423,PROD076,6,758.93,4553.58
ITEM002982,ORD04767,PROD142,5,401.12,2005.6
ITEM002983,ORD03368,PROD030,5,329.11,1645.55
ITEM002984,ORD00167,PROD041,1,747.86,747.86
ITEM002985,ORD04519,PROD112,4,291.21,1164.84
ITEM002986,ORD00945,PROD085,4,173.85,695.4
ITEM002987,ORD01882,PROD081,1,397.97,397.97
ITEM002988,ORD01885,PROD039,4,177.74,710.96
ITEM002989,ORD00233,PROD049,3,509.34,1528.02
ITEM002990,ORD00961,PROD020,6,746.96,4481.76
ITEM002991,ORD04946,PROD135,2,787.77,1575.54
ITEM002992,ORD03544,PROD022,1,50.08,50.08
ITEM002993,ORD00216,PROD022,1,720.28,720.28
ITEM002994,ORD02079,PROD149,2,433.54,867.08
ITEM002995,ORD03086,PROD078,3,237.4,712.2
ITEM002996,ORD04480,PROD107,4,179.75,719.0
ITEM002997,ORD00388,PROD9999,4,224.81,899.24
ITEM002998,ORD02819,PROD010,5,102.32,511.6
ITEM002999,ORD00101,PROD117,4,708.71,2834.84
ITEM003000,ORD03497,PROD106,1,268.0,268.0
ITEM003001,ORD02165,PROD091,3,386.17,1158.51
ITEM003002,ORD00360,PROD106,4,766.15,3064.6
ITEM003003,ORD01497,PROD114,1,255.06,255.06
ITEM003004,ORD03055,PROD026,6,354.08,2124.48
ITEM003005,ORD04060,PROD071,4,238.63,954.52
ITEM003006,ORD02735,PROD106,4,444.76,1779.04
ITEM003007,ORD01407,PROD041,3,242.09,726.27
ITEM003008,ORD04340,PROD039,3,71.91,215.73
ITEM003009,ORD04272,PROD019,2,171.57,343.14
ITEM003010,ORD01594,PROD027,6,794.85,4769.1
ITEM003011,ORD01217,PROD064,5,273.86,1369.3
ITEM003012,ORD04829,PROD146,3,80.35,241.05
ITEM003013,ORD02132,PROD025,5,181.2,906.0
ITEM003014,ORD04639,PROD025,1,54.57,54.57
ITEM003015,ORD03699,PROD046,3,517.18,1551.54
ITEM003016,ORD04990,PROD077,6,392.93,2357.58
ITEM003017,ORD03394,PROD121,3,609.37,1828.11
ITEM003018,ORD00017,PROD119,2,138.44,276.88
ITEM003019,ORD04544,PROD150,6,559.67,3358.02
ITEM003020,ORD00229,PROD015,4,605.51,2422.04
ITEM003021,ORD03224,PROD137,4,762.19,3048.76
ITEM003022,ORD03171,PROD094,5,688.79,3443.95
ITEM003023,ORD00700,PROD094,3,596.26,1788.78
ITEM003024,ORD03849,PROD105,3,284.22,852.66
ITEM003025,ORD04395,PROD096,4,108.33,433.32
ITEM003026,ORD01930,PROD038,5,583.0,2915.0
ITEM003027,ORD00032,PROD075,4,562.15,2248.6
ITEM003028,ORD00275,PROD074,5,747.3,3736.5
ITEM003029,ORD00891,PROD124,1,635.97,635.97
ITEM003030,ORD00182,PROD066,5,110.98,554.9
ITEM003031,ORD04016,PROD028,1,319.21,319.21
ITEM003032,ORD00116,PROD053,4,112.11,448.44
ITEM003033,ORD00291,PROD102,2,631.05,1262.1
ITEM003034,ORD01409,PROD025,6,681.61,4089.66
ITEM003035,ORD03739,PROD021,1,641.98,641.98
ITEM003036,ORD03445,PROD104,4,723.35,2893.4
ITEM003037,ORD03536,PROD113,5,100.43,502.15
ITEM003038,ORD00775,PROD017,4,646.26,2585.04
ITEM003039,ORD02979,PROD011,1,383.89,383.89
ITEM003040,ORD00910,PROD036,4,104.89,419.56
ITEM003041,ORD02903,PROD114,6,768.42,4610.52
ITEM003042,ORD01260,PROD028,4,406.14,1624.56
ITEM003043,ORD01227,PROD067,2,373.5,747.0
ITEM003044,ORD03666,PROD072,1,293.03,293.03
ITEM003045,ORD00926,PROD105,1,144.99,144.99
ITEM003046,ORD02040,PROD028,3,249.66,748.98
ITEM003047,ORD04115,PROD026,6,567.88,3407.28
ITEM003048,ORD04980,PROD033,4,466.08,1864.32
ITEM003049,ORD02929,PROD060,2,588.56,1177.12
ITEM003050,ORD04841,PROD149,2,364.82,729.64
ITEM003051,ORD01301,PROD018,1,732.25,732.25
ITEM003052,ORD00546,PROD017,6,151.27,907.62
ITEM003053,ORD02583,PROD090,2,505.18,1010.36
ITEM003054,ORD04022,PROD120,2,753.37,1506.74
ITEM003055,ORD02516,PROD042,4,545.35,2181.4
ITEM003056,ORD00228,PROD035,2,305.22,610.44
ITEM003057,ORD02194,PROD010,4,104.3,417.2
ITEM003058,ORD01162,PROD125,4,377.0,1508.0
ITEM003059,ORD02520,PROD008,6,286.52,1719.12
ITEM003060,ORD01880,PROD006,4,351.37,1405.48
ITEM003061,ORD01258,PROD127,2,511.5,1023.0
ITEM003062,ORD02906,PROD002,5,494.03,2470.15
ITEM003063,ORD04263,PROD9999,5,103.8,519.0
ITEM003064,ORD04864,PROD094,6,50.95,305.7
ITEM003065,ORD01782,PROD038,4,178.72,714.88
ITEM003066,ORD02748,PROD076,2,165.52,331.04
ITEM003067,ORD01298,PROD071,4,758.11,3032.44
ITEM003068,ORD00456,PROD133,2,763.61,1527.22
ITEM003069,ORD02121,PROD135,4,685.82,2743.28
ITEM003070,ORD00150,PROD017,1,612.26,612.26
ITEM003071,ORD00184,PROD079,1,329.56,329.56
ITEM003072,ORD01075,PROD006,6,452.64,2715.84
ITEM003073,ORD02590,PROD095,1,390.37,390.37
ITEM003074,ORD02509,PROD064,5,187.0,935.0
ITEM003075,ORD04671,PROD043,3,586.89,1760.67
ITEM003076,ORD01602,PROD075,6,292.49,1754.94
ITEM003077,ORD03492,PROD046,6,153.5,921.0
ITEM003078,ORD02711,PROD109,4,707.34,2829.36
ITEM003079,ORD01102,PROD072,6,596.61,3579.66
ITEM003080,ORD04450,PROD017,3,442.16,1326.48
ITEM003081,ORD03189,PROD143,4,127.51,510.04
ITEM003082,ORD00955,PROD150,2,663.65,1327.3
ITEM003083,ORD02969,PROD024,2,730.16,1460.32
ITEM003084,ORD03979,PROD9999,3,250.27,750.81
ITEM003085,ORD04414,PROD076,6,97.7,586.2
ITEM003086,ORD00302,PROD130,4,155.41,621.64
ITEM003087,ORD01897,PROD084,6,411.21,2467.26
ITEM003088,ORD04807,PROD022,5,112.41,562.05
ITEM003089,ORD01234,PROD150,3,221.88,665.64
ITEM003090,ORD02361,PROD109,4,352.36,1409.44
ITEM003091,ORD03488,PROD084,4,359.31,1437.24
ITEM003092,ORD00029,PROD132,5,298.42,1492.1
ITEM003093,ORD00632,PROD034,1,117.4,117.4
ITEM003094,ORD00737,PROD086,3,704.43,2113.29
ITEM003095,ORD03654,PROD024,6,254.72,1528.32
ITEM003096,ORD02932,PROD134,5,403.79,2018.95
ITEM003097,ORD04186,PROD007,6,561.86,3371.16
ITEM003098,ORD01280,PROD086,6,707.62,4245.72
ITEM003099,ORD03023,PROD099,3,794.8,2384.4
ITEM003100,ORD04582,PROD033,2,206.67,413.34
ITEM003101,ORD03327,PROD107,4,428.15,1712.6
ITEM003102,ORD02195,PROD088,5,577.89,2889.45
ITEM003103,ORD04886,PROD048,4,310.01,1240.04
ITEM003104,ORD00466,PROD036,5,574.78,2873.9
ITEM003105,ORD01197,PROD009,6,748.72,4492.32
ITEM003106,ORD03491,PROD106,2,511.16,1022.32
ITEM003107,ORD03553,PROD098,1,293.19,293.19
ITEM003108,ORD00060,PROD067,6,526.1,3156.6
ITEM003109,ORD01231,PROD108,5,743.96,3719.8
ITEM003110,ORD04065,PROD084,4,744.21,2976.84
ITEM003111,ORD02708,PROD049,5,562.84,2814.2
ITEM003112,ORD03347,PROD017,6,261.51,1569.06
ITEM003113,ORD03065,PROD002,5,302.21,1511.05
ITEM003114,ORD00238,PROD016,3,332.07,996.21
ITEM003115,ORD03193,PROD104,2,595.81,1191.62
ITEM003116,ORD01908,PROD064,1,431.89,431.89
ITEM003117,ORD00007,PROD042,3,357.71,1073.13
ITEM003118,ORD03441,PROD143,4,598.86,2395.44
ITEM003119,ORD00464,PROD017,1,402.39,402.39
ITEM003120,ORD03555,PROD046,3,627.42,1882.26
ITEM003121,ORD02796,PROD115,1,753.98,753.98
ITEM003122,ORD04698,PROD020,6,87.54,525.24
ITEM003123,ORD02808,PROD011,3,711.88,2135.64
ITEM003124,ORD02524,PROD072,2,519.36,1038.72
ITEM003125,ORD03520,PROD143,3,206.47,619.41
ITEM003126,ORD01508,PROD053,4,751.17,3004.68
ITEM003127,ORD01905,PROD021,1,655.56,655.56
ITEM003128,ORD00831,PROD091,1,373.61,373.61
ITEM003129,ORD01864,PROD007,3,271.22,813.66
ITEM003130,ORD03488,PROD071,5,155.62,778.1
ITEM003131,ORD03737,PROD105,2,737.61,1475.22
ITEM003132,ORD01212,PROD040,3,696.01,2088.03
ITEM003133,ORD00969,PROD050,4,754.53,3018.12
ITEM003134,ORD02384,PROD017,1,306.63,306.63
ITEM003135,ORD04754,PROD041,4,609.33,2437.32
ITEM003136,ORD04734,PROD011,4,192.64,770.56
ITEM003137,ORD00821,PROD007,2,522.59,1045.18
ITEM003138,ORD04434,PROD110,2,299.68,599.36
ITEM003139,ORD00079,PROD121,3,334.12,1002.36
ITEM003140,ORD03814,PROD126,1,505.59,505.59
ITEM003141,ORD03008,PROD131,3,100.94,302.82
ITEM003142,ORD01265,PROD021,3,248.6,745.8
ITEM003143,ORD00646,PROD071,1,233.63,233.63
ITEM003144,ORD02807,PROD065,2,166.42,332.84
ITEM003145,ORD01118,PROD047,6,57.08,342.48
ITEM003146,ORD00865,PROD133,4,172.7,690.8
ITEM003147,ORD04164,PROD034,6,428.09,2568.54
ITEM003148,ORD00946,PROD147,6,143.61,861.66
ITEM003149,ORD00469,PROD004,6,701.16,4206.96
ITEM003150,ORD04748,PROD058,6,367.22,2203.32
ITEM003151,ORD03851,PROD095,6,115.11,690.66
ITEM003152,ORD03819,PROD073,3,646.58,1939.74
ITEM003153,ORD02047,PROD042,2,172.52,345.04
ITEM003154,ORD01522,PROD114,2,272.8,545.6
ITEM003155,ORD02941,PROD057,5,483.5,2417.5
ITEM003156,ORD02294,PROD150,3,187.48,562.44
ITEM003157,ORD02615,PROD122,4,534.21,2136.84
ITEM003158,ORD03369,PROD017,4,265.91,1063.64
ITEM003159,ORD00999,PROD074,6,554.75,3328.5
ITEM003160,ORD02809,PROD093,3,312.35,937.05
ITEM003161,ORD04830,PROD136,5,618.75,3093.75
ITEM003162,ORD03865,PROD065,3,608.72,1826.16
ITEM003163,ORD04546,PROD027,1,615.06,615.06
ITEM003164,ORD00448,PROD054,2,602.38,1204.76
ITEM003165,ORD00858,PROD110,1,719.58,719.58
ITEM003166,ORD03707,PROD092,1,619.81,619.81
ITEM003167,ORD00819,PROD038,6,546.69,3280.14
ITEM003168,ORD01790,PROD037,4,294.39,1177.56
ITEM003169,ORD00783,PROD9999,1,727.16,727.16
ITEM003170,ORD04477,PROD138,0,106.64,426.56
ITEM003171,ORD02390,PROD063,5,709.37,3546.85
ITEM003172,ORD03352,PROD133,6,107.95,647.7
ITEM003173,ORD03097,PROD062,2,751.59,1503.18
ITEM003174,ORD03518,PROD069,5,559.93,2799.65
ITEM003175,ORD04613,PROD037,1,322.04,322.04
ITEM003176,ORD00422,PROD055,2,326.16,652.32
ITEM003177,ORD00467,PROD123,2,361.46,722.92
ITEM003178,ORD01060,PROD104,4,159.77,639.08
ITEM003179,ORD02786,PROD125,1,102.02,102.02
ITEM003180,ORD999999,PROD012,4,324.01,1296.04
ITEM003181,ORD01068,PROD033,6,284.29,1705.74
ITEM003182,ORD00519,PROD086,5,403.04,2015.2
ITEM003183,ORD01682,PROD090,2,455.06,910.12
ITEM003184,ORD03312,PROD004,6,191.36,1148.16
ITEM003185,ORD01555,PROD104,4,666.73,2666.92
ITEM003186,ORD03349,PROD032,6,753.42,4520.52
ITEM003187,ORD03311,PROD009,1,189.73,189.73
ITEM003188,ORD01194,PROD051,6,512.15,3072.9
ITEM003189,ORD03777,PROD139,2,279.56,559.12
ITEM003190,ORD03020,PROD102,3,281.7,845.1
ITEM003191,ORD04015,PROD076,3,477.56,1432.68
ITEM003192,ORD04393,PROD132,6,53.94,323.64
ITEM003193,ORD04293,PROD016,5,620.31,3101.55
ITEM003194,ORD03195,PROD135,1,406.86,406.86
ITEM003195,ORD01062,PROD059,5,774.02,3870.1
ITEM003196,ORD02878,PROD083,1,725.8,725.8
ITEM003197,ORD04458,PROD120,2,775.71,1551.42
ITEM003198,ORD01430,PROD133,4,92.08,368.32
ITEM003199,ORD01092,PROD030,6,304.05,1824.3
ITEM003200,ORD03312,PROD051,6,700.32,4201.92
ITEM003201,ORD04299,PROD110,4,783.36,3133.44
ITEM003202,ORD00185,PROD136,5,226.02,1130.1
ITEM003203,ORD00936,PROD113,0,733.54,4401.24
ITEM003204,ORD00326,PROD076,6,777.67,4666.02
ITEM003205,ORD04187,PROD100,6,518.66,3111.96
ITEM003206,ORD01905,PROD032,3,172.52,517.56
ITEM003207,ORD00128,PROD101,5,595.63,2978.15
ITEM003208,ORD03093,PROD020,1,723.77,723.77
ITEM003209,ORD00811,PROD117,5,242.78,1213.9
ITEM003210,ORD02621,PROD142,5,147.88,739.4
ITEM003211,ORD01188,PROD076,5,125.57,627.85
ITEM003212,ORD02975,PROD033,2,227.66,455.32
ITEM003213,ORD01939,PROD128,2,485.65,971.3
ITEM003214,ORD02514,PROD016,6,546.51,3279.06
ITEM003215,ORD02931,PROD051,1,416.34,416.34
ITEM003216,ORD04911,PROD003,2,313.03,626.06
ITEM003217,ORD03004,PROD009,5,197.31,986.55
ITEM003218,ORD01272,PROD001,2,90.52,181.04
ITEM003219,ORD04072,PROD105,3,160.67,482.01
ITEM003220,ORD03300,PROD091,6,654.12,3924.72
ITEM003221,ORD01007,PROD043,2,192.41,384.82
ITEM003222,ORD00238,PROD014,5,584.75,2923.75
ITEM003223,ORD03046,PROD021,1,268.93,268.93
ITEM003224,ORD00773,PROD013,5,654.57,3272.85
ITEM003225,ORD03761,PROD019,4,719.06,2876.24
ITEM003226,ORD04201,PROD063,2,214.39,428.78
ITEM003227,ORD01196,PROD053,6,545.11,3270.66
ITEM003228,ORD04235,PROD100,2,649.62,1299.24
ITEM003229,ORD03893,PROD111,3,378.48,1135.44
ITEM003230,ORD00554,PROD031,4,213.93,855.72
ITEM003231,ORD00526,PROD022,1,332.94,332.94
ITEM003232,ORD00568,PROD100,3,291.21,873.63
ITEM003233,ORD00204,PROD066,1,569.37,569.37
ITEM003234,ORD01020,PROD079,4,299.47,1197.88
ITEM003235,ORD999999,PROD131,6,403.22,2419.32
ITEM003236,ORD01500,PROD044,6,679.82,4078.92
ITEM003237,ORD03601,PROD142,5,664.84,3324.2
ITEM003238,ORD01201,PROD017,4,95.01,380.04
ITEM003239,ORD04101,PROD024,6,167.8,1006.8
ITEM003240,ORD02869,PROD068,5,482.17,2410.85
ITEM003241,ORD999999,PROD121,1,203.05,203.05
ITEM003242,ORD04553,PROD007,3,627.58,1882.74
ITEM003243,ORD01486,PROD017,6,147.88,887.28
ITEM003244,ORD00038,PROD031,1,580.46,580.46
ITEM003245,ORD03194,PROD108,6,495.64,2973.84
ITEM003246,ORD02329,PROD050,1,376.82,376.82
ITEM003247,ORD01763,PROD078,5,226.55,1132.75
ITEM003248,ORD00242,PROD113,3,789.9,2369.7
ITEM003249,ORD00879,PROD105,3,441.25,1323.75
ITEM003250,ORD01250,PROD068,4,490.43,1961.72
ITEM003251,ORD00825,PROD137,0,509.73,2548.65
ITEM003252,ORD01307,PROD065,2,89.02,178.04
ITEM003253,ORD02317,PROD065,1,133.57,133.57
ITEM003254,ORD03691,PROD139,1,88.04,88.04
ITEM003255,ORD03643,PROD053,6,518.98,3113.88
ITEM003256,ORD02804,PROD088,5,761.43,3807.15
ITEM003257,ORD04975,PROD103,4,709.77,2839.08
ITEM003258,ORD00845,PROD146,4,633.21,2532.84
ITEM003259,ORD04420,PROD131,3,533.29,1599.87
ITEM003260,ORD01981,PROD075,2,112.2,224.4
ITEM003261,ORD04498,PROD115,6,209.14,1254.84
ITEM003262,ORD04225,PROD112,6,395.96,2375.76
ITEM003263,ORD03881,PROD085,6,569.72,3418.32
ITEM003264,ORD01092,PROD127,1,515.32,515.32
ITEM003265,ORD03066,PROD041,1,714.99,714.99
ITEM003266,ORD01920,PROD141,5,590.41,2952.05
ITEM003267,ORD03541,PROD081,6,614.1,3684.6
ITEM003268,ORD00261,PROD121,4,359.81,1439.24
ITEM003269,ORD04683,PROD065,6,107.78,646.68
ITEM003270,ORD00018,PROD028,2,576.93,1153.86
ITEM003271,ORD01585,PROD103,2,88.74,177.48
ITEM003272,ORD01240,PROD067,3,390.69,1172.07
ITEM003273,ORD03514,PROD094,1,390.13,390.13
ITEM003274,ORD01271,PROD092,2,376.25,752.5
ITEM003275,ORD02725,PROD114,3,749.28,2247.84
ITEM003276,ORD01005,PROD002,1,702.6,702.6
ITEM003277,ORD02594,PROD063,1,612.21,612.21
ITEM003278,ORD02279,PROD053,5,393.98,1969.9
ITEM003279,ORD00080,PROD093,5,588.29,2941.45
ITEM003280,ORD01443,PROD050,5,274.75,1373.75
ITEM003281,ORD02023,PROD140,5,59.44,297.2
ITEM003282,ORD03249,PROD135,1,567.0,567.0
ITEM003283,ORD04278,PROD063,5,208.21,1041.05
ITEM003284,ORD02815,PROD049,3,520.59,1561.77
ITEM003285,ORD00638,PROD144,3,91.56,274.68
ITEM003286,ORD00509,PROD142,0,397.94,1989.7
ITEM003287,ORD00759,PROD030,5,538.89,2694.45
ITEM003288,ORD01574,PROD146,3,88.9,266.7
ITEM003289,ORD02019,PROD007,6,322.91,1937.46
ITEM003290,ORD02002,PROD142,6,511.62,3069.72
ITEM003291,ORD01721,PROD134,4,203.36,813.44
ITEM003292,ORD04296,PROD141,2,509.4,1018.8
ITEM003293,ORD04350,PROD087,5,610.86,3054.3
ITEM003294,ORD04393,PROD9999,5,300.71,1503.55
ITEM003295,ORD02247,PROD035,2,396.95,793.9
ITEM003296,ORD03207,PROD010,3,653.56,1960.68
ITEM003297,ORD01152,PROD012,3,745.18,2235.54
ITEM003298,ORD00891,PROD075,6,252.58,1515.48
ITEM003299,ORD03731,PROD147,2,432.73,865.46
ITEM003300,ORD00334,PROD003,2,792.6,1585.2
ITEM003301,ORD999999,PROD028,5,722.2,3611.0
ITEM003302,ORD03834,PROD085,4,484.68,1938.72
ITEM003303,ORD00817,PROD014,6,179.97,1079.82
ITEM003304,ORD03459,PROD047,3,325.61,976.83
ITEM003305,ORD04620,PROD9999,2,146.28,292.56
ITEM003306,ORD04153,PROD018,5,353.61,1768.05
ITEM003307,ORD00119,PROD079,1,568.28,568.28
ITEM003308,ORD04063,PROD065,1,743.01,743.01
ITEM003309,ORD02097,PROD054,6,342.49,2054.94
ITEM003310,ORD00607,PROD090,2,597.34,1194.68
ITEM003311,ORD02408,PROD074,5,187.02,935.1
ITEM003312,ORD01738,PROD139,1,626.68,626.68
ITEM003313,ORD01904,PROD104,3,103.64,310.92
ITEM003314,ORD03846,PROD044,4,391.04,1564.16
ITEM003315,ORD02641,PROD058,5,331.57,1657.85
ITEM003316,ORD04629,PROD141,1,540.0,540.0
ITEM003317,ORD02600,PROD036,4,226.05,904.2
ITEM003318,ORD01142,PROD052,5,763.28,3816.4
ITEM003319,ORD00903,PROD017,2,617.57,1235.14
ITEM003320,ORD04306,PROD127,5,121.06,605.3
ITEM003321,ORD02628,PROD9999,3,390.23,1170.69
ITEM003322,ORD02546,PROD030,6,705.94,4235.64
ITEM003323,ORD02770,PROD102,1,282.46,282.46
ITEM003324,ORD02694,PROD146,4,503.41,2013.64
ITEM003325,ORD02794,PROD125,6,768.51,4611.06
ITEM003326,ORD999999,PROD112,3,305.74,917.22
ITEM003327,ORD01939,PROD9999,0,759.51,4557.06
ITEM003328,ORD03319,PROD042,2,167.36,334.72
ITEM003329,ORD02368,PROD072,0,725.53,2902.12
ITEM003330,ORD02426,PROD081,1,794.12,794.12
ITEM003331,ORD02423,PROD144,5,227.78,1138.9
ITEM003332,ORD04325,PROD141,6,667.61,4005.66
ITEM003333,ORD04666,PROD099,5,273.21,1366.05
ITEM003334,ORD00812,PROD9999,5,137.05,685.25
ITEM003335,ORD04621,PROD088,5,210.54,1052.7
ITEM003336,ORD03852,PROD109,2,59.64,119.28
ITEM003337,ORD04742,PROD050,3,467.23,1401.69
ITEM003338,ORD00136,PROD037,0,427.09,1708.36
ITEM003339,ORD00500,PROD123,3,258.3,774.9
ITEM003340,ORD00624,PROD132,1,318.26,318.26
ITEM003341,ORD00115,PROD107,5,55.01,275.05
ITEM003342,ORD999999,PROD136,6,753.45,4520.7
ITEM003343,ORD00472,PROD114,4,304.02,1216.08
ITEM003344,ORD02367,PROD144,5,467.25,2336.25
ITEM003345,ORD999999,PROD042,1,737.58,737.58
ITEM003346,ORD00753,PROD005,5,539.94,2699.7
ITEM003347,ORD03341,PROD9999,6,263.75,1582.5
ITEM003348,ORD04509,PROD141,3,215.41,646.23
ITEM003349,ORD03206,PROD076,2,786.59,1573.18
ITEM003350,ORD04128,PROD090,2,666.98,1333.96
ITEM003351,ORD02308,PROD054,6,178.24,1069.44
ITEM003352,ORD02666,PROD091,3,228.39,685.17
ITEM003353,ORD00256,PROD089,6,747.46,4484.76
ITEM003354,ORD00248,PROD121,6,677.84,4067.04
ITEM003355,ORD04679,PROD034,6,629.0,3774.0
ITEM003356,ORD01121,PROD032,2,226.21,452.42
ITEM003357,ORD00068,PROD040,6,661.08,3966.48
ITEM003358,ORD04373,PROD122,1,558.58,558.58
ITEM003359,ORD00249,PROD091,2,95.85,191.7
ITEM003360,ORD04295,PROD007,4,620.77,2483.08
ITEM003361,ORD03883,PROD119,3,191.1,573.3
ITEM003362,ORD01571,PROD124,4,204.16,816.64
ITEM003363,ORD00953,PROD086,6,791.87,4751.22
ITEM003364,ORD01387,PROD005,6,250.18,1501.08
ITEM003365,ORD00736,PROD076,2,603.49,1206.98
ITEM003366,ORD04385,PROD023,5,791.98,3959.9
ITEM003367,ORD04415,PROD122,3,289.34,868.02
ITEM003368,ORD02622,PROD127,1,716.83,716.83
ITEM003369,ORD00278,PROD052,2,684.62,1369.24
ITEM003370,ORD02347,PROD018,4,710.79,2843.16
ITEM003371,ORD00406,PROD142,5,224.65,1123.25
ITEM003372,ORD03502,PROD149,1,653.99,653.99
ITEM003373,ORD00618,PROD133,5,417.04,2085.2
ITEM003374,ORD04922,PROD010,1,456.65,456.65
ITEM003375,ORD03071,PROD067,3,437.01,1311.03
ITEM003376,ORD04549,PROD128,1,412.75,412.75
ITEM003377,ORD00183,PROD122,5,186.94,934.7
ITEM003378,ORD01923,PROD064,4,159.81,639.24
ITEM003379,ORD03643,PROD013,6,684.73,4108.38
ITEM003380,ORD04943,PROD137,6,324.12,1944.72
ITEM003381,ORD00830,PROD112,2,327.09,654.18
ITEM003382,ORD01751,PROD138,4,261.46,1045.84
ITEM003383,ORD02393,PROD052,3,156.91,470.73
ITEM003384,ORD01281,PROD079,3,274.63,823.89
ITEM003385,ORD00150,PROD079,3,541.76,1625.28
ITEM003386,ORD03194,PROD9999,5,219.09,1095.45
ITEM003387,ORD01386,PROD128,3,531.51,1594.53
ITEM003388,ORD00194,PROD050,3,303.84,911.52
ITEM003389,ORD01019,PROD027,4,434.61,1738.44
ITEM003390,ORD00307,PROD078,4,150.62,602.48
ITEM003391,ORD03377,PROD040,1,163.76,163.76
ITEM003392,ORD03993,PROD102,4,311.79,1247.16
ITEM003393,ORD01869,PROD070,4,753.43,3013.72
ITEM003394,ORD01380,PROD146,4,355.91,1423.64
ITEM003395,ORD03502,PROD002,3,769.08,2307.24
ITEM003396,ORD03360,PROD065,1,239.42,239.42
ITEM003397,ORD03244,PROD043,3,672.4,2017.2
ITEM003398,ORD01019,PROD096,4,307.53,1230.12
ITEM003399,ORD01154,PROD143,1,522.67,522.67
ITEM003400,ORD04497,PROD9999,6,249.68,1498.08
ITEM003401,ORD01793,PROD143,2,487.31,974.62
ITEM003402,ORD03800,PROD041,6,729.52,4377.12
ITEM003403,ORD00887,PROD023,2,287.67,575.34
ITEM003404,ORD04962,PROD081,1,274.83,274.83
ITEM003405,ORD999999,PROD019,5,68.31,341.55
ITEM003406,ORD03423,PROD045,6,226.62,1359.72
ITEM003407,ORD02541,PROD119,4,141.52,566.08
ITEM003408,ORD02319,PROD123,2,430.44,860.88
ITEM003409,ORD999999,PROD016,3,685.78,2057.34
ITEM003410,ORD03921,PROD106,4,442.14,1768.56
ITEM003411,ORD04356,PROD098,3,315.01,945.03
ITEM003412,ORD01860,PROD012,4,667.04,2668.16
ITEM003413,ORD00206,PROD023,1,402.24,402.24
ITEM003414,ORD02020,PROD105,3,109.38,328.14
ITEM003415,ORD03940,PROD095,4,662.21,2648.84
ITEM003416,ORD01437,PROD036,1,510.69,510.69
ITEM003417,ORD01344,PROD019,2,50.7,101.4
ITEM003418,ORD02936,PROD103,4,702.63,2810.52
ITEM003419,ORD02899,PROD118,1,665.0,665.0
ITEM003420,ORD04251,PROD9999,5,394.13,1970.65
ITEM003421,ORD00987,PROD138,4,105.43,421.72
ITEM003422,ORD00440,PROD050,3,614.35,1843.05
ITEM003423,ORD03678,PROD006,1,654.91,654.91
ITEM003424,ORD04169,PROD050,5,764.42,3822.1
ITEM003425,ORD03151,PROD140,3,658.33,1974.99
ITEM003426,ORD03593,PROD008,6,319.78,1918.68
ITEM003427,ORD00517,PROD051,5,291.93,1459.65
ITEM003428,ORD02821,PROD060,2,295.41,590.82
ITEM003429,ORD04983,PROD120,5,351.27,1756.35
ITEM003430,ORD01471,PROD098,5,625.55,3127.75
ITEM003431,ORD03841,PROD146,4,714.99,2859.96
ITEM003432,ORD04888,PROD093,4,450.83,1803.32
ITEM003433,ORD04242,PROD105,4,311.66,1246.64
ITEM003434,ORD01789,PROD078,5,406.99,2034.95
ITEM003435,ORD02204,PROD134,1,143.73,143.73
ITEM003436,ORD00761,PROD036,6,608.69,3652.14
ITEM003437,ORD00040,PROD013,3,450.86,1352.58
ITEM003438,ORD02647,PROD142,5,66.08,330.4
ITEM003439,ORD03084,PROD115,2,765.04,1530.08
ITEM003440,ORD03620,PROD005,4,582.59,2330.36
ITEM003441,ORD03000,PROD021,6,403.54,2421.24
ITEM003442,ORD03305,PROD025,5,764.23,3821.15
ITEM003443,ORD04990,PROD112,6,95.06,570.36
ITEM003444,ORD01946,PROD063,2,601.52,1203.04
ITEM003445,ORD01968,PROD088,6,241.69,1450.14
ITEM003446,ORD04611,PROD123,2,139.49,278.98
ITEM003447,ORD01161,PROD044,2,135.16,270.32
ITEM003448,ORD02420,PROD025,5,495.6,2478.0
ITEM003449,ORD01051,PROD063,2,789.79,1579.58
ITEM003450,ORD999999,PROD138,4,233.31,933.24
ITEM003451,ORD02045,PROD099,4,154.31,617.24
ITEM003452,ORD03479,PROD097,2,493.2,986.4
ITEM003453,ORD01079,PROD109,2,208.14,416.28
ITEM003454,ORD01429,PROD007,1,188.92,188.92
ITEM003455,ORD03360,PROD051,1,264.37,264.37
ITEM003456,ORD02040,PROD041,2,491.55,983.1
ITEM003457,ORD04842,PROD072,6,540.3,3241.8
ITEM003458,ORD00666,PROD087,2,230.91,461.82
ITEM003459,ORD04710,PROD090,1,770.71,770.71
ITEM003460,ORD00621,PROD035,6,619.81,3718.86
ITEM003461,ORD00132,PROD061,1,229.87,229.87
ITEM003462,ORD01864,PROD022,3,556.96,1670.88
ITEM003463,ORD02748,PROD049,6,150.2,901.2
ITEM003464,ORD00107,PROD136,1,428.97,428.97
ITEM003465,ORD01819,PROD077,3,500.56,1501.68
ITEM003466,ORD00428,PROD100,4,746.65,2986.6
ITEM003467,ORD00557,PROD052,3,356.26,1068.78
ITEM003468,ORD00226,PROD102,1,158.55,158.55
ITEM003469,ORD02549,PROD106,4,184.9,739.6
ITEM003470,ORD03557,PROD113,4,161.85,647.4
ITEM003471,ORD01626,PROD100,5,496.4,2482.0
ITEM003472,ORD03643,PROD077,6,797.54,4785.24
ITEM003473,ORD00133,PROD131,5,559.67,2798.35
ITEM003474,ORD04957,PROD052,6,423.8,2542.8
ITEM003475,ORD03046,PROD078,2,559.91,1119.82
ITEM003476,ORD03328,PROD117,2,734.49,1468.98
ITEM003477,ORD03691,PROD100,3,710.89,2132.67
ITEM003478,ORD04417,PROD096,2,537.55,1075.1
ITEM003479,ORD03255,PROD005,3,520.18,1560.54
ITEM003480,ORD02723,PROD006,1,724.14,724.14
ITEM003481,ORD00381,PROD143,6,402.01,2412.06
ITEM003482,ORD01175,PROD107,4,313.26,1253.04
ITEM003483,ORD999999,PROD086,3,108.73,326.19
ITEM003484,ORD01925,PROD067,2,238.83,477.66
ITEM003485,ORD02666,PROD025,5,693.25,3466.25
ITEM003486,ORD04029,PROD110,3,117.21,351.63
ITEM003487,ORD03067,PROD029,4,72.19,288.76
ITEM003488,ORD04538,PROD067,6,451.14,2706.84
ITEM003489,ORD02482,PROD127,2,372.91,745.82
ITEM003490,ORD01095,PROD036,5,57.81,289.05
ITEM003491,ORD01759,PROD050,6,704.37,4226.22
ITEM003492,ORD02862,PROD003,6,145.06,870.36
ITEM003493,ORD04233,PROD075,2,552.68,1105.36
ITEM003494,ORD04443,PROD045,3,227.37,682.11
ITEM003495,ORD04806,PROD114,6,428.26,2569.56
ITEM003496,ORD03568,PROD018,2,138.35,276.7
ITEM003497,ORD04323,PROD137,6,440.23,2641.38
ITEM003498,ORD01506,PROD104,5,431.0,2155.0
ITEM003499,ORD01313,PROD059,5,743.43,3717.15
ITEM003500,ORD02553,PROD024,4,475.94,1903.76
ITEM003501,ORD04866,PROD118,1,560.35,560.35
ITEM003502,ORD00086,PROD066,6,575.81,3454.86
ITEM003503,ORD01577,PROD032,3,301.18,903.54
ITEM003504,ORD04438,PROD056,1,735.83,735.83
ITEM003505,ORD04315,PROD097,4,655.98,2623.92
ITEM003506,ORD02946,PROD028,1,791.99,791.99
ITEM003507,ORD00508,PROD098,5,561.7,2808.5
ITEM003508,ORD02385,PROD015,6,679.21,4075.26
ITEM003509,ORD00422,PROD074,3,310.29,930.87
ITEM003510,ORD01404,PROD036,5,246.18,1230.9
ITEM003511,ORD04459,PROD109,4,655.65,2622.6
ITEM003512,ORD03897,PROD070,5,610.3,3051.5
ITEM003513,ORD04924,PROD077,6,463.59,2781.54
ITEM003514,ORD01794,PROD128,3,485.75,1457.25
ITEM003515,ORD03008,PROD048,2,461.23,922.46
ITEM003516,ORD03255,PROD099,6,379.34,2276.04
ITEM003517,ORD01114,PROD047,3,534.97,1604.91
ITEM003518,ORD03871,PROD121,6,477.91,2867.46
ITEM003519,ORD01555,PROD072,4,190.72,762.88
ITEM003520,ORD01239,PROD112,1,374.99,374.99
ITEM003521,ORD04835,PROD069,4,520.68,2082.72
ITEM003522,ORD02551,PROD125,4,499.63,1998.52
ITEM003523,ORD04092,PROD027,5,263.9,1319.5
ITEM003524,ORD01658,PROD102,2,512.75,1025.5
ITEM003525,ORD00247,PROD080,3,419.47,1258.41
ITEM003526,ORD04734,PROD118,4,543.73,2174.92
ITEM003527,ORD02239,PROD094,6,512.82,3076.92
ITEM003528,ORD03722,PROD080,1,738.66,738.66
ITEM003529,ORD01167,PROD065,1,294.2,294.2
ITEM003530,ORD01108,PROD057,2,151.16,302.32
ITEM003531,ORD03979,PROD016,3,639.13,1917.39
ITEM003532,ORD02286,PROD057,2,543.05,1086.1
ITEM003533,ORD00627,PROD066,5,473.67,2368.35
ITEM003534,ORD02828,PROD043,4,582.05,2328.2
ITEM003535,ORD00089,PROD068,4,88.12,352.48
ITEM003536,ORD04578,PROD061,6,53.4,320.4
ITEM003537,ORD01059,PROD089,6,356.37,2138.22
ITEM003538,ORD02122,PROD149,4,356.11,1424.44
ITEM003539,ORD03632,PROD041,6,644.81,3868.86
ITEM003540,ORD03361,PROD006,6,476.21,2857.26
ITEM003541,ORD01413,PROD077,1,379.99,379.99
ITEM003542,ORD04342,PROD019,4,697.97,2791.88
ITEM003543,ORD999999,PROD133,1,151.25,151.25
ITEM003544,ORD03730,PROD076,6,707.41,4244.46
ITEM003545,ORD03944,PROD068,2,408.64,817.28
ITEM003546,ORD02212,PROD090,5,636.04,3180.2
ITEM003547,ORD02685,PROD085,5,56.04,280.2
ITEM003548,ORD03029,PROD110,3,380.9,1142.7
ITEM003549,ORD02159,PROD143,4,303.78,1215.12
ITEM003550,ORD01772,PROD076,3,332.05,996.15
ITEM003551,ORD01927,PROD135,1,528.08,528.08
ITEM003552,ORD00290,PROD037,5,139.8,699.0
ITEM003553,ORD02105,PROD123,4,319.01,1276.04
ITEM003554,ORD02031,PROD114,5,223.64,1118.2
ITEM003555,ORD02795,PROD009,6,458.03,2748.18
ITEM003556,ORD00773,PROD037,2,567.73,1135.46
ITEM003557,ORD00812,PROD128,6,348.07,2088.42
ITEM003558,ORD04269,PROD064,2,317.08,634.16
ITEM003559,ORD01363,PROD043,2,384.91,769.82
ITEM003560,ORD04756,PROD128,4,414.29,1657.16
ITEM003561,ORD01478,PROD130,3,730.92,2192.76
ITEM003562,ORD01147,PROD139,1,554.1,554.1
ITEM003563,ORD03464,PROD100,6,233.33,1399.98
ITEM003564,ORD02822,PROD097,1,147.97,147.97
ITEM003565,ORD00746,PROD047,5,798.28,3991.4
ITEM003566,ORD01551,PROD067,6,140.51,843.06
ITEM003567,ORD02097,PROD039,6,361.48,2168.88
ITEM003568,ORD00849,PROD085,6,755.49,4532.94
ITEM003569,ORD00052,PROD055,1,293.09,293.09
ITEM003570,ORD04473,PROD9999,4,102.38,409.52
ITEM003571,ORD00506,PROD141,6,659.55,3957.3
ITEM003572,ORD04872,PROD058,1,629.08,629.08
ITEM003573,ORD03858,PROD049,5,85.81,429.05
ITEM003574,ORD02513,PROD108,2,186.75,373.5
ITEM003575,ORD00057,PROD058,4,50.57,202.28
ITEM003576,ORD02629,PROD003,5,440.44,2202.2
ITEM003577,ORD00791,PROD121,2,524.61,1049.22
ITEM003578,ORD01221,PROD059,6,557.66,3345.96
ITEM003579,ORD00878,PROD070,4,105.69,422.76
ITEM003580,ORD02439,PROD114,4,594.52,2378.08
ITEM003581,ORD03655,PROD065,6,53.98,323.88
ITEM003582,ORD02457,PROD110,4,489.38,1957.52
ITEM003583,ORD02822,PROD007,4,770.57,3082.28
ITEM003584,ORD00438,PROD065,6,406.03,2436.18
ITEM003585,ORD00238,PROD089,4,180.6,722.4
ITEM003586,ORD01024,PROD049,6,791.26,4747.56
ITEM003587,ORD02384,PROD062,4,127.44,509.76
ITEM003588,ORD02598,PROD048,4,94.98,379.92
ITEM003589,ORD00215,PROD081,1,394.76,394.76
ITEM003590,ORD01188,PROD019,4,429.82,1719.28
ITEM003591,ORD02493,PROD018,5,483.63,2418.15
ITEM003592,ORD00550,PROD111,5,765.97,3829.85
ITEM003593,ORD03477,PROD062,2,377.79,755.58
ITEM003594,ORD01951,PROD112,3,392.96,1178.88
ITEM003595,ORD04524,PROD130,3,555.56,1666.68
ITEM003596,ORD03114,PROD061,5,77.63,388.15
ITEM003597,ORD00475,PROD075,4,102.26,409.04
ITEM003598,ORD00719,PROD105,3,104.49,313.47
ITEM003599,ORD00426,PROD148,5,115.29,576.45
ITEM003600,ORD03517,PROD038,2,439.02,878.04
ITEM003601,ORD04971,PROD131,1,638.51,638.51
ITEM003602,ORD02436,PROD011,5,375.49,1877.45
ITEM003603,ORD03457,PROD089,1,517.77,517.77
ITEM003604,ORD03178,PROD007,2,704.5,1409.0
ITEM003605,ORD03941,PROD022,3,223.79,671.37
ITEM003606,ORD03625,PROD001,3,717.28,2151.84
ITEM003607,ORD01573,PROD097,1,728.69,728.69
ITEM003608,ORD04013,PROD090,1,112.15,112.15
ITEM003609,ORD04229,PROD048,4,89.33,357.32
ITEM003610,ORD02431,PROD017,2,332.45,664.9
ITEM003611,ORD02194,PROD115,6,346.3,2077.8
ITEM003612,ORD02026,PROD078,1,452.1,452.1
ITEM003613,ORD02717,PROD071,6,440.74,2644.44
ITEM003614,ORD04857,PROD116,5,189.49,947.45
ITEM003615,ORD00428,PROD039,3,539.81,1619.43
ITEM003616,ORD03966,PROD099,2,234.53,469.06
ITEM003617,ORD00585,PROD082,1,700.46,700.46
ITEM003618,ORD00908,PROD014,5,654.79,3273.95
ITEM003619,ORD03600,PROD056,3,172.3,516.9
ITEM003620,ORD03507,PROD071,3,230.24,690.72
ITEM003621,ORD02578,PROD042,6,524.77,3148.62
ITEM003622,ORD02230,PROD113,3,619.8,1859.4
ITEM003623,ORD04544,PROD150,6,607.41,3644.46
ITEM003624,ORD04244,PROD043,2,773.76,1547.52
ITEM003625,ORD01475,PROD147,6,706.69,4240.14
ITEM003626,ORD02636,PROD9999,4,69.17,276.68
ITEM003627,ORD02830,PROD103,3,120.98,362.94
ITEM003628,ORD01949,PROD095,5,127.19,635.95
ITEM003629,ORD00420,PROD008,3,367.55,1102.65
ITEM003630,ORD03933,PROD048,6,128.72,772.32
ITEM003631,ORD999999,PROD070,6,590.31,3541.86
ITEM003632,ORD00200,PROD109,2,590.52,1181.04
ITEM003633,ORD04339,PROD063,4,488.79,1955.16
ITEM003634,ORD999999,PROD128,6,445.49,2672.94
ITEM003635,ORD04723,PROD099,2,552.37,1104.74
ITEM003636,ORD00903,PROD024,4,457.68,1830.72
ITEM003637,ORD01509,PROD051,3,403.82,1211.46
ITEM003638,ORD01702,PROD116,1,413.61,413.61
ITEM003639,ORD00431,PROD090,3,755.79,2267.37
ITEM003640,ORD00890,PROD116,5,484.19,2420.95
ITEM003641,ORD02662,PROD068,2,218.66,437.32
ITEM003642,ORD01655,PROD066,5,178.34,891.7
ITEM003643,ORD00687,PROD078,2,646.5,1293.0
ITEM003644,ORD01662,PROD005,2,349.92,699.84
ITEM003645,ORD04025,PROD149,1,718.13,718.13
ITEM003646,ORD03962,PROD068,3,422.37,1267.11
ITEM003647,ORD04957,PROD132,1,140.76,140.76
ITEM003648,ORD04558,PROD9999,6,676.85,4061.1
ITEM003649,ORD03937,PROD087,2,790.38,1580.76
ITEM003650,ORD01567,PROD090,6,632.19,3793.14
ITEM003651,ORD00323,PROD019,5,619.88,3099.4
ITEM003652,ORD03267,PROD053,4,209.42,837.68
ITEM003653,ORD03454,PROD016,2,232.5,465.0
ITEM003654,ORD00923,PROD123,5,615.97,3079.85
ITEM003655,ORD02899,PROD116,6,766.25,4597.5
ITEM003656,ORD02877,PROD062,1,233.76,233.76
ITEM003657,ORD03547,PROD001,2,380.37,760.74
ITEM003658,ORD03289,PROD034,4,151.22,604.88
ITEM003659,ORD01511,PROD004,1,490.59,490.59
ITEM003660,ORD00572,PROD9999,2,476.42,952.84
ITEM003661,ORD02167,PROD148,5,359.65,1798.25
ITEM003662,ORD04568,PROD092,6,334.87,2009.22
ITEM003663,ORD04293,PROD114,1,208.17,208.17
ITEM003664,ORD04860,PROD144,3,273.64,820.92
ITEM003665,ORD04464,PROD053,2,145.85,291.7
ITEM003666,ORD01887,PROD016,6,87.73,526.38
ITEM003667,ORD02711,PROD049,1,614.04,614.04
ITEM003668,ORD04763,PROD129,4,531.75,2127.0
ITEM003669,ORD03712,PROD013,1,678.84,678.84
ITEM003670,ORD04867,PROD131,4,55.29,221.16
ITEM003671,ORD00960,PROD135,4,261.12,1044.48
ITEM003672,ORD00058,PROD091,5,364.81,1824.05
ITEM003673,ORD00118,PROD126,4,623.33,2493.32
ITEM003674,ORD02665,PROD063,5,379.92,1899.6
ITEM003675,ORD02120,PROD023,2,761.49,1522.98
ITEM003676,ORD00065,PROD128,3,631.72,1895.16
ITEM003677,ORD02534,PROD077,1,126.24,126.24
ITEM003678,ORD04596,PROD095,2,582.74,1165.48
ITEM003679,ORD00847,PROD066,2,451.77,903.54
ITEM003680,ORD04367,PROD130,3,358.69,1076.07
ITEM003681,ORD999999,PROD086,2,101.76,203.52
ITEM003682,ORD02350,PROD104,3,749.99,2249.97
ITEM003683,ORD00762,PROD095,3,475.57,1426.71
ITEM003684,ORD03908,PROD049,2,748.5,1497.0
ITEM003685,ORD999999,PROD011,6,550.1,3300.6
ITEM003686,ORD04234,PROD060,6,688.76,4132.56
ITEM003687,ORD999999,PROD018,4,481.44,1925.76
ITEM003688,ORD04521,PROD088,6,342.17,2053.02
ITEM003689,ORD01199,PROD074,4,627.96,2511.84
ITEM003690,ORD03372,PROD126,6,388.0,2328.0
ITEM003691,ORD02769,PROD022,4,149.07,596.28
ITEM003692,ORD02430,PROD048,4,82.17,328.68
ITEM003693,ORD02280,PROD116,2,286.52,573.04
ITEM003694,ORD04100,PROD075,0,600.35,2401.4
ITEM003695,ORD04009,PROD017,6,167.66,1005.96
ITEM003696,ORD03730,PROD014,1,594.33,594.33
ITEM003697,ORD00882,PROD076,5,89.75,448.75
ITEM003698,ORD01188,PROD131,4,472.37,1889.48
ITEM003699,ORD00132,PROD139,5,751.26,3756.3
ITEM003700,ORD02464,PROD080,4,564.94,2259.76
ITEM003701,ORD00558,PROD045,2,498.91,997.82
ITEM003702,ORD00675,PROD143,2,638.11,1276.22
ITEM003703,ORD02563,PROD020,5,358.89,1794.45
ITEM003704,ORD01736,PROD149,4,412.25,1649.0
ITEM003705,ORD03039,PROD143,4,218.11,872.44
ITEM003706,ORD04337,PROD114,1,719.29,719.29
ITEM003707,ORD03944,PROD073,6,439.02,2634.12
ITEM003708,ORD00149,PROD051,2,408.73,817.46
ITEM003709,ORD03644,PROD106,4,591.01,2364.04
ITEM003710,ORD04251,PROD107,1,302.55,302.55
ITEM003711,ORD03269,PROD124,6,343.85,2063.1
ITEM003712,ORD01443,PROD138,2,762.07,1524.14
ITEM003713,ORD04811,PROD083,6,512.87,3077.22
ITEM003714,ORD00730,PROD037,3,307.67,923.01
ITEM003715,ORD01057,PROD019,3,545.27,1635.81
ITEM003716,ORD02880,PROD088,3,768.16,2304.48
ITEM003717,ORD00961,PROD079,2,456.4,912.8
ITEM003718,ORD04319,PROD098,6,503.11,3018.66
ITEM003719,ORD00293,PROD016,2,238.39,476.78
ITEM003720,ORD02486,PROD036,6,792.75,4756.5
ITEM003721,ORD01248,PROD091,2,381.89,763.78
ITEM003722,ORD00609,PROD123,4,268.59,1074.36
ITEM003723,ORD00876,PROD012,2,635.61,1271.22
ITEM003724,ORD01858,PROD118,6,392.82,2356.92
ITEM003725,ORD01245,PROD021,6,128.93,773.58
ITEM003726,ORD02358,PROD101,1,515.93,515.93
ITEM003727,ORD00991,PROD010,5,554.15,2770.75
ITEM003728,ORD999999,PROD009,6,724.58,4347.48
ITEM003729,ORD02879,PROD024,5,661.61,3308.05
ITEM003730,ORD03869,PROD107,6,187.29,1123.74
ITEM003731,ORD00742,PROD062,4,466.53,1866.12
ITEM003732,ORD03162,PROD087,6,63.36,380.16
ITEM003733,ORD03172,PROD9999,6,361.0,2166.0
ITEM003734,ORD01867,PROD125,3,503.54,1510.62
ITEM003735,ORD04331,PROD121,1,657.8,657.8
ITEM003736,ORD03366,PROD074,2,778.8,1557.6
ITEM003737,ORD00756,PROD126,6,89.01,534.06
ITEM003738,ORD02537,PROD136,2,722.76,1445.52
ITEM003739,ORD00161,PROD149,4,505.31,2021.24
ITEM003740,ORD01719,PROD122,5,506.98,2534.9
ITEM003741,ORD02744,PROD042,5,397.12,1985.6
ITEM003742,ORD02109,PROD002,5,207.33,1036.65
ITEM003743,ORD03942,PROD023,3,771.69,2315.07
ITEM003744,ORD03210,PROD089,3,165.98,497.94
ITEM003745,ORD04002,PROD143,5,695.98,3479.9
ITEM003746,ORD02176,PROD020,2,788.43,1576.86
ITEM003747,ORD01064,PROD047,6,234.05,1404.3
ITEM003748,ORD03215,PROD053,2,451.51,903.02
ITEM003749,ORD00821,PROD132,5,83.6,418.0
ITEM003750,ORD00709,PROD003,0,211.79,847.16
ITEM003751,ORD02883,PROD104,1,241.43,241.43
ITEM003752,ORD04146,PROD112,5,94.54,472.7
ITEM003753,ORD01847,PROD028,1,500.14,500.14
ITEM003754,ORD00955,PROD135,5,153.42,767.1
ITEM003755,ORD00186,PROD131,5,259.58,1297.9
ITEM003756,ORD01801,PROD066,4,501.48,2005.92
ITEM003757,ORD00926,PROD9999,4,76.64,306.56
ITEM003758,ORD01272,PROD038,6,685.52,4113.12
ITEM003759,ORD01497,PROD055,4,287.61,1150.44
ITEM003760,ORD03810,PROD086,5,149.04,745.2
ITEM003761,ORD00530,PROD138,4,163.73,654.92
ITEM003762,ORD03616,PROD125,6,628.02,3768.12
ITEM003763,ORD04133,PROD049,1,434.29,434.29
ITEM003764,ORD01728,PROD034,1,737.15,737.15
ITEM003765,ORD01066,PROD110,5,472.52,2362.6
ITEM003766,ORD02541,PROD063,4,399.01,1596.04
ITEM003767,ORD999999,PROD146,6,686.8,4120.8
ITEM003768,ORD00020,PROD020,6,711.06,4266.36
ITEM003769,ORD04574,PROD023,3,687.86,2063.58
ITEM003770,ORD00052,PROD9999,3,570.21,1710.63
ITEM003771,ORD02478,PROD083,6,718.91,4313.46
ITEM003772,ORD02690,PROD071,1,798.43,798.43
ITEM003773,ORD01791,PROD116,4,71.14,284.56
ITEM003774,ORD01624,PROD092,4,559.46,2237.84
ITEM003775,ORD03150,PROD060,6,662.1,3972.6
ITEM003776,ORD03335,PROD049,6,370.67,2224.02
ITEM003777,ORD02688,PROD149,1,243.6,243.6
ITEM003778,ORD00060,PROD062,5,646.3,3231.5
ITEM003779,ORD04175,PROD131,6,268.22,1609.32
ITEM003780,ORD02520,PROD093,4,583.81,2335.24
ITEM003781,ORD01500,PROD091,6,106.6,639.6
ITEM003782,ORD04774,PROD150,6,216.6,1299.6
ITEM003783,ORD04107,PROD013,4,165.64,662.56
ITEM003784,ORD01111,PROD011,1,577.59,577.59
ITEM003785,ORD00626,PROD091,4,67.08,268.32
ITEM003786,ORD00693,PROD131,2,161.41,322.82
ITEM003787,ORD00150,PROD087,5,293.2,1466.0
ITEM003788,ORD02670,PROD054,5,684.76,3423.8
ITEM003789,ORD03266,PROD9999,3,316.2,948.6
ITEM003790,ORD01290,PROD096,5,508.81,2544.05
ITEM003791,ORD01947,PROD082,2,642.19,1284.38
ITEM003792,ORD02610,PROD032,4,782.53,3130.12
ITEM003793,ORD02026,PROD125,5,467.92,2339.6
ITEM003794,ORD01667,PROD100,2,723.91,1447.82
ITEM003795,ORD01501,PROD124,2,401.1,802.2
ITEM003796,ORD00763,PROD078,3,459.7,1379.1
ITEM003797,ORD02928,PROD026,5,687.0,3435.0
ITEM003798,ORD00501,PROD043,3,653.56,1960.68
ITEM003799,ORD01250,PROD119,2,782.17,1564.34
ITEM003800,ORD01283,PROD008,2,389.55,779.1
ITEM003801,ORD02836,PROD094,6,224.59,1347.54
ITEM003802,ORD00002,PROD025,4,258.38,1033.52
ITEM003803,ORD03770,PROD093,6,95.59,573.54
ITEM003804,ORD01875,PROD018,5,452.12,2260.6
ITEM003805,ORD00582,PROD018,6,266.67,1600.02
ITEM003806,ORD00864,PROD053,2,775.01,1550.02
ITEM003807,ORD03207,PROD018,3,177.95,533.85
ITEM003808,ORD04913,PROD113,4,501.46,2005.84
ITEM003809,ORD02570,PROD077,4,529.86,2119.44
ITEM003810,ORD03280,PROD083,1,106.98,106.98
ITEM003811,ORD00637,PROD073,5,533.73,2668.65
ITEM003812,ORD01458,PROD145,2,356.58,713.16
ITEM003813,ORD02299,PROD119,6,614.43,3686.58
ITEM003814,ORD02940,PROD098,3,146.0,438.0
ITEM003815,ORD04567,PROD019,6,121.6,729.6
ITEM003816,ORD04125,PROD036,1,436.55,436.55
ITEM003817,ORD00070,PROD040,6,268.35,1610.1
ITEM003818,ORD03243,PROD106,1,211.37,211.37
ITEM003819,ORD04434,PROD122,5,292.41,1462.05
ITEM003820,ORD01138,PROD117,6,268.49,1610.94
ITEM003821,ORD00949,PROD026,6,605.3,3631.8
ITEM003822,ORD02303,PROD007,4,150.94,603.76
ITEM003823,ORD01075,PROD127,5,300.77,1503.85
ITEM003824,ORD00488,PROD091,1,680.63,680.63
ITEM003825,ORD01799,PROD006,2,87.65,175.3
ITEM003826,ORD01168,PROD9999,2,639.28,1278.56
ITEM003827,ORD01325,PROD053,3,479.71,1439.13
ITEM003828,ORD03662,PROD039,2,158.61,317.22
ITEM003829,ORD01719,PROD029,1,443.35,443.35
ITEM003830,ORD00353,PROD096,3,99.37,298.11
ITEM003831,ORD04807,PROD045,5,272.86,1364.3
ITEM003832,ORD03338,PROD128,4,62.41,249.64
ITEM003833,ORD03096,PROD092,3,297.88,893.64
ITEM003834,ORD00902,PROD027,5,711.05,3555.25
ITEM003835,ORD04648,PROD078,1,547.18,547.18
ITEM003836,ORD02165,PROD013,4,291.64,1166.56
ITEM003837,ORD01201,PROD077,1,541.53,541.53
ITEM003838,ORD03503,PROD028,5,701.35,3506.75
ITEM003839,ORD00110,PROD142,5,657.32,3286.6
ITEM003840,ORD00324,PROD009,2,136.15,272.3
ITEM003841,ORD03784,PROD082,2,136.39,272.78
ITEM003842,ORD01289,PROD072,3,777.43,2332.29
ITEM003843,ORD03692,PROD083,3,392.37,1177.11
ITEM003844,ORD00799,PROD096,5,230.86,1154.3
ITEM003845,ORD02971,PROD031,3,150.02,450.06
ITEM003846,ORD04074,PROD038,0,135.63,271.26
ITEM003847,ORD03843,PROD106,1,58.3,58.3
ITEM003848,ORD01983,PROD034,5,131.87,659.35
ITEM003849,ORD00278,PROD026,4,491.22,1964.88
ITEM003850,ORD04187,PROD004,4,103.08,412.32
ITEM003851,ORD00096,PROD063,6,297.78,1786.68
ITEM003852,ORD01707,PROD060,1,235.34,235.34
ITEM003853,ORD00292,PROD092,6,404.94,2429.64
ITEM003854,ORD03692,PROD019,3,678.13,2034.39
ITEM003855,ORD03380,PROD061,5,685.46,3427.3
ITEM003856,ORD01920,PROD025,6,332.45,1994.7
ITEM003857,ORD00282,PROD056,5,378.38,1891.9
ITEM003858,ORD01292,PROD073,1,599.03,599.03
ITEM003859,ORD03052,PROD103,5,440.09,2200.45
ITEM003860,ORD04990,PROD019,6,656.97,3941.82
ITEM003861,ORD00057,PROD018,5,799.57,3997.85
ITEM003862,ORD00657,PROD135,2,677.98,1355.96
ITEM003863,ORD00948,PROD087,4,422.25,1689.0
ITEM003864,ORD03586,PROD112,1,165.93,165.93
ITEM003865,ORD02318,PROD067,3,131.27,393.81
ITEM003866,ORD02343,PROD124,3,795.92,2387.76
ITEM003867,ORD02401,PROD020,2,159.09,318.18
ITEM003868,ORD04144,PROD025,2,511.95,1023.9
ITEM003869,ORD02251,PROD049,3,174.51,523.53
ITEM003870,ORD00886,PROD078,6,746.11,4476.66
ITEM003871,ORD02169,PROD096,2,423.75,847.5
ITEM003872,ORD02915,PROD083,3,645.71,1937.13
ITEM003873,ORD00461,PROD046,4,289.32,1157.28
ITEM003874,ORD03694,PROD150,2,354.04,708.08
ITEM003875,ORD00275,PROD032,1,213.72,213.72
ITEM003876,ORD00681,PROD048,2,167.08,334.16
ITEM003877,ORD00810,PROD066,2,310.36,620.72
ITEM003878,ORD04435,PROD122,6,271.98,1631.88
ITEM003879,ORD04591,PROD056,1,759.19,759.19
ITEM003880,ORD03954,PROD007,2,268.51,537.02
ITEM003881,ORD00961,PROD138,1,250.78,250.78
ITEM003882,ORD03293,PROD113,6,250.04,1500.24
ITEM003883,ORD04598,PROD030,4,593.6,2374.4
ITEM003884,ORD04854,PROD075,2,662.14,1324.28
ITEM003885,ORD03197,PROD032,5,164.8,824.0
ITEM003886,ORD02885,PROD103,5,161.49,807.45
ITEM003887,ORD00410,PROD014,2,514.96,1029.92
ITEM003888,ORD01131,PROD028,1,759.21,759.21
ITEM003889,ORD02374,PROD128,5,541.88,2709.4
ITEM003890,ORD03900,PROD013,3,151.76,455.28
ITEM003891,ORD00031,PROD128,2,473.83,947.66
ITEM003892,ORD00655,PROD059,1,367.21,367.21
ITEM003893,ORD00536,PROD116,4,133.91,535.64
ITEM003894,ORD03558,PROD066,1,564.58,564.58
ITEM003895,ORD03319,PROD087,5,784.71,3923.55
ITEM003896,ORD04432,PROD080,3,549.31,1647.93
ITEM003897,ORD02233,PROD130,5,353.03,1765.15
ITEM003898,ORD03465,PROD075,3,129.9,389.7
ITEM003899,ORD04043,PROD108,4,755.53,3022.12
ITEM003900,ORD03022,PROD070,1,571.41,571.41
ITEM003901,ORD01496,PROD039,4,764.19,3056.76
ITEM003902,ORD04239,PROD101,2,273.66,547.32
ITEM003903,ORD02793,PROD126,4,97.54,390.16
ITEM003904,ORD03085,PROD142,2,375.73,751.46
ITEM003905,ORD02490,PROD093,5,188.61,943.05
ITEM003906,ORD00095,PROD085,2,311.92,623.84
ITEM003907,ORD03901,PROD046,3,450.62,1351.86
ITEM003908,ORD01507,PROD066,1,581.86,581.86
ITEM003909,ORD04109,PROD040,4,135.25,541.0
ITEM003910,ORD00957,PROD018,6,331.62,1989.72
ITEM003911,ORD01570,PROD048,1,68.4,68.4
ITEM003912,ORD01829,PROD089,2,510.2,1020.4
ITEM003913,ORD02324,PROD139,1,176.59,176.59
ITEM003914,ORD02939,PROD082,5,522.49,2612.45
ITEM003915,ORD01930,PROD055,6,541.37,3248.22
ITEM003916,ORD02363,PROD019,4,610.68,2442.72
ITEM003917,ORD02596,PROD112,1,195.13,195.13
ITEM003918,ORD00421,PROD080,4,534.54,2138.16
ITEM003919,ORD00056,PROD069,2,290.32,580.64
ITEM003920,ORD04243,PROD149,2,200.14,400.28
ITEM003921,ORD00758,PROD111,5,637.11,3185.55
ITEM003922,ORD02221,PROD070,1,442.45,442.45
ITEM003923,ORD03807,PROD121,5,754.04,3770.2
ITEM003924,ORD01138,PROD118,6,776.32,4657.92
ITEM003925,ORD02335,PROD066,1,445.79,445.79
ITEM003926,ORD03887,PROD029,5,782.88,3914.4
ITEM003927,ORD02815,PROD094,2,733.81,1467.62
ITEM003928,ORD00284,PROD024,1,601.36,601.36
ITEM003929,ORD04951,PROD144,6,288.97,1733.82
ITEM003930,ORD00670,PROD029,6,323.51,1941.06
ITEM003931,ORD02016,PROD144,1,612.93,612.93
ITEM003932,ORD04385,PROD113,4,730.8,2923.2
ITEM003933,ORD03828,PROD097,5,532.55,2662.75
ITEM003934,ORD01876,PROD120,1,564.09,564.09
ITEM003935,ORD01863,PROD134,6,354.91,2129.46
ITEM003936,ORD02128,PROD056,4,238.1,952.4
ITEM003937,ORD04686,PROD080,6,305.46,1832.76
ITEM003938,ORD04774,PROD122,1,190.04,190.04
ITEM003939,ORD02251,PROD9999,4,361.05,1444.2
ITEM003940,ORD02028,PROD007,4,235.19,940.76
ITEM003941,ORD00127,PROD149,4,578.86,2315.44
ITEM003942,ORD03861,PROD112,5,312.86,1564.3
ITEM003943,ORD04869,PROD081,3,775.99,2327.97
ITEM003944,ORD04128,PROD082,3,354.9,1064.7
ITEM003945,ORD00122,PROD114,4,255.84,1023.36
ITEM003946,ORD04078,PROD096,6,716.83,4300.98
ITEM003947,ORD03880,PROD056,2,275.4,550.8
ITEM003948,ORD01253,PROD062,3,666.11,1998.33
ITEM003949,ORD00192,PROD088,2,344.34,688.68
ITEM003950,ORD03068,PROD059,5,98.63,493.15
ITEM003951,ORD02154,PROD060,2,145.66,291.32
ITEM003952,ORD00723,PROD056,5,426.43,2132.15
ITEM003953,ORD03757,PROD039,3,138.08,414.24
ITEM003954,ORD04246,PROD090,2,184.69,369.38
ITEM003955,ORD03089,PROD132,0,519.45,519.45
ITEM003956,ORD02227,PROD101,1,507.84,507.84
ITEM003957,ORD03235,PROD125,5,479.54,2397.7
ITEM003958,ORD01758,PROD002,4,123.5,494.0
ITEM003959,ORD01679,PROD035,1,391.98,391.98
ITEM003960,ORD04584,PROD087,4,493.33,1973.32
ITEM003961,ORD00099,PROD016,0,172.41,344.82
ITEM003962,ORD01313,PROD082,5,565.98,2829.9
ITEM003963,ORD02526,PROD017,2,244.93,489.86
ITEM003964,ORD00035,PROD074,1,788.29,788.29
ITEM003965,ORD02333,PROD150,3,446.57,1339.71
ITEM003966,ORD03436,PROD106,6,696.97,4181.82
ITEM003967,ORD00652,PROD010,1,312.07,312.07
ITEM003968,ORD01688,PROD145,1,430.81,430.81
ITEM003969,ORD03351,PROD108,2,498.34,996.68
ITEM003970,ORD04510,PROD120,3,280.81,842.43
ITEM003971,ORD01060,PROD064,2,308.05,616.1
ITEM003972,ORD00808,PROD013,2,212.87,425.74
ITEM003973,ORD04062,PROD102,5,758.13,3790.65
ITEM003974,ORD04046,PROD090,3,602.53,1807.59
ITEM003975,ORD02880,PROD149,4,715.78,2863.12
ITEM003976,ORD04442,PROD005,5,420.68,2103.4
ITEM003977,ORD03752,PROD108,4,512.92,2051.68
ITEM003978,ORD01767,PROD057,5,275.71,1378.55
ITEM003979,ORD02698,PROD048,1,148.4,148.4
ITEM003980,ORD00994,PROD139,1,138.95,138.95
ITEM003981,ORD04333,PROD063,5,685.86,3429.3
ITEM003982,ORD01861,PROD055,5,372.88,1864.4
ITEM003983,ORD02368,PROD056,3,571.47,1714.41
ITEM003984,ORD02284,PROD125,6,652.91,3917.46
ITEM003985,ORD03808,PROD143,3,678.27,2034.81
ITEM003986,ORD00053,PROD002,1,358.83,358.83
ITEM003987,ORD00209,PROD120,6,350.17,2101.02
ITEM003988,ORD04554,PROD010,3,233.47,700.41
ITEM003989,ORD00884,PROD132,2,102.45,204.9
ITEM003990,ORD01390,PROD9999,2,659.44,1318.88
ITEM003991,ORD04327,PROD006,1,551.23,551.23
ITEM003992,ORD02390,PROD021,3,666.35,1999.05
ITEM003993,ORD04051,PROD085,4,445.16,1780.64
ITEM003994,ORD02071,PROD087,2,675.02,1350.04
ITEM003995,ORD02124,PROD035,6,437.98,2627.88
ITEM003996,ORD03007,PROD103,2,257.99,515.98
ITEM003997,ORD01370,PROD110,2,597.76,1195.52
ITEM003998,ORD04868,PROD060,5,120.91,604.55
ITEM003999,ORD03636,PROD114,0,747.35,4484.1
ITEM004000,ORD01108,PROD003,2,347.0,694.0
ITEM004001,ORD00102,PROD043,6,766.61,4599.66
ITEM004002,ORD00076,PROD069,6,766.92,4601.52
ITEM004003,ORD03714,PROD017,4,159.48,637.92
ITEM004004,ORD02568,PROD041,5,134.71,673.55
ITEM004005,ORD02659,PROD112,3,243.88,731.64
ITEM004006,ORD00256,PROD095,5,50.87,254.35
ITEM004007,ORD00103,PROD150,2,153.6,307.2
ITEM004008,ORD02535,PROD070,3,327.13,981.39
ITEM004009,ORD00365,PROD147,3,462.04,1386.12
ITEM004010,ORD02219,PROD9999,4,772.08,3088.32
ITEM004011,ORD03343,PROD018,3,397.31,1191.93
ITEM004012,ORD01900,PROD004,2,444.31,888.62
ITEM004013,ORD04736,PROD033,5,250.12,1250.6
ITEM004014,ORD00339,PROD044,5,558.62,2793.1
ITEM004015,ORD01608,PROD149,6,255.37,1532.22
ITEM004016,ORD00531,PROD9999,3,375.05,1125.15
ITEM004017,ORD03963,PROD013,2,753.94,1507.88
ITEM004018,ORD04991,PROD078,2,780.62,1561.24
ITEM004019,ORD03300,PROD134,5,646.91,3234.55
ITEM004020,ORD03987,PROD117,5,225.47,1127.35
ITEM004021,ORD02620,PROD049,3,405.27,1215.81
ITEM004022,ORD01636,PROD081,2,630.11,1260.22
ITEM004023,ORD03750,PROD141,1,284.74,284.74
ITEM004024,ORD00195,PROD095,3,281.31,843.93
ITEM004025,ORD03042,PROD123,6,477.56,2865.36
ITEM004026,ORD00311,PROD038,1,656.15,656.15
ITEM004027,ORD04248,PROD014,4,760.45,3041.8
ITEM004028,ORD00556,PROD061,2,547.25,1094.5
ITEM004029,ORD00476,PROD027,3,590.14,1770.42
ITEM004030,ORD01457,PROD048,2,577.0,1154.0
ITEM004031,ORD03715,PROD074,2,344.99,689.98
ITEM004032,ORD04265,PROD053,2,95.27,190.54
ITEM004033,ORD00656,PROD039,2,283.15,566.3
ITEM004034,ORD00309,PROD021,6,437.66,2625.96
ITEM004035,ORD03964,PROD131,3,409.68,1229.04
ITEM004036,ORD01721,PROD075,5,268.45,1342.25
ITEM004037,ORD03228,PROD053,6,491.81,2950.86
ITEM004038,ORD01001,PROD114,1,134.41,134.41
ITEM004039,ORD02149,PROD9999,2,781.36,1562.72
ITEM004040,ORD03915,PROD062,3,114.43,343.29
ITEM004041,ORD02953,PROD115,6,371.6,2229.6
ITEM004042,ORD03041,PROD096,1,156.68,156.68
ITEM004043,ORD02791,PROD036,1,481.35,481.35
ITEM004044,ORD03345,PROD063,5,356.38,1781.9
ITEM004045,ORD04495,PROD003,6,646.64,3879.84
ITEM004046,ORD02939,PROD083,3,492.47,1477.41
ITEM004047,ORD03679,PROD084,4,61.87,247.48
ITEM004048,ORD02408,PROD001,5,180.1,900.5
ITEM004049,ORD04029,PROD107,4,651.71,2606.84
ITEM004050,ORD00709,PROD006,1,607.39,607.39
ITEM004051,ORD00036,PROD042,2,792.92,1585.84
ITEM004052,ORD02497,PROD127,6,734.12,4404.72
ITEM004053,ORD02745,PROD036,4,406.68,1626.72
ITEM004054,ORD01411,PROD102,2,773.92,1547.84
ITEM004055,ORD03136,PROD043,2,734.19,1468.38
ITEM004056,ORD04403,PROD056,5,370.74,1853.7
ITEM004057,ORD04893,PROD098,6,90.66,543.96
ITEM004058,ORD00650,PROD9999,1,314.9,314.9
ITEM004059,ORD00490,PROD136,1,359.18,359.18
ITEM004060,ORD02797,PROD137,3,598.24,1794.72
ITEM004061,ORD01648,PROD040,1,585.96,585.96
ITEM004062,ORD03049,PROD039,6,256.34,1538.04
ITEM004063,ORD999999,PROD044,6,596.35,3578.1
ITEM004064,ORD999999,PROD107,3,677.43,2032.29
ITEM004065,ORD02570,PROD117,5,486.44,2432.2
ITEM004066,ORD02197,PROD103,6,249.43,1496.58
ITEM004067,ORD04828,PROD136,5,537.58,2687.9
ITEM004068,ORD00847,PROD108,4,477.61,1910.44
ITEM004069,ORD00278,PROD115,4,259.73,1038.92
ITEM004070,ORD02359,PROD079,2,606.47,1212.94
ITEM004071,ORD04215,PROD040,3,322.63,967.89
ITEM004072,ORD04867,PROD138,2,681.42,1362.84
ITEM004073,ORD01518,PROD112,5,568.03,2840.15
ITEM004074,ORD01380,PROD103,2,105.58,211.16
ITEM004075,ORD01480,PROD016,0,784.65,2353.95
ITEM004076,ORD02557,PROD025,4,363.29,1453.16
ITEM004077,ORD00936,PROD128,4,410.25,1641.0
ITEM004078,ORD02439,PROD120,1,253.79,253.79
ITEM004079,ORD04454,PROD109,4,590.76,2363.04
ITEM004080,ORD01545,PROD069,2,60.28,120.56
ITEM004081,ORD01061,PROD078,1,293.3,293.3
ITEM004082,ORD01624,PROD121,1,534.7,534.7
ITEM004083,ORD04503,PROD038,1,615.55,615.55
ITEM004084,ORD01819,PROD047,3,56.53,169.59
ITEM004085,ORD04265,PROD076,6,62.32,373.92
ITEM004086,ORD01631,PROD068,1,355.31,355.31
ITEM004087,ORD01193,PROD035,5,424.77,2123.85
ITEM004088,ORD01149,PROD051,2,152.0,304.0
ITEM004089,ORD01696,PROD047,1,472.03,472.03
ITEM004090,ORD02678,PROD010,4,243.49,973.96
ITEM004091,ORD03042,PROD017,2,510.01,1020.02
ITEM004092,ORD01934,PROD133,6,72.65,435.9
ITEM004093,ORD00069,PROD101,5,71.71,358.55
ITEM004094,ORD01640,PROD006,4,405.34,1621.36
ITEM004095,ORD04394,PROD061,4,394.56,1578.24
ITEM004096,ORD02112,PROD146,3,796.89,2390.67
ITEM004097,ORD01584,PROD069,6,520.45,3122.7
ITEM004098,ORD02683,PROD101,5,613.12,3065.6
ITEM004099,ORD01993,PROD133,5,65.04,325.2
ITEM004100,ORD00733,PROD046,0,781.28,3125.12
ITEM004101,ORD03094,PROD080,5,323.71,1618.55
ITEM004102,ORD03956,PROD097,5,498.16,2490.8
ITEM004103,ORD02923,PROD029,2,410.18,820.36
ITEM004104,ORD00846,PROD053,4,91.99,367.96
ITEM004105,ORD04070,PROD9999,6,541.0,3246.0
ITEM004106,ORD02927,PROD087,1,300.73,300.73
ITEM004107,ORD01442,PROD138,4,106.99,427.96
ITEM004108,ORD02498,PROD143,2,166.57,333.14
ITEM004109,ORD02190,PROD022,6,56.89,341.34
ITEM004110,ORD00204,PROD078,6,280.98,1685.88
ITEM004111,ORD03438,PROD082,5,566.0,2830.0
ITEM004112,ORD04324,PROD102,6,219.85,1319.1
ITEM004113,ORD04021,PROD103,2,268.77,537.54
ITEM004114,ORD03048,PROD041,3,420.57,1261.71
ITEM004115,ORD02591,PROD065,3,491.91,1475.73
ITEM004116,ORD00356,PROD022,4,66.25,265.0
ITEM004117,ORD02472,PROD112,4,393.72,1574.88
ITEM004118,ORD04785,PROD034,5,662.4,3312.0
ITEM004119,ORD02797,PROD093,6,633.92,3803.52
ITEM004120,ORD01903,PROD049,4,784.92,3139.68
ITEM004121,ORD03280,PROD092,2,301.47,602.94
ITEM004122,ORD01861,PROD144,4,175.17,700.68
ITEM004123,ORD04394,PROD150,2,712.5,1425.0
ITEM004124,ORD03826,PROD064,6,390.54,2343.24
ITEM004125,ORD00810,PROD084,5,605.62,3028.1
ITEM004126,ORD00594,PROD135,5,734.1,3670.5
ITEM004127,ORD04538,PROD014,4,489.02,1956.08
ITEM004128,ORD01739,PROD027,2,762.32,1524.64
ITEM004129,ORD03331,PROD140,3,86.75,260.25
ITEM004130,ORD01276,PROD002,4,766.69,3066.76
ITEM004131,ORD00045,PROD095,6,62.1,372.6
ITEM004132,ORD999999,PROD105,1,292.18,292.18
ITEM004133,ORD03936,PROD115,6,97.26,583.56
ITEM004134,ORD01445,PROD061,3,416.74,1250.22
ITEM004135,ORD03555,PROD106,3,209.02,627.06
ITEM004136,ORD04843,PROD081,3,403.59,1210.77
ITEM004137,ORD02080,PROD025,4,444.62,1778.48
ITEM004138,ORD04305,PROD101,1,567.15,567.15
ITEM004139,ORD03542,PROD9999,5,58.82,294.1
ITEM004140,ORD04389,PROD088,6,799.21,4795.26
ITEM004141,ORD03860,PROD115,6,373.74,2242.44
ITEM004142,ORD02174,PROD094,2,64.58,129.16
ITEM004143,ORD01551,PROD093,2,409.91,819.82
ITEM004144,ORD00697,PROD138,1,234.31,234.31
ITEM004145,ORD02425,PROD135,1,139.82,139.82
ITEM004146,ORD04027,PROD091,2,390.45,780.9
ITEM004147,ORD01426,PROD005,1,746.36,746.36
ITEM004148,ORD03600,PROD132,4,105.21,420.84
ITEM004149,ORD02111,PROD008,4,162.87,651.48
ITEM004150,ORD03744,PROD008,2,612.86,1225.72
ITEM004151,ORD03519,PROD082,2,166.28,332.56
ITEM004152,ORD02352,PROD016,2,56.2,112.4
ITEM004153,ORD03818,PROD101,1,501.78,501.78
ITEM004154,ORD01241,PROD004,6,710.68,4264.08
ITEM004155,ORD03008,PROD114,1,671.62,671.62
ITEM004156,ORD01637,PROD089,1,245.18,245.18
ITEM004157,ORD03777,PROD138,3,452.59,1357.77
ITEM004158,ORD02645,PROD118,4,183.65,734.6
ITEM004159,ORD01895,PROD073,5,707.91,3539.55
ITEM004160,ORD00140,PROD048,1,580.16,580.16
ITEM004161,ORD03920,PROD052,2,644.66,1289.32
ITEM004162,ORD03938,PROD048,3,321.83,965.49
ITEM004163,ORD04165,PROD032,5,186.1,930.5
ITEM004164,ORD00761,PROD9999,1,92.04,92.04
ITEM004165,ORD04775,PROD004,6,742.0,4452.0
ITEM004166,ORD03672,PROD146,3,470.72,1412.16
ITEM004167,ORD01741,PROD109,6,50.65,303.9
ITEM004168,ORD00538,PROD119,2,658.39,1316.78
ITEM004169,ORD02129,PROD096,5,759.45,3797.25
ITEM004170,ORD01388,PROD044,3,239.12,717.36
ITEM004171,ORD02329,PROD054,5,523.4,2617.0
ITEM004172,ORD01480,PROD126,4,495.13,1980.52
ITEM004173,ORD02534,PROD034,1,255.85,255.85
ITEM004174,ORD01614,PROD024,2,588.91,1177.82
ITEM004175,ORD01790,PROD099,6,435.43,2612.58
ITEM004176,ORD01418,PROD108,1,97.92,97.92
ITEM004177,ORD00805,PROD084,4,153.38,613.52
ITEM004178,ORD02025,PROD054,1,744.25,744.25
ITEM004179,ORD02107,PROD079,6,642.42,3854.52
ITEM004180,ORD04306,PROD101,2,761.34,1522.68
ITEM004181,ORD03528,PROD135,1,129.81,129.81
ITEM004182,ORD00475,PROD111,5,344.31,1721.55
ITEM004183,ORD00220,PROD051,3,352.07,1056.21
ITEM004184,ORD00277,PROD029,3,692.18,2076.54
ITEM004185,ORD02604,PROD085,6,644.41,3866.46
ITEM004186,ORD04154,PROD067,5,522.06,2610.3
ITEM004187,ORD01258,PROD016,6,716.7,4300.2
ITEM004188,ORD04439,PROD130,3,507.2,1521.6
ITEM004189,ORD01428,PROD039,1,635.63,635.63
ITEM004190,ORD04814,PROD015,2,777.79,1555.58
ITEM004191,ORD04304,PROD105,3,366.51,1099.53
ITEM004192,ORD02719,PROD014,1,449.16,449.16
ITEM004193,ORD999999,PROD009,6,617.41,3704.46
ITEM004194,ORD04377,PROD018,1,573.34,573.34
ITEM004195,ORD03801,PROD006,2,275.9,551.8
ITEM004196,ORD04145,PROD049,4,757.51,3030.04
ITEM004197,ORD03074,PROD089,1,531.25,531.25
ITEM004198,ORD00768,PROD147,6,232.27,1393.62
ITEM004199,ORD02615,PROD004,1,344.6,344.6
ITEM004200,ORD00503,PROD033,3,412.53,1237.59
ITEM004201,ORD02070,PROD007,2,264.09,528.18
ITEM004202,ORD03315,PROD029,6,129.82,778.92
ITEM004203,ORD03159,PROD9999,2,380.05,760.1
ITEM004204,ORD03396,PROD071,1,760.4,760.4
ITEM004205,ORD03002,PROD022,1,221.99,221.99
ITEM004206,ORD00999,PROD063,2,284.08,568.16
ITEM004207,ORD01548,PROD122,3,590.96,1772.88
ITEM004208,ORD04773,PROD022,3,601.83,1805.49
ITEM004209,ORD04626,PROD051,4,675.33,2701.32
ITEM004210,ORD04905,PROD114,5,159.05,795.25
ITEM004211,ORD01970,PROD098,6,458.99,2753.94
ITEM004212,ORD01525,PROD027,2,100.8,201.6
ITEM004213,ORD01381,PROD138,3,649.24,1947.72
ITEM004214,ORD00961,PROD025,6,459.73,2758.38
ITEM004215,ORD04302,PROD044,5,120.88,604.4
ITEM004216,ORD03836,PROD082,3,734.95,2204.85
ITEM004217,ORD02628,PROD092,6,658.46,3950.76
ITEM004218,ORD02263,PROD056,6,507.32,3043.92
ITEM004219,ORD04215,PROD029,1,297.75,297.75
ITEM004220,ORD04782,PROD070,6,601.89,3611.34
ITEM004221,ORD00677,PROD119,2,233.05,466.1
ITEM004222,ORD04792,PROD026,6,756.15,4536.9
ITEM004223,ORD00516,PROD056,3,521.36,1564.08
ITEM004224,ORD04854,PROD089,0,719.88,2159.64
ITEM004225,ORD03432,PROD071,3,289.36,868.08
ITEM004226,ORD00316,PROD125,1,588.86,588.86
ITEM004227,ORD00072,PROD9999,2,272.57,545.14
ITEM004228,ORD00791,PROD147,2,332.72,665.44
ITEM004229,ORD01867,PROD100,1,457.43,457.43
ITEM004230,ORD03824,PROD074,2,201.14,402.28
ITEM004231,ORD00303,PROD145,6,72.06,432.36
ITEM004232,ORD03065,PROD051,1,635.7,635.7
ITEM004233,ORD02563,PROD006,1,183.67,183.67
ITEM004234,ORD999999,PROD027,1,578.95,578.95
ITEM004235,ORD02295,PROD091,6,429.95,2579.7
ITEM004236,ORD00686,PROD022,3,107.02,321.06
ITEM004237,ORD00003,PROD139,5,307.67,1538.35
ITEM004238,ORD03053,PROD058,3,346.79,1040.37
ITEM004239,ORD00480,PROD026,3,556.54,1669.62
ITEM004240,ORD04517,PROD104,5,494.5,2472.5
ITEM004241,ORD02515,PROD005,4,238.63,954.52
ITEM004242,ORD01138,PROD068,6,504.55,3027.3
ITEM004243,ORD01878,PROD097,1,85.52,85.52
ITEM004244,ORD03425,PROD143,4,69.87,279.48
ITEM004245,ORD02852,PROD107,2,617.74,1235.48
ITEM004246,ORD03551,PROD086,2,69.64,139.28
ITEM004247,ORD02825,PROD132,6,748.36,4490.16
ITEM004248,ORD03307,PROD035,6,275.35,1652.1
ITEM004249,ORD02611,PROD9999,5,747.06,3735.3
ITEM004250,ORD00944,PROD119,3,729.32,2187.96
ITEM004251,ORD03142,PROD136,3,180.14,540.42
ITEM004252,ORD03389,PROD9999,6,481.71,2890.26
ITEM004253,ORD01199,PROD017,5,396.46,1982.3
ITEM004254,ORD03230,PROD136,2,329.0,658.0
ITEM004255,ORD04309,PROD101,1,655.35,655.35
ITEM004256,ORD03385,PROD024,2,429.82,859.64
ITEM004257,ORD00955,PROD011,5,424.57,2122.85
ITEM004258,ORD04364,PROD060,4,299.61,1198.44
ITEM004259,ORD02041,PROD006,5,287.06,1435.3
ITEM004260,ORD01304,PROD070,2,188.18,376.36
ITEM004261,ORD02913,PROD014,4,423.78,1695.12
ITEM004262,ORD00396,PROD105,2,406.31,812.62
ITEM004263,ORD03179,PROD014,6,506.0,3036.0
ITEM004264,ORD01409,PROD095,3,681.85,2045.55
ITEM004265,ORD03897,PROD066,6,692.23,4153.38
ITEM004266,ORD01477,PROD023,5,445.95,2229.75
ITEM004267,ORD00054,PROD123,4,431.92,1727.68
ITEM004268,ORD04927,PROD121,2,442.46,884.92
ITEM004269,ORD03777,PROD104,5,741.58,3707.9
ITEM004270,ORD04014,PROD042,3,653.16,1959.48
ITEM004271,ORD01266,PROD032,5,318.16,1590.8
ITEM004272,ORD03873,PROD112,2,353.22,706.44
ITEM004273,ORD04378,PROD036,3,414.24,1242.72
ITEM004274,ORD02754,PROD068,4,734.13,2936.52
ITEM004275,ORD00534,PROD015,5,743.54,3717.7
ITEM004276,ORD00843,PROD061,1,704.14,704.14
ITEM004277,ORD02037,PROD131,6,744.95,4469.7
ITEM004278,ORD04456,PROD060,6,427.39,2564.34
ITEM004279,ORD04948,PROD073,2,322.76,645.52
ITEM004280,ORD03492,PROD085,6,358.5,2151.0
ITEM004281,ORD00830,PROD116,6,323.35,1940.1
ITEM004282,ORD00374,PROD090,5,332.27,1661.35
ITEM004283,ORD04618,PROD121,3,549.14,1647.42
ITEM004284,ORD00349,PROD077,3,697.38,2092.14
ITEM004285,ORD00459,PROD9999,0,77.23,308.92
ITEM004286,ORD04878,PROD062,4,224.45,897.8
ITEM004287,ORD02642,PROD082,5,433.05,2165.25
ITEM004288,ORD01582,PROD008,6,242.59,1455.54
ITEM004289,ORD02033,PROD068,1,199.86,199.86
ITEM004290,ORD999999,PROD008,2,698.37,1396.74
ITEM004291,ORD00717,PROD029,5,162.4,812.0
ITEM004292,ORD00355,PROD136,2,746.64,1493.28
ITEM004293,ORD03614,PROD070,6,349.48,2096.88
ITEM004294,ORD04075,PROD044,1,308.09,308.09
ITEM004295,ORD00076,PROD017,5,540.45,2702.25
ITEM004296,ORD999999,PROD016,1,141.21,141.21
ITEM004297,ORD04392,PROD002,6,598.56,3591.36
ITEM004298,ORD02523,PROD039,4,601.84,2407.36
ITEM004299,ORD02300,PROD080,3,76.81,230.43
ITEM004300,ORD03922,PROD076,2,533.19,1066.38
ITEM004301,ORD00126,PROD059,5,532.22,2661.1
ITEM004302,ORD03870,PROD068,6,704.16,4224.96
ITEM004303,ORD02993,PROD032,6,432.25,2593.5
ITEM004304,ORD03849,PROD088,4,681.1,2724.4
ITEM004305,ORD03456,PROD109,2,137.77,275.54
ITEM004306,ORD04216,PROD133,6,519.76,3118.56
ITEM004307,ORD00650,PROD147,6,217.57,1305.42
ITEM004308,ORD02638,PROD044,6,682.53,4095.18
ITEM004309,ORD00525,PROD067,6,137.8,826.8
ITEM004310,ORD00705,PROD086,4,60.41,241.64
ITEM004311,ORD999999,PROD049,6,220.45,1322.7
ITEM004312,ORD00846,PROD135,6,365.63,2193.78
ITEM004313,ORD04274,PROD087,3,385.56,1156.68
ITEM004314,ORD03500,PROD095,5,272.86,1364.3
ITEM004315,ORD02662,PROD093,2,387.34,774.68
ITEM004316,ORD03180,PROD150,5,725.52,3627.6
ITEM004317,ORD02252,PROD9999,1,598.3,598.3
ITEM004318,ORD01276,PROD133,2,663.26,1326.52
ITEM004319,ORD04745,PROD110,2,792.52,1585.04
ITEM004320,ORD03922,PROD036,6,666.61,3999.66
ITEM004321,ORD04103,PROD144,6,492.46,2954.76
ITEM004322,ORD00644,PROD046,4,218.59,874.36
ITEM004323,ORD04852,PROD076,3,494.93,1484.79
ITEM004324,ORD999999,PROD082,3,321.05,963.15
ITEM004325,ORD01277,PROD070,1,474.01,474.01
ITEM004326,ORD04640,PROD125,3,726.32,2178.96
ITEM004327,ORD04073,PROD144,2,380.63,761.26
ITEM004328,ORD03706,PROD012,4,481.35,1925.4
ITEM004329,ORD02917,PROD060,1,280.1,280.1
ITEM004330,ORD01795,PROD129,4,606.99,2427.96
ITEM004331,ORD03977,PROD099,2,540.35,1080.7
ITEM004332,ORD04118,PROD140,1,129.33,129.33
ITEM004333,ORD03990,PROD118,2,721.47,1442.94
ITEM004334,ORD04309,PROD013,6,393.85,2363.1
ITEM004335,ORD01459,PROD020,5,605.53,3027.65
ITEM004336,ORD00153,PROD007,2,50.86,101.72
ITEM004337,ORD01095,PROD122,3,778.34,2335.02
ITEM004338,ORD03217,PROD072,5,279.41,1397.05
ITEM004339,ORD04134,PROD062,4,735.1,2940.4
ITEM004340,ORD00342,PROD130,3,589.91,1769.73
ITEM004341,ORD04460,PROD130,1,271.78,271.78
ITEM004342,ORD01373,PROD121,1,112.61,112.61
ITEM004343,ORD04569,PROD033,1,413.36,413.36
ITEM004344,ORD03300,PROD9999,5,334.96,1674.8
ITEM004345,ORD02240,PROD140,4,489.4,1957.6
ITEM004346,ORD01585,PROD035,2,71.83,143.66
ITEM004347,ORD04536,PROD042,4,263.21,1052.84
ITEM004348,ORD02977,PROD055,2,427.01,854.02
ITEM004349,ORD02176,PROD063,3,152.64,457.92
ITEM004350,ORD02710,PROD9999,3,91.52,274.56
ITEM004351,ORD999999,PROD054,6,690.11,4140.66
ITEM004352,ORD01606,PROD116,2,329.78,659.56
ITEM004353,ORD03146,PROD146,2,307.23,614.46
ITEM004354,ORD01327,PROD121,3,112.73,338.19
ITEM004355,ORD04458,PROD046,6,430.45,2582.7
ITEM004356,ORD01784,PROD023,2,502.05,1004.1
ITEM004357,ORD01270,PROD130,6,383.18,2299.08
ITEM004358,ORD02373,PROD042,2,400.35,800.7
ITEM004359,ORD03693,PROD108,4,55.62,222.48
ITEM004360,ORD02381,PROD033,1,734.76,734.76
ITEM004361,ORD01895,PROD095,6,479.52,2877.12
ITEM004362,ORD02022,PROD141,5,487.59,2437.95
ITEM004363,ORD03522,PROD001,3,251.65,754.95
ITEM004364,ORD00829,PROD097,2,315.08,630.16
ITEM004365,ORD04883,PROD072,4,351.26,1405.04
ITEM004366,ORD02667,PROD093,4,285.01,1140.04
ITEM004367,ORD02085,PROD071,5,155.61,778.05
ITEM004368,ORD999999,PROD017,1,320.27,320.27
ITEM004369,ORD03690,PROD096,6,722.35,4334.1
ITEM004370,ORD03039,PROD044,3,275.22,825.66
ITEM004371,ORD04106,PROD059,0,164.81,988.86
ITEM004372,ORD02371,PROD007,3,392.05,1176.15
ITEM004373,ORD04543,PROD051,2,618.96,1237.92
ITEM004374,ORD04511,PROD102,1,113.85,113.85
ITEM004375,ORD03547,PROD010,2,667.51,1335.02
ITEM004376,ORD02817,PROD143,1,462.57,462.57
ITEM004377,ORD02902,PROD119,5,722.0,3610.0
ITEM004378,ORD02176,PROD143,5,173.43,867.15
ITEM004379,ORD02928,PROD089,1,71.87,71.87
ITEM004380,ORD02068,PROD113,2,86.65,173.3
ITEM004381,ORD02130,PROD002,5,118.95,594.75
ITEM004382,ORD01052,PROD072,4,60.57,242.28
ITEM004383,ORD02996,PROD107,2,755.33,1510.66
ITEM004384,ORD00534,PROD131,3,458.5,1375.5
ITEM004385,ORD01576,PROD058,5,126.0,630.0
ITEM004386,ORD999999,PROD126,4,339.61,1358.44
ITEM004387,ORD02166,PROD085,5,129.68,648.4
ITEM004388,ORD04703,PROD027,4,547.66,2190.64
ITEM004389,ORD00807,PROD018,2,428.23,856.46
ITEM004390,ORD04621,PROD001,6,358.05,2148.3
ITEM004391,ORD03948,PROD089,6,734.39,4406.34
ITEM004392,ORD03919,PROD041,1,371.59,371.59
ITEM004393,ORD00647,PROD046,3,472.83,1418.49
ITEM004394,ORD02208,PROD122,2,450.58,901.16
ITEM004395,ORD04889,PROD050,4,166.14,664.56
ITEM004396,ORD03515,PROD137,5,758.12,3790.6
ITEM004397,ORD02587,PROD9999,3,465.25,1395.75
ITEM004398,ORD01386,PROD062,4,705.25,2821.0
ITEM004399,ORD03902,PROD012,3,782.92,2348.76
ITEM004400,ORD04088,PROD080,2,727.1,1454.2
ITEM004401,ORD00459,PROD045,4,663.24,2652.96
ITEM004402,ORD03153,PROD056,3,435.65,1306.95
ITEM004403,ORD04522,PROD115,5,134.1,670.5
ITEM004404,ORD03275,PROD147,6,110.62,663.72
ITEM004405,ORD01855,PROD051,1,161.83,161.83
ITEM004406,ORD04640,PROD066,2,416.41,832.82
ITEM004407,ORD04141,PROD093,5,335.0,1675.0
ITEM004408,ORD04441,PROD124,2,394.09,788.18
ITEM004409,ORD03573,PROD052,5,571.18,2855.9
ITEM004410,ORD02624,PROD075,5,490.19,2450.95
ITEM004411,ORD03233,PROD135,6,420.75,2524.5
ITEM004412,ORD00253,PROD033,5,211.25,1056.25
ITEM004413,ORD00430,PROD148,2,401.58,803.16
ITEM004414,ORD04573,PROD046,3,420.47,1261.41
ITEM004415,ORD03279,PROD041,1,456.13,456.13
ITEM004416,ORD00618,PROD116,4,224.14,896.56
ITEM004417,ORD01972,PROD059,5,383.59,1917.95
ITEM004418,ORD00352,PROD030,5,705.74,3528.7
ITEM004419,ORD04389,PROD150,5,541.2,2706.0
ITEM004420,ORD00606,PROD113,1,406.97,406.97
ITEM004421,ORD00420,PROD008,6,326.04,1956.24
ITEM004422,ORD04533,PROD141,5,755.81,3779.05
ITEM004423,ORD01219,PROD140,4,287.98,1151.92
ITEM004424,ORD01573,PROD025,5,715.08,3575.4
ITEM004425,ORD00149,PROD034,1,294.98,294.98
ITEM004426,ORD01266,PROD002,5,766.43,3832.15
ITEM004427,ORD03093,PROD037,5,401.85,2009.25
ITEM004428,ORD00713,PROD004,5,428.87,2144.35
ITEM004429,ORD04266,PROD105,1,97.68,97.68
ITEM004430,ORD04564,PROD095,4,639.69,2558.76
ITEM004431,ORD04954,PROD105,4,131.03,524.12
ITEM004432,ORD03546,PROD003,2,553.05,1106.1
ITEM004433,ORD04305,PROD053,2,531.88,1063.76
ITEM004434,ORD01714,PROD145,4,375.89,1503.56
ITEM004435,ORD00559,PROD073,1,677.87,677.87
ITEM004436,ORD04806,PROD019,6,381.47,2288.82
ITEM004437,ORD01749,PROD087,1,562.24,562.24
ITEM004438,ORD00082,PROD071,4,543.51,2174.04
ITEM004439,ORD00780,PROD068,5,554.54,2772.7
ITEM004440,ORD04178,PROD046,3,124.23,372.69
ITEM004441,ORD01773,PROD120,2,73.3,146.6
ITEM004442,ORD04820,PROD9999,3,581.86,1745.58
ITEM004443,ORD01145,PROD045,1,437.0,437.0
ITEM004444,ORD00085,PROD027,3,646.19,1938.57
ITEM004445,ORD04424,PROD130,4,149.39,597.56
ITEM004446,ORD03439,PROD105,3,228.99,686.97
ITEM004447,ORD03051,PROD092,5,440.53,2202.65
ITEM004448,ORD00506,PROD147,6,81.36,488.16
ITEM004449,ORD03281,PROD028,3,102.46,307.38
ITEM004450,ORD01307,PROD073,2,789.4,1578.8
ITEM004451,ORD02314,PROD135,6,642.16,3852.96
ITEM004452,ORD02750,PROD002,2,230.26,460.52
ITEM004453,ORD00385,PROD027,3,568.56,1705.68
ITEM004454,ORD02862,PROD101,1,234.81,234.81
ITEM004455,ORD04106,PROD052,6,516.59,3099.54
ITEM004456,ORD01084,PROD045,5,518.63,2593.15
ITEM004457,ORD02756,PROD097,2,536.38,1072.76
ITEM004458,ORD04901,PROD128,1,180.4,180.4
ITEM004459,ORD03574,PROD058,4,586.41,2345.64
ITEM004460,ORD00506,PROD130,4,702.38,2809.52
ITEM004461,ORD00660,PROD017,4,710.38,2841.52
ITEM004462,ORD01644,PROD023,1,297.36,297.36
ITEM004463,ORD01349,PROD116,3,148.79,446.37
ITEM004464,ORD04200,PROD046,6,396.71,2380.26
ITEM004465,ORD00520,PROD088,4,658.63,2634.52
ITEM004466,ORD03616,PROD029,3,670.57,2011.71
ITEM004467,ORD04706,PROD097,1,786.39,786.39
ITEM004468,ORD00092,PROD132,6,780.44,4682.64
ITEM004469,ORD00488,PROD095,1,744.22,744.22
ITEM004470,ORD00909,PROD101,1,175.4,175.4
ITEM004471,ORD02148,PROD030,1,178.79,178.79
ITEM004472,ORD01103,PROD007,6,711.13,4266.78
ITEM004473,ORD04322,PROD049,4,51.31,205.24
ITEM004474,ORD03990,PROD108,2,230.72,461.44
ITEM004475,ORD01818,PROD014,1,164.66,164.66
ITEM004476,ORD02645,PROD037,3,56.27,168.81
ITEM004477,ORD02217,PROD078,6,445.99,2675.94
ITEM004478,ORD04850,PROD129,6,168.26,1009.56
ITEM004479,ORD00207,PROD044,5,61.71,308.55
ITEM004480,ORD04800,PROD149,1,670.55,670.55
ITEM004481,ORD00384,PROD143,2,62.3,124.6
ITEM004482,ORD03545,PROD034,4,463.3,1853.2
ITEM004483,ORD01321,PROD085,2,482.52,965.04
ITEM004484,ORD02373,PROD114,3,89.26,267.78
ITEM004485,ORD02185,PROD010,5,308.13,1540.65
ITEM004486,ORD00078,PROD085,5,773.24,3866.2
ITEM004487,ORD02160,PROD137,2,778.61,1557.22
ITEM004488,ORD02592,PROD078,3,388.43,1165.29
ITEM004489,ORD02694,PROD056,2,225.0,450.0
ITEM004490,ORD03415,PROD095,2,217.5,435.0
ITEM004491,ORD04523,PROD119,2,563.79,1127.58
ITEM004492,ORD02145,PROD086,2,629.29,1258.58
ITEM004493,ORD02296,PROD016,3,174.77,524.31
ITEM004494,ORD04183,PROD004,6,388.66,2331.96
ITEM004495,ORD00987,PROD141,4,576.14,2304.56
ITEM004496,ORD04995,PROD011,1,658.71,658.71
ITEM004497,ORD00072,PROD112,4,469.3,1877.2
ITEM004498,ORD02948,PROD123,0,767.16,4602.96
ITEM004499,ORD00236,PROD124,2,524.64,1049.28
ITEM004500,ORD04256,PROD016,1,56.36,56.36
ITEM004501,ORD00732,PROD144,1,87.91,87.91
ITEM004502,ORD01379,PROD001,2,689.1,1378.2
ITEM004503,ORD03941,PROD086,1,718.05,718.05
ITEM004504,ORD01316,PROD074,1,649.09,649.09
ITEM004505,ORD01444,PROD036,5,316.31,1581.55
ITEM004506,ORD01820,PROD013,5,408.68,2043.4
ITEM004507,ORD02479,PROD045,6,608.27,3649.62
ITEM004508,ORD01633,PROD134,2,402.13,804.26
ITEM004509,ORD03950,PROD066,5,353.9,1769.5
ITEM004510,ORD02387,PROD101,4,93.56,374.24
ITEM004511,ORD04184,PROD048,1,678.12,678.12
ITEM004512,ORD02392,PROD026,1,772.38,772.38
ITEM004513,ORD03617,PROD111,4,537.03,2148.12
ITEM004514,ORD01316,PROD056,3,73.48,220.44
ITEM004515,ORD999999,PROD045,2,215.44,430.88
ITEM004516,ORD02917,PROD141,1,612.61,612.61
ITEM004517,ORD01450,PROD132,1,321.72,321.72
ITEM004518,ORD01975,PROD148,1,294.36,294.36
ITEM004519,ORD04741,PROD089,6,721.59,4329.54
ITEM004520,ORD03957,PROD078,6,676.31,4057.86
ITEM004521,ORD01044,PROD048,4,136.32,545.28
ITEM004522,ORD01168,PROD075,6,138.87,833.22
ITEM004523,ORD01632,PROD147,3,473.67,1421.01
ITEM004524,ORD02504,PROD008,3,596.27,1788.81
ITEM004525,ORD01937,PROD023,5,186.61,933.05
ITEM004526,ORD03201,PROD036,4,465.26,1861.04
ITEM004527,ORD04573,PROD077,3,699.02,2097.06
ITEM004528,ORD04001,PROD131,5,777.93,3889.65
ITEM004529,ORD01289,PROD128,3,213.66,640.98
ITEM004530,ORD04527,PROD134,3,664.98,1994.94
ITEM004531,ORD04556,PROD079,5,541.97,2709.85
ITEM004532,ORD02905,PROD083,5,72.01,360.05
ITEM004533,ORD02682,PROD086,2,98.57,197.14
ITEM004534,ORD02917,PROD018,3,592.43,1777.29
ITEM004535,ORD02775,PROD069,2,627.47,1254.94
ITEM004536,ORD01519,PROD106,2,108.92,217.84
ITEM004537,ORD02017,PROD094,4,185.71,742.84
ITEM004538,ORD02651,PROD109,6,344.56,2067.36
ITEM004539,ORD02159,PROD027,1,367.79,367.79
ITEM004540,ORD03970,PROD087,2,315.9,631.8
ITEM004541,ORD03312,PROD085,1,745.14,745.14
ITEM004542,ORD00402,PROD138,1,696.92,696.92
ITEM004543,ORD00950,PROD123,1,95.47,95.47
ITEM004544,ORD00498,PROD119,1,204.31,204.31
ITEM004545,ORD04800,PROD035,6,391.98,2351.88
ITEM004546,ORD03158,PROD003,4,207.34,829.36
ITEM004547,ORD04292,PROD090,5,254.68,1273.4
ITEM004548,ORD00504,PROD087,3,537.24,1611.72
ITEM004549,ORD00882,PROD069,2,405.54,811.08
ITEM004550,ORD00251,PROD027,3,197.88,593.64
ITEM004551,ORD03206,PROD057,1,335.94,335.94
ITEM004552,ORD02033,PROD9999,3,555.73,1667.19
ITEM004553,ORD00354,PROD041,2,284.41,568.82
ITEM004554,ORD04202,PROD132,6,733.77,4402.62
ITEM004555,ORD00547,PROD104,2,566.76,1133.52
ITEM004556,ORD02093,PROD068,3,99.43,298.29
ITEM004557,ORD04877,PROD124,1,336.56,336.56
ITEM004558,ORD04094,PROD150,3,144.78,434.34
ITEM004559,ORD01611,PROD002,6,718.55,4311.3
ITEM004560,ORD00929,PROD035,3,506.34,1519.02
ITEM004561,ORD04793,PROD027,1,156.78,156.78
ITEM004562,ORD00109,PROD022,2,563.16,1126.32
ITEM004563,ORD01618,PROD037,3,361.38,1084.14
ITEM004564,ORD01382,PROD116,1,173.09,173.09
ITEM004565,ORD04900,PROD083,0,713.39,2140.17
ITEM004566,ORD01879,PROD131,6,631.39,3788.34
ITEM004567,ORD02291,PROD056,1,344.17,344.17
ITEM004568,ORD03249,PROD051,1,595.61,595.61
ITEM004569,ORD02029,PROD124,3,530.85,1592.55
ITEM004570,ORD03681,PROD021,2,249.44,498.88
ITEM004571,ORD02242,PROD070,2,665.82,1331.64
ITEM004572,ORD02523,PROD035,6,653.42,3920.52
ITEM004573,ORD01582,PROD092,3,646.89,1940.67
ITEM004574,ORD03484,PROD023,1,162.29,162.29
ITEM004575,ORD03371,PROD102,2,719.34,1438.68
ITEM004576,ORD04366,PROD095,1,679.24,679.24
ITEM004577,ORD03246,PROD002,3,321.12,963.36
ITEM004578,ORD02309,PROD053,1,61.24,61.24
ITEM004579,ORD04874,PROD015,4,261.59,1046.36
ITEM004580,ORD01426,PROD122,6,354.15,2124.9
ITEM004581,ORD04200,PROD001,1,531.46,531.46
ITEM004582,ORD04632,PROD014,4,177.41,709.64
ITEM004583,ORD00214,PROD006,2,78.03,156.06
ITEM004584,ORD00837,PROD144,4,315.71,1262.84
ITEM004585,ORD02365,PROD144,1,105.61,105.61
ITEM004586,ORD02528,PROD076,4,244.06,976.24
ITEM004587,ORD01061,PROD046,3,246.9,740.7
ITEM004588,ORD01488,PROD144,5,467.44,2337.2
ITEM004589,ORD03229,PROD044,5,369.51,1847.55
ITEM004590,ORD02434,PROD005,4,564.12,2256.48
ITEM004591,ORD04871,PROD094,5,92.27,461.35
ITEM004592,ORD01821,PROD023,6,716.66,4299.96
ITEM004593,ORD03221,PROD093,5,784.77,3923.85
ITEM004594,ORD999999,PROD114,3,96.29,288.87
ITEM004595,ORD03995,PROD030,0,634.66,634.66
ITEM004596,ORD01640,PROD023,5,363.03,1815.15
ITEM004597,ORD04770,PROD083,5,99.44,497.2
ITEM004598,ORD01995,PROD097,6,585.46,3512.76
ITEM004599,ORD04483,PROD011,5,138.2,691.0
ITEM004600,ORD01920,PROD025,5,493.41,2467.05
ITEM004601,ORD02229,PROD017,5,417.13,2085.65
ITEM004602,ORD04306,PROD116,6,711.21,4267.26
ITEM004603,ORD02563,PROD005,4,527.95,2111.8
ITEM004604,ORD03241,PROD110,5,69.9,349.5
ITEM004605,ORD04691,PROD015,1,657.89,657.89
ITEM004606,ORD04368,PROD114,6,455.73,2734.38
ITEM004607,ORD00741,PROD048,1,138.2,138.2
ITEM004608,ORD04759,PROD100,4,492.27,1969.08
ITEM004609,ORD03885,PROD117,6,474.3,2845.8
ITEM004610,ORD03207,PROD135,1,219.51,219.51
ITEM004611,ORD01055,PROD091,6,693.87,4163.22
ITEM004612,ORD00241,PROD075,3,224.06,672.18
ITEM004613,ORD02337,PROD062,1,566.4,566.4
ITEM004614,ORD00938,PROD066,1,198.66,198.66
ITEM004615,ORD02140,PROD149,5,670.98,3354.9
ITEM004616,ORD04575,PROD055,2,334.76,669.52
ITEM004617,ORD04422,PROD069,4,147.15,588.6
ITEM004618,ORD00824,PROD045,1,491.35,491.35
ITEM004619,ORD01161,PROD008,5,110.34,551.7
ITEM004620,ORD03262,PROD9999,4,372.53,1490.12
ITEM004621,ORD00412,PROD020,3,345.57,1036.71
ITEM004622,ORD00491,PROD040,4,559.53,2238.12
ITEM004623,ORD04661,PROD072,6,91.67,550.02
ITEM004624,ORD04228,PROD134,5,689.36,3446.8
ITEM004625,ORD04720,PROD098,4,238.92,955.68
ITEM004626,ORD03357,PROD010,1,645.79,645.79
ITEM004627,ORD02802,PROD126,1,217.41,217.41
ITEM004628,ORD02840,PROD055,3,138.14,414.42
ITEM004629,ORD04276,PROD122,5,506.82,2534.1
ITEM004630,ORD05000,PROD092,2,83.2,166.4
ITEM004631,ORD02005,PROD126,4,400.79,1603.16
ITEM004632,ORD03517,PROD056,3,560.09,1680.27
ITEM004633,ORD00297,PROD142,1,793.49,793.49
ITEM004634,ORD04713,PROD038,1,721.64,721.64
ITEM004635,ORD02750,PROD118,2,92.48,184.96
ITEM004636,ORD03729,PROD036,6,364.57,2187.42
ITEM004637,ORD00292,PROD147,4,393.07,1572.28
ITEM004638,ORD04266,PROD135,1,371.59,371.59
ITEM004639,ORD01625,PROD130,4,431.34,1725.36
ITEM004640,ORD00655,PROD114,2,197.91,395.82
ITEM004641,ORD01491,PROD138,1,316.8,316.8
ITEM004642,ORD04883,PROD044,5,424.1,2120.5
ITEM004643,ORD01471,PROD149,4,691.89,2767.56
ITEM004644,ORD00549,PROD091,6,328.24,1969.44
ITEM004645,ORD04135,PROD046,5,507.67,2538.35
ITEM004646,ORD00942,PROD119,3,249.06,747.18
ITEM004647,ORD00948,PROD137,1,511.58,511.58
ITEM004648,ORD00075,PROD140,5,462.93,2314.65
ITEM004649,ORD04940,PROD031,2,431.4,862.8
ITEM004650,ORD02181,PROD076,1,130.49,130.49
ITEM004651,ORD02323,PROD052,2,750.53,1501.06
ITEM004652,ORD04781,PROD118,1,296.25,296.25
ITEM004653,ORD01101,PROD115,1,464.55,464.55
ITEM004654,ORD01632,PROD114,4,366.67,1466.68
ITEM004655,ORD02079,PROD038,6,733.1,4398.6
ITEM004656,ORD03850,PROD103,5,670.49,3352.45
ITEM004657,ORD00478,PROD037,5,666.18,3330.9
ITEM004658,ORD03060,PROD056,1,227.89,227.89
ITEM004659,ORD01762,PROD101,1,75.32,75.32
ITEM004660,ORD02685,PROD143,3,558.87,1676.61
ITEM004661,ORD03439,PROD127,2,633.12,1266.24
ITEM004662,ORD03670,PROD039,2,571.82,1143.64
ITEM004663,ORD00249,PROD091,5,398.52,1992.6
ITEM004664,ORD00894,PROD128,2,66.89,133.78
ITEM004665,ORD02367,PROD022,1,622.19,622.19
ITEM004666,ORD01370,PROD085,6,378.77,2272.62
ITEM004667,ORD01413,PROD082,5,583.5,2917.5
ITEM004668,ORD00921,PROD128,2,726.86,1453.72
ITEM004669,ORD01201,PROD077,5,702.75,3513.75
ITEM004670,ORD00059,PROD131,3,385.93,1157.79
ITEM004671,ORD01730,PROD061,5,111.82,559.1
ITEM004672,ORD02777,PROD037,3,449.99,1349.97
ITEM004673,ORD02814,PROD082,2,302.48,604.96
ITEM004674,ORD00423,PROD011,4,572.0,2288.0
ITEM004675,ORD03929,PROD149,5,666.06,3330.3
ITEM004676,ORD02830,PROD062,4,748.56,2994.24
ITEM004677,ORD04479,PROD025,2,378.89,757.78
ITEM004678,ORD00906,PROD086,6,461.42,2768.52
ITEM004679,ORD04280,PROD020,4,75.61,302.44
ITEM004680,ORD00517,PROD028,2,316.43,632.86
ITEM004681,ORD04024,PROD061,5,395.64,1978.2
ITEM004682,ORD02337,PROD059,6,356.61,2139.66
ITEM004683,ORD999999,PROD087,1,471.92,471.92
ITEM004684,ORD03827,PROD144,1,211.45,211.45
ITEM004685,ORD00869,PROD021,3,612.69,1838.07
ITEM004686,ORD01085,PROD016,0,352.63,1057.89
ITEM004687,ORD04861,PROD104,1,132.81,132.81
ITEM004688,ORD03981,PROD106,6,575.4,3452.4
ITEM004689,ORD02344,PROD069,2,271.29,542.58
ITEM004690,ORD03403,PROD026,5,279.42,1397.1
ITEM004691,ORD03038,PROD081,3,577.28,1731.84
ITEM004692,ORD03033,PROD120,2,486.96,973.92
ITEM004693,ORD999999,PROD038,0,101.38,304.14
ITEM004694,ORD00717,PROD003,5,473.06,2365.3
ITEM004695,ORD01599,PROD103,2,497.57,995.14
ITEM004696,ORD02414,PROD091,3,645.89,1937.67
ITEM004697,ORD03722,PROD054,3,439.51,1318.53
ITEM004698,ORD02751,PROD013,2,237.23,474.46
ITEM004699,ORD03782,PROD097,6,392.73,2356.38
ITEM004700,ORD03249,PROD147,5,152.59,762.95
ITEM004701,ORD02204,PROD033,1,476.97,476.97
ITEM004702,ORD02315,PROD039,2,588.6,1177.2
ITEM004703,ORD999999,PROD051,1,606.56,606.56
ITEM004704,ORD03187,PROD064,5,453.81,2269.05
ITEM004705,ORD03343,PROD136,4,411.95,1647.8
ITEM004706,ORD04196,PROD092,6,229.79,1378.74
ITEM004707,ORD00707,PROD021,5,60.78,303.9
ITEM004708,ORD03283,PROD082,4,478.36,1913.44
ITEM004709,ORD02484,PROD066,3,593.29,1779.87
ITEM004710,ORD02133,PROD017,6,107.05,642.3
ITEM004711,ORD999999,PROD012,3,206.58,619.74
ITEM004712,ORD03358,PROD023,3,120.42,361.26
ITEM004713,ORD00271,PROD079,3,747.41,2242.23
ITEM004714,ORD03283,PROD148,5,484.58,2422.9
ITEM004715,ORD00538,PROD066,6,522.26,3133.56
ITEM004716,ORD00375,PROD087,6,420.29,2521.74
ITEM004717,ORD00507,PROD069,1,373.4,373.4
ITEM004718,ORD01311,PROD114,0,78.65,235.95
ITEM004719,ORD04635,PROD041,1,301.14,301.14
ITEM004720,ORD00122,PROD007,6,362.44,2174.64
ITEM004721,ORD02337,PROD032,4,510.52,2042.08
ITEM004722,ORD00451,PROD060,1,709.4,709.4
ITEM004723,ORD02930,PROD131,1,631.92,631.92
ITEM004724,ORD01114,PROD006,5,489.22,2446.1
ITEM004725,ORD03791,PROD017,2,241.04,482.08
ITEM004726,ORD00223,PROD100,5,123.84,619.2
ITEM004727,ORD02728,PROD020,1,360.74,360.74
ITEM004728,ORD04824,PROD002,2,293.23,586.46
ITEM004729,ORD01060,PROD027,4,411.05,1644.2
ITEM004730,ORD04416,PROD127,5,624.19,3120.95
ITEM004731,ORD01055,PROD075,1,357.0,357.0
ITEM004732,ORD03474,PROD019,5,770.67,3853.35
ITEM004733,ORD02600,PROD097,6,413.43,2480.58
ITEM004734,ORD00023,PROD077,1,732.79,732.79
ITEM004735,ORD03119,PROD024,1,733.5,733.5
ITEM004736,ORD02595,PROD078,2,368.35,736.7
ITEM004737,ORD03372,PROD150,4,477.63,1910.52
ITEM004738,ORD03500,PROD147,1,88.14,88.14
ITEM004739,ORD00976,PROD004,3,135.78,407.34
ITEM004740,ORD03474,PROD011,3,735.28,2205.84
ITEM004741,ORD00350,PROD061,3,121.21,363.63
ITEM004742,ORD00596,PROD125,6,696.99,4181.94
ITEM004743,ORD00101,PROD121,5,279.29,1396.45
ITEM004744,ORD02053,PROD097,1,562.89,562.89
ITEM004745,ORD01893,PROD007,1,755.86,755.86
ITEM004746,ORD01052,PROD064,6,310.63,1863.78
ITEM004747,ORD00671,PROD051,5,245.32,1226.6
ITEM004748,ORD03825,PROD034,1,496.85,496.85
ITEM004749,ORD02568,PROD123,2,667.36,1334.72
ITEM004750,ORD02357,PROD098,1,554.17,554.17
ITEM004751,ORD03561,PROD125,1,160.27,160.27
ITEM004752,ORD03317,PROD144,2,246.86,493.72
ITEM004753,ORD02793,PROD085,4,497.08,1988.32
ITEM004754,ORD04174,PROD109,6,488.28,2929.68
ITEM004755,ORD03557,PROD060,6,725.75,4354.5
ITEM004756,ORD04974,PROD040,6,117.88,707.28
ITEM004757,ORD01455,PROD063,6,601.95,3611.7
ITEM004758,ORD03075,PROD059,3,288.69,866.07
ITEM004759,ORD00633,PROD099,3,118.68,356.04
ITEM004760,ORD01228,PROD044,2,361.45,722.9
ITEM004761,ORD02780,PROD059,3,589.68,1769.04
ITEM004762,ORD00389,PROD009,6,735.02,4410.12
ITEM004763,ORD02596,PROD120,6,501.03,3006.18
ITEM004764,ORD04105,PROD091,5,350.89,1754.45
ITEM004765,ORD02447,PROD120,1,446.42,446.42
ITEM004766,ORD00662,PROD137,1,723.98,723.98
ITEM004767,ORD00811,PROD066,3,577.72,1733.16
ITEM004768,ORD03501,PROD134,4,89.46,357.84
ITEM004769,ORD03387,PROD038,2,56.27,112.54
ITEM004770,ORD03227,PROD062,4,282.22,1128.88
ITEM004771,ORD02720,PROD092,4,457.77,1831.08
ITEM004772,ORD01407,PROD136,3,206.04,618.12
ITEM004773,ORD00837,PROD010,1,528.86,528.86
ITEM004774,ORD03244,PROD119,2,349.63,699.26
ITEM004775,ORD00874,PROD024,1,755.64,755.64
ITEM004776,ORD04442,PROD083,2,117.07,234.14
ITEM004777,ORD04995,PROD115,3,270.35,811.05
ITEM004778,ORD00720,PROD057,3,473.34,1420.02
ITEM004779,ORD02292,PROD149,6,127.38,764.28
ITEM004780,ORD00701,PROD029,5,768.27,3841.35
ITEM004781,ORD02491,PROD139,6,414.98,2489.88
ITEM004782,ORD01917,PROD109,3,309.15,927.45
ITEM004783,ORD03690,PROD018,2,316.86,633.72
ITEM004784,ORD01261,PROD114,5,375.66,1878.3
ITEM004785,ORD00226,PROD045,5,84.41,422.05
ITEM004786,ORD02805,PROD116,2,537.72,1075.44
ITEM004787,ORD04887,PROD057,6,571.88,3431.28
ITEM004788,ORD03545,PROD093,3,75.27,225.81
ITEM004789,ORD03250,PROD006,6,711.12,4266.72
ITEM004790,ORD02518,PROD036,5,58.1,290.5
ITEM004791,ORD00084,PROD018,3,424.63,1273.89
ITEM004792,ORD00026,PROD111,6,235.62,1413.72
ITEM004793,ORD04943,PROD046,2,296.5,593.0
ITEM004794,ORD02620,PROD024,2,196.84,393.68
ITEM004795,ORD02176,PROD016,5,248.64,1243.2
ITEM004796,ORD03534,PROD041,1,250.8,250.8
ITEM004797,ORD04093,PROD150,4,190.05,760.2
ITEM004798,ORD01985,PROD042,6,115.98,695.88
ITEM004799,ORD01309,PROD057,5,77.06,385.3
ITEM004800,ORD02813,PROD118,2,506.09,1012.18
ITEM004801,ORD00689,PROD086,1,760.23,760.23
ITEM004802,ORD03731,PROD049,4,331.93,1327.72
ITEM004803,ORD03600,PROD143,6,576.35,3458.1
ITEM004804,ORD04967,PROD061,2,268.09,536.18
ITEM004805,ORD00292,PROD035,6,117.82,706.92
ITEM004806,ORD03030,PROD056,4,584.33,2337.32
ITEM004807,ORD00533,PROD013,6,161.16,966.96
ITEM004808,ORD02894,PROD095,6,678.82,4072.92
ITEM004809,ORD02095,PROD061,3,793.99,2381.97
ITEM004810,ORD01323,PROD115,2,671.0,1342.0
ITEM004811,ORD999999,PROD054,2,144.15,288.3
ITEM004812,ORD02364,PROD9999,1,59.04,59.04
ITEM004813,ORD02248,PROD048,2,425.0,850.0
ITEM004814,ORD01093,PROD127,2,413.1,826.2
ITEM004815,ORD02150,PROD043,6,65.83,394.98
ITEM004816,ORD02158,PROD126,4,732.3,2929.2
ITEM004817,ORD01233,PROD095,5,503.08,2515.4
ITEM004818,ORD01334,PROD128,3,483.02,1449.06
ITEM004819,ORD04034,PROD148,3,765.83,2297.49
ITEM004820,ORD00026,PROD113,1,89.82,89.82
ITEM004821,ORD04983,PROD101,5,209.74,1048.7
ITEM004822,ORD02162,PROD071,4,555.27,2221.08
ITEM004823,ORD03271,PROD099,6,548.03,3288.18
ITEM004824,ORD00093,PROD008,4,369.84,1479.36
ITEM004825,ORD02561,PROD061,6,94.72,568.32
ITEM004826,ORD01154,PROD058,3,579.97,1739.91
ITEM004827,ORD04908,PROD080,5,273.85,1369.25
ITEM004828,ORD02444,PROD083,6,257.96,1547.76
ITEM004829,ORD00330,PROD090,3,514.04,1542.12
ITEM004830,ORD02517,PROD032,3,549.56,1648.68
ITEM004831,ORD04886,PROD140,6,329.66,1977.96
ITEM004832,ORD03081,PROD020,4,576.94,2307.76
ITEM004833,ORD04277,PROD080,5,96.15,480.75
ITEM004834,ORD04623,PROD096,4,259.03,1036.12
ITEM004835,ORD02476,PROD110,5,82.9,414.5
ITEM004836,ORD01271,PROD128,6,435.69,2614.14
ITEM004837,ORD04936,PROD061,3,148.5,445.5
ITEM004838,ORD04933,PROD130,3,392.95,1178.85
ITEM004839,ORD00522,PROD020,3,354.59,1063.77
ITEM004840,ORD01918,PROD036,5,500.95,2504.75
ITEM004841,ORD01112,PROD053,1,121.27,121.27
ITEM004842,ORD03394,PROD127,3,518.04,1554.12
ITEM004843,ORD01500,PROD130,3,342.86,1028.58
ITEM004844,ORD02800,PROD008,3,63.0,189.0
ITEM004845,ORD03852,PROD148,4,320.31,1281.24
ITEM004846,ORD01337,PROD022,5,446.32,2231.6
ITEM004847,ORD00877,PROD011,3,260.3,780.9
ITEM004848,ORD02933,PROD149,1,576.84,576.84
ITEM004849,ORD02957,PROD094,5,724.27,3621.35
ITEM004850,ORD04463,PROD001,3,238.29,714.87
ITEM004851,ORD02282,PROD031,1,412.72,412.72
ITEM004852,ORD02307,PROD040,6,387.98,2327.88
ITEM004853,ORD03369,PROD079,5,322.59,1612.95
ITEM004854,ORD02478,PROD045,2,293.24,586.48
ITEM004855,ORD02511,PROD007,3,424.88,1274.64
ITEM004856,ORD03535,PROD131,0,74.66,447.96
ITEM004857,ORD00420,PROD037,3,432.43,1297.29
ITEM004858,ORD00361,PROD101,1,152.29,152.29
ITEM004859,ORD01370,PROD008,1,128.83,128.83
ITEM004860,ORD01340,PROD126,2,437.25,874.5
ITEM004861,ORD01048,PROD031,2,330.3,660.6
ITEM004862,ORD04028,PROD002,3,84.13,252.39
ITEM004863,ORD01731,PROD030,1,87.23,87.23
ITEM004864,ORD04778,PROD038,3,740.63,2221.89
ITEM004865,ORD999999,PROD094,6,718.94,4313.64
ITEM004866,ORD04539,PROD055,3,610.42,1831.26
ITEM004867,ORD02325,PROD114,5,545.99,2729.95
ITEM004868,ORD03167,PROD149,6,102.97,617.82
ITEM004869,ORD00651,PROD067,4,336.47,1345.88
ITEM004870,ORD03568,PROD021,5,457.16,2285.8
ITEM004871,ORD03766,PROD039,3,327.86,983.58
ITEM004872,ORD02611,PROD111,2,752.28,1504.56
ITEM004873,ORD02652,PROD131,3,297.55,892.65
ITEM004874,ORD02177,PROD106,5,197.78,988.9
ITEM004875,ORD01457,PROD079,4,183.63,734.52
ITEM004876,ORD01559,PROD013,3,299.06,897.18
ITEM004877,ORD02424,PROD024,2,237.51,475.02
ITEM004878,ORD999999,PROD085,5,494.46,2472.3
ITEM004879,ORD03904,PROD004,6,245.63,1473.78
ITEM004880,ORD03574,PROD063,4,537.03,2148.12
ITEM004881,ORD04273,PROD138,3,563.03,1689.09
ITEM004882,ORD04207,PROD9999,6,563.53,3381.18
ITEM004883,ORD01860,PROD044,6,411.98,2471.88
ITEM004884,ORD03020,PROD104,3,523.53,1570.59
ITEM004885,ORD04016,PROD142,1,58.44,58.44
ITEM004886,ORD02623,PROD055,5,65.95,329.75
ITEM004887,ORD01007,PROD006,2,610.54,1221.08
ITEM004888,ORD00449,PROD132,2,256.89,513.78
ITEM004889,ORD01091,PROD004,2,141.53,283.06
ITEM004890,ORD02774,PROD015,0,372.62,2235.72
ITEM004891,ORD01614,PROD038,5,117.99,589.95
ITEM004892,ORD04844,PROD070,1,563.24,563.24
ITEM004893,ORD03962,PROD070,2,796.27,1592.54
ITEM004894,ORD00678,PROD111,1,192.11,192.11
ITEM004895,ORD00934,PROD098,6,505.95,3035.7
ITEM004896,ORD02491,PROD020,6,747.51,4485.06
ITEM004897,ORD04542,PROD088,4,344.7,1378.8
ITEM004898,ORD03548,PROD058,1,725.86,725.86
ITEM004899,ORD01720,PROD147,2,769.93,1539.86
ITEM004900,ORD03789,PROD072,1,554.43,554.43
ITEM004901,ORD03511,PROD064,4,410.15,1640.6
ITEM004902,ORD02748,PROD082,2,757.84,1515.68
ITEM004903,ORD01060,PROD125,2,123.71,247.42
ITEM004904,ORD03751,PROD144,6,725.69,4354.14
ITEM004905,ORD03719,PROD040,4,305.19,1220.76
ITEM004906,ORD00646,PROD054,3,702.85,2108.55
ITEM004907,ORD01890,PROD041,3,220.46,661.38
ITEM004908,ORD01724,PROD056,0,296.13,1480.65
ITEM004909,ORD02758,PROD048,2,210.02,420.04
ITEM004910,ORD01918,PROD087,5,580.48,2902.4
ITEM004911,ORD00288,PROD024,5,596.57,2982.85
ITEM004912,ORD04645,PROD033,2,431.09,862.18
ITEM004913,ORD04744,PROD130,4,56.2,224.8
ITEM004914,ORD00398,PROD013,2,445.55,891.1
ITEM004915,ORD00831,PROD057,2,719.66,1439.32
ITEM004916,ORD03239,PROD059,4,256.93,1027.72
ITEM004917,ORD01382,PROD001,4,149.23,596.92
ITEM004918,ORD03853,PROD074,3,644.16,1932.48
ITEM004919,ORD00019,PROD029,1,167.26,167.26
ITEM004920,ORD03627,PROD130,1,252.95,252.95
ITEM004921,ORD999999,PROD148,1,710.3,710.3
ITEM004922,ORD01767,PROD041,1,182.78,182.78
ITEM004923,ORD00446,PROD148,5,417.52,2087.6
ITEM004924,ORD00383,PROD072,2,52.74,105.48
ITEM004925,ORD03518,PROD089,1,152.99,152.99
ITEM004926,ORD02010,PROD051,3,620.4,1861.2
ITEM004927,ORD01374,PROD110,3,552.07,1656.21
ITEM004928,ORD03052,PROD025,2,526.62,1053.24
ITEM004929,ORD02541,PROD146,1,251.68,251.68
ITEM004930,ORD03266,PROD076,4,291.77,1167.08
ITEM004931,ORD03606,PROD142,5,231.56,1157.8
ITEM004932,ORD00975,PROD121,5,156.59,782.95
ITEM004933,ORD04222,PROD017,3,676.14,2028.42
ITEM004934,ORD04355,PROD033,2,158.7,317.4
ITEM004935,ORD00916,PROD097,4,783.16,3132.64
ITEM004936,ORD02578,PROD015,3,316.37,949.11
ITEM004937,ORD02256,PROD006,2,624.74,1249.48
ITEM004938,ORD04676,PROD131,2,255.72,511.44
ITEM004939,ORD999999,PROD037,6,449.18,2695.08
ITEM004940,ORD00214,PROD085,3,111.17,333.51
ITEM004941,ORD02409,PROD120,5,568.52,2842.6
ITEM004942,ORD03367,PROD059,6,207.08,1242.48
ITEM004943,ORD03405,PROD022,2,523.98,1047.96
ITEM004944,ORD02545,PROD9999,3,326.57,979.71
ITEM004945,ORD01055,PROD120,4,735.5,2942.0
ITEM004946,ORD01014,PROD108,5,215.26,1076.3
ITEM004947,ORD03424,PROD080,4,239.13,956.52
ITEM004948,ORD04126,PROD121,6,489.63,2937.78
ITEM004949,ORD01225,PROD128,3,404.33,1212.99
ITEM004950,ORD03149,PROD052,6,689.3,4135.8
ITEM004951,ORD00496,PROD107,2,559.59,1119.18
ITEM004952,ORD04142,PROD105,4,239.4,957.6
ITEM004953,ORD01195,PROD139,2,394.74,789.48
ITEM004954,ORD03724,PROD076,6,423.39,2540.34
ITEM004955,ORD03925,PROD076,6,684.83,4108.98
ITEM004956,ORD02049,PROD087,6,332.19,1993.14
ITEM004957,ORD00887,PROD095,3,792.96,2378.88
ITEM004958,ORD00984,PROD039,5,752.11,3760.55
ITEM004959,ORD04483,PROD113,5,427.07,2135.35
ITEM004960,ORD02038,PROD059,3,594.57,1783.71
ITEM004961,ORD01278,PROD108,5,420.05,2100.25
ITEM004962,ORD01791,PROD146,5,526.18,2630.9
ITEM004963,ORD04726,PROD063,5,261.13,1305.65
ITEM004964,ORD04152,PROD063,3,245.18,735.54
ITEM004965,ORD00816,PROD004,5,261.79,1308.95
ITEM004966,ORD00189,PROD126,1,310.32,310.32
ITEM004967,ORD02146,PROD082,1,329.76,329.76
ITEM004968,ORD01035,PROD111,6,60.36,362.16
ITEM004969,ORD03545,PROD073,6,64.06,384.36
ITEM004970,ORD02665,PROD065,4,323.7,1294.8
ITEM004971,ORD02692,PROD038,3,453.33,1359.99
ITEM004972,ORD02665,PROD109,3,211.12,633.36
ITEM004973,ORD04625,PROD056,1,601.3,601.3
ITEM004974,ORD02304,PROD107,1,589.34,589.34
ITEM004975,ORD02964,PROD035,6,742.49,4454.94
ITEM004976,ORD01120,PROD125,1,196.6,196.6
ITEM004977,ORD00032,PROD007,6,784.12,4704.72
ITEM004978,ORD00650,PROD116,6,792.67,4756.02
ITEM004979,ORD01874,PROD131,5,130.06,650.3
ITEM004980,ORD00716,PROD068,6,71.36,428.16
ITEM004981,ORD04376,PROD126,2,442.29,884.58
ITEM004982,ORD03734,PROD9999,3,509.99,1529.97
ITEM004983,ORD01944,PROD121,1,210.58,210.58
ITEM004984,ORD01807,PROD130,6,597.21,3583.26
ITEM004985,ORD03837,PROD140,4,310.77,1243.08
ITEM004986,ORD02047,PROD128,6,637.75,3826.5
ITEM004987,ORD01127,PROD034,1,756.14,756.14
ITEM004988,ORD00976,PROD069,6,503.98,3023.88
ITEM004989,ORD01402,PROD097,2,740.07,1480.14
ITEM004990,ORD02408,PROD081,5,762.46,3812.3
ITEM004991,ORD03808,PROD070,5,505.97,2529.85
ITEM004992,ORD00978,PROD066,1,721.13,721.13
ITEM004993,ORD04377,PROD043,4,478.29,1913.16
ITEM004994,ORD02519,PROD052,4,194.33,777.32
ITEM004995,ORD03133,PROD096,6,693.25,4159.5
ITEM004996,ORD04342,PROD121,6,53.2,319.2
ITEM004997,ORD01813,PROD048,6,296.96,1781.76
ITEM004998,ORD00375,PROD025,3,474.02,1422.06
ITEM004999,ORD02538,PROD040,5,354.1,1770.5
ITEM005000,ORD00245,PROD062,1,487.89,487.89
ITEM005001,ORD02209,PROD122,5,470.45,2352.25
ITEM005002,ORD03446,PROD139,6,751.33,4507.98
ITEM005003,ORD04264,PROD116,6,759.63,4557.78
ITEM005004,ORD02376,PROD010,4,283.14,1132.56
ITEM005005,ORD04310,PROD066,3,479.38,1438.14
ITEM005006,ORD03949,PROD005,2,409.45,818.9
ITEM005007,ORD04071,PROD049,2,606.52,1213.04
ITEM005008,ORD00319,PROD069,6,213.3,1279.8
ITEM005009,ORD00016,PROD126,3,259.18,777.54
ITEM005010,ORD01531,PROD055,4,56.39,225.56
ITEM005011,ORD02052,PROD077,4,150.41,601.64
ITEM005012,ORD01793,PROD027,3,147.4,442.2
ITEM005013,ORD03248,PROD116,6,76.38,458.28
ITEM005014,ORD02195,PROD029,5,433.17,2165.85
ITEM005015,ORD00118,PROD065,1,577.3,577.3
ITEM005016,ORD01138,PROD053,2,75.14,150.28
ITEM005017,ORD02338,PROD071,2,81.39,162.78
ITEM005018,ORD03569,PROD108,6,272.17,1633.02
ITEM005019,ORD02537,PROD025,5,478.31,2391.55
ITEM005020,ORD00380,PROD093,4,570.01,2280.04
ITEM005021,ORD04120,PROD040,6,540.61,3243.66
ITEM005022,ORD04041,PROD069,3,768.75,2306.25
ITEM005023,ORD01570,PROD019,4,110.19,440.76
ITEM005024,ORD04173,PROD020,2,773.21,1546.42
ITEM005025,ORD03076,PROD053,2,716.38,1432.76
ITEM005026,ORD00311,PROD027,5,300.57,1502.85
ITEM005027,ORD00035,PROD122,3,515.67,1547.01
ITEM005028,ORD03382,PROD095,4,715.98,2863.92
ITEM005029,ORD00923,PROD016,2,187.41,374.82
ITEM005030,ORD01439,PROD070,5,677.17,3385.85
ITEM005031,ORD04567,PROD135,5,161.6,808.0
ITEM005032,ORD02394,PROD121,2,770.03,1540.06
ITEM005033,ORD00574,PROD088,1,577.21,577.21
ITEM005034,ORD03923,PROD005,3,425.21,1275.63
ITEM005035,ORD04412,PROD039,1,625.02,625.02
ITEM005036,ORD04883,PROD036,3,80.36,241.08
ITEM005037,ORD04554,PROD061,2,97.96,195.92
ITEM005038,ORD02257,PROD108,6,468.77,2812.62
ITEM005039,ORD00676,PROD143,0,797.85,3191.4
ITEM005040,ORD00641,PROD094,1,364.36,364.36
ITEM005041,ORD01632,PROD022,5,123.99,619.95
ITEM005042,ORD02358,PROD065,6,442.13,2652.78
ITEM005043,ORD04413,PROD013,4,90.11,360.44
ITEM005044,ORD04733,PROD061,5,174.87,874.35
ITEM005045,ORD01192,PROD002,2,138.13,276.26
ITEM005046,ORD01605,PROD135,3,707.09,2121.27
ITEM005047,ORD00893,PROD033,2,298.35,596.7
ITEM005048,ORD04915,PROD091,1,349.85,349.85
ITEM005049,ORD04077,PROD007,2,346.35,692.7
ITEM005050,ORD00960,PROD149,6,771.66,4629.96
ITEM005051,ORD03707,PROD136,6,248.18,1489.08
ITEM005052,ORD03332,PROD112,6,211.09,1266.54
ITEM005053,ORD01709,PROD045,5,503.65,2518.25
ITEM005054,ORD01864,PROD127,6,450.31,2701.86
ITEM005055,ORD02888,PROD110,4,136.3,545.2
ITEM005056,ORD01722,PROD084,4,438.02,1752.08
ITEM005057,ORD00290,PROD126,2,247.41,494.82
ITEM005058,ORD02271,PROD093,4,208.27,833.08
ITEM005059,ORD01627,PROD107,2,563.68,1127.36
ITEM005060,ORD01063,PROD053,4,68.22,272.88
ITEM005061,ORD02547,PROD138,5,238.12,1190.6
ITEM005062,ORD01731,PROD110,1,266.58,266.58
ITEM005063,ORD00327,PROD049,2,56.29,112.58
ITEM005064,ORD03201,PROD038,5,392.59,1962.95
ITEM005065,ORD01906,PROD038,6,447.12,2682.72
ITEM005066,ORD04441,PROD132,1,154.66,154.66
ITEM005067,ORD04770,PROD096,5,488.86,2444.3
ITEM005068,ORD02837,PROD008,5,498.51,2492.55
ITEM005069,ORD01392,PROD141,3,563.83,1691.49
ITEM005070,ORD04625,PROD084,2,498.49,996.98
ITEM005071,ORD02268,PROD054,5,605.42,3027.1
ITEM005072,ORD01019,PROD021,1,779.3,779.3
ITEM005073,ORD03788,PROD072,2,178.25,356.5
ITEM005074,ORD02261,PROD038,3,171.09,513.27
ITEM005075,ORD04412,PROD055,4,288.15,1152.6
ITEM005076,ORD02271,PROD105,1,219.5,219.5
ITEM005077,ORD04038,PROD097,3,98.25,294.75
ITEM005078,ORD02776,PROD002,4,386.83,1547.32
ITEM005079,ORD00790,PROD013,2,147.45,294.9
ITEM005080,ORD03083,PROD008,2,109.55,219.1
ITEM005081,ORD03904,PROD017,2,791.49,1582.98
ITEM005082,ORD03792,PROD122,2,465.12,930.24
ITEM005083,ORD04021,PROD007,2,524.74,1049.48
ITEM005084,ORD00724,PROD056,2,373.86,747.72
ITEM005085,ORD01561,PROD063,4,331.28,1325.12
ITEM005086,ORD01317,PROD103,1,78.16,78.16
ITEM005087,ORD01244,PROD020,4,532.74,2130.96
ITEM005088,ORD03736,PROD105,5,453.18,2265.9
ITEM005089,ORD01087,PROD021,4,782.06,3128.24
ITEM005090,ORD02470,PROD121,6,247.48,1484.88
ITEM005091,ORD01709,PROD077,4,330.51,1322.04
ITEM005092,ORD04283,PROD098,1,795.03,795.03
ITEM005093,ORD02012,PROD102,4,518.45,2073.8
ITEM005094,ORD01715,PROD072,5,508.94,2544.7
ITEM005095,ORD03798,PROD094,2,796.98,1593.96
ITEM005096,ORD03018,PROD002,3,790.64,2371.92
ITEM005097,ORD04242,PROD036,3,130.59,391.77
ITEM005098,ORD01865,PROD007,4,456.82,1827.28
ITEM005099,ORD01495,PROD135,3,75.96,227.88
ITEM005100,ORD02691,PROD128,6,83.92,503.52
ITEM005101,ORD00716,PROD094,6,582.79,3496.74
ITEM005102,ORD00928,PROD010,1,429.25,429.25
ITEM005103,ORD01591,PROD150,1,120.46,120.46
ITEM005104,ORD04384,PROD046,6,643.26,3859.56
ITEM005105,ORD00503,PROD129,2,419.0,838.0
ITEM005106,ORD04998,PROD134,4,315.99,1263.96
ITEM005107,ORD04374,PROD150,2,554.02,1108.04
ITEM005108,ORD01481,PROD082,3,730.99,2192.97
ITEM005109,ORD00774,PROD061,1,413.04,413.04
ITEM005110,ORD02837,PROD139,3,390.62,1171.86
ITEM005111,ORD01084,PROD046,6,778.83,4672.98
ITEM005112,ORD04804,PROD080,5,157.17,785.85
ITEM005113,ORD02136,PROD016,6,254.79,1528.74
ITEM005114,ORD00753,PROD011,1,783.53,783.53
ITEM005115,ORD01818,PROD134,6,80.92,485.52
ITEM005116,ORD04077,PROD072,3,515.47,1546.41
ITEM005117,ORD04724,PROD049,1,549.1,549.1
ITEM005118,ORD01565,PROD063,1,629.96,629.96
ITEM005119,ORD04597,PROD108,5,273.82,1369.1
ITEM005120,ORD03777,PROD055,4,372.72,1490.88
ITEM005121,ORD00963,PROD045,6,471.75,2830.5
ITEM005122,ORD02012,PROD094,4,499.92,1999.68
ITEM005123,ORD00644,PROD082,3,552.62,1657.86
ITEM005124,ORD00262,PROD095,6,100.58,603.48
ITEM005125,ORD00658,PROD086,5,521.83,2609.15
ITEM005126,ORD00883,PROD065,3,642.28,1926.84
ITEM005127,ORD01125,PROD070,1,754.35,754.35
ITEM005128,ORD02960,PROD099,4,197.76,791.04
ITEM005129,ORD04167,PROD112,3,557.24,1671.72
ITEM005130,ORD04623,PROD024,2,790.91,1581.82
ITEM005131,ORD04726,PROD9999,6,81.55,489.3
ITEM005132,ORD02506,PROD127,3,72.26,216.78
ITEM005133,ORD03749,PROD142,1,383.33,383.33
ITEM005134,ORD02900,PROD120,3,380.39,1141.17
ITEM005135,ORD04531,PROD051,2,104.19,208.38
ITEM005136,ORD03165,PROD053,2,579.71,1159.42
ITEM005137,ORD03539,PROD052,4,177.33,709.32
ITEM005138,ORD00533,PROD095,3,667.02,2001.06
ITEM005139,ORD03841,PROD139,6,159.38,956.28
ITEM005140,ORD02778,PROD030,3,172.72,518.16
ITEM005141,ORD04870,PROD134,2,214.83,429.66
ITEM005142,ORD02098,PROD037,2,793.53,1587.06
ITEM005143,ORD00467,PROD031,2,785.32,1570.64
ITEM005144,ORD01288,PROD055,0,58.97,353.82
ITEM005145,ORD01249,PROD038,3,689.86,2069.58
ITEM005146,ORD02112,PROD087,1,198.39,198.39
ITEM005147,ORD04457,PROD015,3,303.25,909.75
ITEM005148,ORD00373,PROD047,3,624.18,1872.54
ITEM005149,ORD02079,PROD059,1,762.89,762.89
ITEM005150,ORD01326,PROD051,6,155.26,931.56
ITEM005151,ORD01373,PROD047,2,232.56,465.12
ITEM005152,ORD03403,PROD097,2,346.79,693.58
ITEM005153,ORD00445,PROD011,4,440.98,1763.92
ITEM005154,ORD00524,PROD142,3,414.71,1244.13
ITEM005155,ORD01492,PROD043,4,246.36,985.44
ITEM005156,ORD999999,PROD014,6,566.24,3397.44
ITEM005157,ORD03023,PROD058,4,538.06,2152.24
ITEM005158,ORD03789,PROD061,4,761.22,3044.88
ITEM005159,ORD04388,PROD114,2,541.53,1083.06
ITEM005160,ORD01760,PROD097,1,367.19,367.19
ITEM005161,ORD04856,PROD099,4,529.32,2117.28
ITEM005162,ORD00831,PROD085,1,709.64,709.64
ITEM005163,ORD02708,PROD027,4,794.95,3179.8
ITEM005164,ORD04723,PROD034,2,127.98,255.96
ITEM005165,ORD03425,PROD070,4,112.7,450.8
ITEM005166,ORD04256,PROD026,6,639.96,3839.76
ITEM005167,ORD03291,PROD097,2,293.89,587.78
ITEM005168,ORD00586,PROD133,1,751.65,751.65
ITEM005169,ORD04307,PROD098,4,679.17,2716.68
ITEM005170,ORD04763,PROD150,2,763.46,1526.92
ITEM005171,ORD00087,PROD116,6,348.4,2090.4
ITEM005172,ORD01745,PROD095,4,750.58,3002.32
ITEM005173,ORD00687,PROD018,3,457.76,1373.28
ITEM005174,ORD00753,PROD9999,1,226.58,226.58
ITEM005175,ORD02682,PROD011,6,456.72,2740.32
ITEM005176,ORD04011,PROD116,6,750.76,4504.56
ITEM005177,ORD01674,PROD089,5,703.46,3517.3
ITEM005178,ORD03871,PROD133,3,434.52,1303.56
ITEM005179,ORD03860,PROD048,3,407.08,1221.24
ITEM005180,ORD04403,PROD040,2,238.91,477.82
ITEM005181,ORD04863,PROD148,5,552.39,2761.95
ITEM005182,ORD03452,PROD129,6,363.75,2182.5
ITEM005183,ORD01952,PROD110,3,425.42,1276.26
ITEM005184,ORD03090,PROD120,6,175.78,1054.68
ITEM005185,ORD00666,PROD102,6,492.14,2952.84
ITEM005186,ORD00160,PROD008,2,730.7,1461.4
ITEM005187,ORD00781,PROD145,2,721.99,1443.98
ITEM005188,ORD01712,PROD044,5,384.39,1921.95
ITEM005189,ORD02793,PROD040,4,611.74,2446.96
ITEM005190,ORD04971,PROD019,2,163.64,327.28
ITEM005191,ORD00346,PROD137,3,661.87,1985.61
ITEM005192,ORD00750,PROD053,5,214.54,1072.7
ITEM005193,ORD00011,PROD079,5,154.06,770.3
ITEM005194,ORD01553,PROD049,6,87.56,525.36
ITEM005195,ORD01391,PROD148,3,576.01,1728.03
ITEM005196,ORD01339,PROD058,2,327.34,654.68
ITEM005197,ORD00125,PROD074,6,461.88,2771.28
ITEM005198,ORD02949,PROD002,2,726.56,1453.12
ITEM005199,ORD02604,PROD088,4,280.25,1121.0
ITEM005200,ORD03036,PROD063,2,406.03,812.06
ITEM005201,ORD04897,PROD015,3,693.61,2080.83
ITEM005202,ORD00967,PROD040,1,771.13,771.13
ITEM005203,ORD999999,PROD122,5,365.7,1828.5
ITEM005204,ORD04575,PROD049,4,752.32,3009.28
ITEM005205,ORD03697,PROD012,5,676.07,3380.35
ITEM005206,ORD03374,PROD026,4,565.37,2261.48
ITEM005207,ORD01189,PROD125,3,796.13,2388.39
ITEM005208,ORD00596,PROD122,4,432.03,1728.12
ITEM005209,ORD02996,PROD144,1,374.57,374.57
ITEM005210,ORD04581,PROD018,5,345.49,1727.45
ITEM005211,ORD04030,PROD117,3,676.95,2030.85
ITEM005212,ORD03829,PROD011,4,608.5,2434.0
ITEM005213,ORD03029,PROD087,3,94.74,284.22
ITEM005214,ORD01221,PROD039,3,390.35,1171.05
ITEM005215,ORD03364,PROD144,6,767.73,4606.38
ITEM005216,ORD02513,PROD074,3,287.7,863.1
ITEM005217,ORD00920,PROD125,3,288.58,865.74
ITEM005218,ORD04689,PROD136,2,120.02,240.04
ITEM005219,ORD999999,PROD108,3,336.48,1009.44
ITEM005220,ORD03301,PROD055,1,429.99,429.99
ITEM005221,ORD02414,PROD106,3,773.81,2321.43
ITEM005222,ORD03968,PROD143,5,718.75,3593.75
ITEM005223,ORD03520,PROD053,5,618.25,3091.25
ITEM005224,ORD02216,PROD026,4,485.68,1942.72
ITEM005225,ORD03251,PROD037,5,795.88,3979.4
ITEM005226,ORD02046,PROD087,6,791.29,4747.74
ITEM005227,ORD04303,PROD104,3,401.23,1203.69
ITEM005228,ORD04499,PROD053,6,673.76,4042.56
ITEM005229,ORD03424,PROD117,2,95.55,191.1
ITEM005230,ORD00917,PROD012,2,87.34,174.68
ITEM005231,ORD02281,PROD020,4,151.57,606.28
ITEM005232,ORD02526,PROD9999,1,512.95,512.95
ITEM005233,ORD01065,PROD042,3,162.73,488.19
ITEM005234,ORD03278,PROD107,6,543.72,3262.32
ITEM005235,ORD00507,PROD052,1,71.78,71.78
ITEM005236,ORD04118,PROD052,5,726.68,3633.4
ITEM005237,ORD02075,PROD038,4,51.04,204.16
ITEM005238,ORD03665,PROD119,6,52.79,316.74
ITEM005239,ORD00755,PROD002,5,81.61,408.05
ITEM005240,ORD03746,PROD077,5,625.14,3125.7
ITEM005241,ORD03054,PROD133,5,430.45,2152.25
ITEM005242,ORD00565,PROD015,6,544.91,3269.46
ITEM005243,ORD02680,PROD130,1,532.97,532.97
ITEM005244,ORD04639,PROD104,3,721.35,2164.05
ITEM005245,ORD01881,PROD087,1,296.68,296.68
ITEM005246,ORD01078,PROD106,4,401.13,1604.52
ITEM005247,ORD01424,PROD049,6,334.06,2004.36
ITEM005248,ORD03657,PROD016,5,579.97,2899.85
ITEM005249,ORD00205,PROD150,3,418.49,1255.47
ITEM005250,ORD01089,PROD127,4,314.08,1256.32
ITEM005251,ORD01180,PROD102,5,643.61,3218.05
ITEM005252,ORD01542,PROD043,3,524.28,1572.84
ITEM005253,ORD04447,PROD100,6,54.38,326.28
ITEM005254,ORD04344,PROD083,4,64.58,258.32
ITEM005255,ORD01862,PROD065,2,221.27,442.54
ITEM005256,ORD02105,PROD032,5,674.73,3373.65
ITEM005257,ORD00647,PROD140,4,289.55,1158.2
ITEM005258,ORD03649,PROD107,2,799.92,1599.84
ITEM005259,ORD00290,PROD150,2,701.92,1403.84
ITEM005260,ORD02206,PROD121,3,115.55,346.65
ITEM005261,ORD02346,PROD055,3,111.42,334.26
ITEM005262,ORD00309,PROD9999,4,269.41,1077.64
ITEM005263,ORD02284,PROD077,5,194.07,970.35
ITEM005264,ORD02536,PROD103,3,286.39,859.17
ITEM005265,ORD04871,PROD084,4,491.16,1964.64
ITEM005266,ORD00843,PROD087,5,674.23,3371.15
ITEM005267,ORD02153,PROD074,5,710.81,3554.05
ITEM005268,ORD02939,PROD036,2,457.95,915.9
ITEM005269,ORD02401,PROD049,2,218.09,436.18
ITEM005270,ORD04155,PROD081,5,517.88,2589.4
ITEM005271,ORD02261,PROD009,4,441.61,1766.44
ITEM005272,ORD00431,PROD9999,6,53.52,321.12
ITEM005273,ORD00784,PROD019,2,76.36,152.72
ITEM005274,ORD00884,PROD038,5,190.18,950.9
ITEM005275,ORD03042,PROD072,1,705.92,705.92
ITEM005276,ORD01897,PROD117,1,605.06,605.06
ITEM005277,ORD00311,PROD037,2,120.72,241.44
ITEM005278,ORD02693,PROD042,1,497.51,497.51
ITEM005279,ORD02858,PROD093,3,413.3,1239.9
ITEM005280,ORD01727,PROD075,3,390.87,1172.61
ITEM005281,ORD01077,PROD031,2,65.24,130.48
ITEM005282,ORD02964,PROD083,1,486.52,486.52
ITEM005283,ORD02476,PROD095,6,759.65,4557.9
ITEM005284,ORD01750,PROD067,1,288.86,288.86
ITEM005285,ORD00794,PROD040,6,798.82,4792.92
ITEM005286,ORD00214,PROD048,4,536.1,2144.4
ITEM005287,ORD04899,PROD126,4,83.94,335.76
ITEM005288,ORD02054,PROD9999,6,352.1,2112.6
ITEM005289,ORD03462,PROD140,4,493.13,1972.52
ITEM005290,ORD04704,PROD009,1,664.27,664.27
ITEM005291,ORD00549,PROD111,4,721.86,2887.44
ITEM005292,ORD01888,PROD142,0,681.96,1363.92
ITEM005293,ORD02426,PROD013,1,686.43,686.43
ITEM005294,ORD02351,PROD064,6,470.41,2822.46
ITEM005295,ORD01577,PROD024,2,240.13,480.26
ITEM005296,ORD02526,PROD089,4,429.68,1718.72
ITEM005297,ORD04146,PROD058,3,411.99,1235.97
ITEM005298,ORD02307,PROD085,5,501.35,2506.75
ITEM005299,ORD03498,PROD108,2,691.31,1382.62
ITEM005300,ORD00256,PROD036,5,148.54,742.7
ITEM005301,ORD02763,PROD049,2,495.02,990.04
ITEM005302,ORD04232,PROD108,2,734.06,1468.12
ITEM005303,ORD03932,PROD008,2,466.97,933.94
ITEM005304,ORD04494,PROD150,6,180.35,1082.1
ITEM005305,ORD00856,PROD021,6,651.67,3910.02
ITEM005306,ORD00777,PROD016,4,522.47,2089.88
ITEM005307,ORD01619,PROD115,3,487.71,1463.13
ITEM005308,ORD04440,PROD111,4,128.51,514.04
ITEM005309,ORD00850,PROD059,6,545.69,3274.14
ITEM005310,ORD03419,PROD126,0,249.8,499.6
ITEM005311,ORD02063,PROD038,6,195.11,1170.66
ITEM005312,ORD01652,PROD073,2,267.3,534.6
ITEM005313,ORD04362,PROD099,4,107.44,429.76
ITEM005314,ORD04843,PROD123,2,575.86,1151.72
ITEM005315,ORD00530,PROD078,4,175.32,701.28
ITEM005316,ORD04949,PROD010,1,622.63,622.63
ITEM005317,ORD01394,PROD094,3,90.58,271.74
ITEM005318,ORD00237,PROD064,4,236.38,945.52
ITEM005319,ORD04423,PROD070,6,762.89,4577.34
ITEM005320,ORD04775,PROD106,6,476.26,2857.56
ITEM005321,ORD04499,PROD015,3,355.07,1065.21
ITEM005322,ORD00631,PROD126,1,734.74,734.74
ITEM005323,ORD00885,PROD082,4,230.52,922.08
ITEM005324,ORD00409,PROD112,6,113.28,679.68
ITEM005325,ORD01055,PROD143,5,393.33,1966.65
ITEM005326,ORD04247,PROD027,6,334.84,2009.04
ITEM005327,ORD01559,PROD110,6,136.91,821.46
ITEM005328,ORD01686,PROD050,1,485.94,485.94
ITEM005329,ORD02846,PROD037,2,471.07,942.14
ITEM005330,ORD999999,PROD069,4,216.96,867.84
ITEM005331,ORD03415,PROD092,3,486.29,1458.87
ITEM005332,ORD00715,PROD142,6,492.92,2957.52
ITEM005333,ORD04672,PROD141,5,498.54,2492.7
ITEM005334,ORD00517,PROD007,2,607.63,1215.26
ITEM005335,ORD03765,PROD110,2,542.06,1084.12
ITEM005336,ORD03064,PROD099,3,628.78,1886.34
ITEM005337,ORD02680,PROD040,2,387.33,774.66
ITEM005338,ORD999999,PROD074,4,773.79,3095.16
ITEM005339,ORD03686,PROD107,2,552.92,1105.84
ITEM005340,ORD04515,PROD092,5,278.25,1391.25
ITEM005341,ORD02930,PROD077,5,97.24,486.2
ITEM005342,ORD04313,PROD098,1,309.88,309.88
ITEM005343,ORD02250,PROD131,3,58.87,176.61
ITEM005344,ORD01159,PROD149,6,789.45,4736.7
ITEM005345,ORD999999,PROD082,6,242.1,1452.6
ITEM005346,ORD02473,PROD041,2,555.15,1110.3
ITEM005347,ORD04112,PROD090,2,250.3,500.6
ITEM005348,ORD01010,PROD120,6,267.48,1604.88
ITEM005349,ORD03052,PROD049,6,544.85,3269.1
ITEM005350,ORD04431,PROD078,4,356.91,1427.64
ITEM005351,ORD04960,PROD035,3,131.65,394.95
ITEM005352,ORD04189,PROD048,4,536.58,2146.32
ITEM005353,ORD04197,PROD041,2,702.78,1405.56
ITEM005354,ORD02718,PROD145,5,86.98,434.9
ITEM005355,ORD02616,PROD133,5,793.96,3969.8
ITEM005356,ORD02322,PROD110,6,387.07,2322.42
ITEM005357,ORD00435,PROD002,1,518.11,518.11
ITEM005358,ORD03575,PROD128,2,503.15,1006.3
ITEM005359,ORD04032,PROD036,5,777.12,3885.6
ITEM005360,ORD02552,PROD060,6,223.44,1340.64
ITEM005361,ORD04521,PROD006,6,467.01,2802.06
ITEM005362,ORD04055,PROD125,2,754.14,1508.28
ITEM005363,ORD02385,PROD062,3,180.67,542.01
ITEM005364,ORD02876,PROD110,2,754.34,1508.68
ITEM005365,ORD02795,PROD058,3,585.98,1757.94
ITEM005366,ORD01267,PROD131,1,623.6,623.6
ITEM005367,ORD03284,PROD100,4,695.53,2782.12
ITEM005368,ORD01021,PROD052,1,525.37,525.37
ITEM005369,ORD04697,PROD116,5,394.1,1970.5
ITEM005370,ORD04594,PROD009,1,177.62,177.62
ITEM005371,ORD00778,PROD036,4,615.4,2461.6
ITEM005372,ORD02656,PROD088,4,513.94,2055.76
ITEM005373,ORD01069,PROD013,2,668.23,1336.46
ITEM005374,ORD00496,PROD054,4,518.53,2074.12
ITEM005375,ORD04736,PROD117,6,797.41,4784.46
ITEM005376,ORD00360,PROD010,2,127.06,254.12
ITEM005377,ORD01934,PROD045,1,505.82,505.82
ITEM005378,ORD03927,PROD119,1,640.94,640.94
ITEM005379,ORD04720,PROD071,4,501.26,2005.04
ITEM005380,ORD00452,PROD051,5,155.26,776.3
ITEM005381,ORD00841,PROD135,5,649.13,3245.65
ITEM005382,ORD04212,PROD148,1,528.44,528.44
ITEM005383,ORD02827,PROD114,5,556.17,2780.85
ITEM005384,ORD03394,PROD118,1,341.24,341.24
ITEM005385,ORD00316,PROD032,1,67.34,67.34
ITEM005386,ORD02849,PROD127,5,242.27,1211.35
ITEM005387,ORD00519,PROD9999,6,577.25,3463.5
ITEM005388,ORD01668,PROD140,4,774.19,3096.76
ITEM005389,ORD04982,PROD028,3,797.79,2393.37
ITEM005390,ORD04241,PROD112,5,273.05,1365.25
ITEM005391,ORD04722,PROD116,2,613.63,1227.26
ITEM005392,ORD03165,PROD019,6,400.96,2405.76
ITEM005393,ORD03905,PROD041,1,204.58,204.58
ITEM005394,ORD01018,PROD076,4,252.6,1010.4
ITEM005395,ORD01636,PROD104,5,238.46,1192.3
ITEM005396,ORD02030,PROD070,4,497.4,1989.6
ITEM005397,ORD04374,PROD090,1,701.25,701.25
ITEM005398,ORD03843,PROD085,2,646.97,1293.94
ITEM005399,ORD04978,PROD072,2,795.09,1590.18
ITEM005400,ORD01150,PROD027,6,294.47,1766.82
ITEM005401,ORD04949,PROD074,3,114.33,342.99
ITEM005402,ORD04242,PROD020,2,620.41,1240.82
ITEM005403,ORD04905,PROD022,6,423.14,2538.84
ITEM005404,ORD00977,PROD084,5,548.8,2744.0
ITEM005405,ORD04321,PROD075,2,765.75,1531.5
ITEM005406,ORD03355,PROD076,1,346.39,346.39
ITEM005407,ORD04861,PROD027,2,580.44,1160.88
ITEM005408,ORD04087,PROD136,5,411.26,2056.3
ITEM005409,ORD01451,PROD051,4,143.8,575.2
ITEM005410,ORD01735,PROD120,3,145.02,435.06
ITEM005411,ORD03404,PROD120,1,61.9,61.9
ITEM005412,ORD04620,PROD114,2,202.22,404.44
ITEM005413,ORD00615,PROD003,5,300.46,1502.3
ITEM005414,ORD03066,PROD090,2,83.56,167.12
ITEM005415,ORD03729,PROD034,1,435.32,435.32
ITEM005416,ORD02393,PROD125,5,249.14,1245.7
ITEM005417,ORD03863,PROD056,3,224.58,673.74
ITEM005418,ORD02131,PROD043,6,473.13,2838.78
ITEM005419,ORD01852,PROD013,1,148.7,148.7
ITEM005420,ORD00490,PROD024,1,771.11,771.11
ITEM005421,ORD01763,PROD021,2,491.92,983.84
ITEM005422,ORD02079,PROD087,2,414.17,828.34
ITEM005423,ORD04944,PROD098,6,187.59,1125.54
ITEM005424,ORD01443,PROD112,4,214.22,856.88
ITEM005425,ORD00727,PROD110,4,412.97,1651.88
ITEM005426,ORD03999,PROD142,5,237.88,1189.4
ITEM005427,ORD04604,PROD110,6,580.92,3485.52
ITEM005428,ORD02918,PROD140,2,382.86,765.72
ITEM005429,ORD04501,PROD026,4,348.19,1392.76
ITEM005430,ORD03900,PROD025,1,436.33,436.33
ITEM005431,ORD01334,PROD111,5,755.37,3776.85
ITEM005432,ORD02851,PROD069,4,161.4,645.6
ITEM005433,ORD02818,PROD037,6,303.16,1818.96
ITEM005434,ORD04103,PROD131,2,719.23,1438.46
ITEM005435,ORD00488,PROD055,5,136.04,680.2
ITEM005436,ORD02049,PROD013,5,451.39,2256.95
ITEM005437,ORD00884,PROD040,6,794.67,4768.02
ITEM005438,ORD04529,PROD9999,4,230.3,921.2
ITEM005439,ORD01940,PROD088,5,727.98,3639.9
ITEM005440,ORD02859,PROD001,1,763.64,763.64
ITEM005441,ORD03865,PROD091,2,787.84,1575.68
ITEM005442,ORD04333,PROD120,3,592.43,1777.29
ITEM005443,ORD01740,PROD111,3,140.49,421.47
ITEM005444,ORD02307,PROD030,5,717.13,3585.65
ITEM005445,ORD01354,PROD013,2,596.05,1192.1
ITEM005446,ORD03645,PROD063,0,344.37,1377.48
ITEM005447,ORD02742,PROD051,2,600.39,1200.78
ITEM005448,ORD02910,PROD090,3,185.63,556.89
ITEM005449,ORD01062,PROD129,1,637.57,637.57
ITEM005450,ORD02044,PROD136,2,456.83,913.66
ITEM005451,ORD03977,PROD108,4,512.63,2050.52
ITEM005452,ORD01307,PROD091,5,439.57,2197.85
ITEM005453,ORD00013,PROD002,1,260.04,260.04
ITEM005454,ORD02943,PROD078,1,533.1,533.1
ITEM005455,ORD01301,PROD055,6,201.09,1206.54
ITEM005456,ORD04752,PROD082,1,472.58,472.58
ITEM005457,ORD00443,PROD090,1,312.86,312.86
ITEM005458,ORD00772,PROD124,3,50.92,152.76
ITEM005459,ORD03480,PROD120,4,249.54,998.16
ITEM005460,ORD02596,PROD126,4,419.72,1678.88
ITEM005461,ORD01126,PROD117,5,626.91,3134.55
ITEM005462,ORD01928,PROD089,5,441.59,2207.95
ITEM005463,ORD00788,PROD034,4,50.59,202.36
ITEM005464,ORD01843,PROD102,1,160.06,160.06
ITEM005465,ORD01122,PROD119,5,164.44,822.2
ITEM005466,ORD04281,PROD043,5,434.59,2172.95
ITEM005467,ORD04201,PROD117,3,619.09,1857.27
ITEM005468,ORD02374,PROD9999,2,448.78,897.56
ITEM005469,ORD04223,PROD090,6,593.03,3558.18
ITEM005470,ORD04446,PROD044,4,607.97,2431.88
ITEM005471,ORD02967,PROD095,5,669.78,3348.9
ITEM005472,ORD01873,PROD055,2,118.28,236.56
ITEM005473,ORD03944,PROD019,4,701.89,2807.56
ITEM005474,ORD04658,PROD022,6,719.66,4317.96
ITEM005475,ORD00865,PROD011,4,524.56,2098.24
ITEM005476,ORD04143,PROD110,4,132.46,529.84
ITEM005477,ORD00377,PROD128,3,751.02,2253.06
ITEM005478,ORD01256,PROD033,1,674.37,674.37
ITEM005479,ORD03583,PROD060,5,329.04,1645.2
ITEM005480,ORD02357,PROD040,5,571.72,2858.6
ITEM005481,ORD02218,PROD100,4,236.15,944.6
ITEM005482,ORD01801,PROD043,5,163.67,818.35
ITEM005483,ORD04062,PROD111,6,271.27,1627.62
ITEM005484,ORD01945,PROD067,4,462.93,1851.72
ITEM005485,ORD02801,PROD082,5,423.91,2119.55
ITEM005486,ORD04149,PROD097,1,495.93,495.93
ITEM005487,ORD02900,PROD007,4,328.08,1312.32
ITEM005488,ORD04386,PROD045,2,196.37,392.74
ITEM005489,ORD00372,PROD019,4,478.32,1913.28
ITEM005490,ORD02242,PROD095,4,549.88,2199.52
ITEM005491,ORD01481,PROD141,1,165.49,165.49
ITEM005492,ORD04521,PROD074,4,194.84,779.36
ITEM005493,ORD02288,PROD117,3,391.19,1173.57
ITEM005494,ORD01670,PROD103,6,741.75,4450.5
ITEM005495,ORD02051,PROD067,6,536.39,3218.34
ITEM005496,ORD02491,PROD024,4,703.81,2815.24
ITEM005497,ORD03785,PROD092,5,222.72,1113.6
ITEM005498,ORD04153,PROD029,5,153.01,765.05
ITEM005499,ORD00873,PROD032,3,438.85,1316.55
ITEM005500,ORD00858,PROD113,5,489.21,2446.05
ITEM005501,ORD02301,PROD010,6,689.79,4138.74
ITEM005502,ORD02543,PROD034,6,155.86,935.16
ITEM005503,ORD01681,PROD149,5,112.5,562.5
ITEM005504,ORD01487,PROD052,6,618.1,3708.6
ITEM005505,ORD04881,PROD016,6,716.56,4299.36
ITEM005506,ORD01839,PROD128,6,399.84,2399.04
ITEM005507,ORD00412,PROD054,4,118.37,473.48
ITEM005508,ORD04880,PROD079,6,404.65,2427.9
ITEM005509,ORD04833,PROD9999,2,250.63,501.26
ITEM005510,ORD03595,PROD084,1,91.19,91.19
ITEM005511,ORD04572,PROD093,3,238.54,715.62
ITEM005512,ORD01753,PROD018,4,477.63,1910.52
ITEM005513,ORD00108,PROD133,6,338.68,2032.08
ITEM005514,ORD03846,PROD020,4,61.14,244.56
ITEM005515,ORD01465,PROD036,1,680.72,680.72
ITEM005516,ORD02942,PROD074,4,482.64,1930.56
ITEM005517,ORD02166,PROD079,5,208.35,1041.75
ITEM005518,ORD03705,PROD127,2,211.96,423.92
ITEM005519,ORD01144,PROD106,5,261.7,1308.5
ITEM005520,ORD02966,PROD056,4,150.67,602.68
ITEM005521,ORD04153,PROD140,5,165.92,829.6
ITEM005522,ORD03538,PROD051,4,579.59,2318.36
ITEM005523,ORD04321,PROD040,6,778.25,4669.5
ITEM005524,ORD03933,PROD095,5,527.81,2639.05
ITEM005525,ORD02866,PROD130,1,708.01,708.01
ITEM005526,ORD04833,PROD126,4,521.53,2086.12
ITEM005527,ORD04454,PROD068,5,456.79,2283.95
ITEM005528,ORD04825,PROD029,4,694.17,2776.68
ITEM005529,ORD01840,PROD049,4,731.55,2926.2
ITEM005530,ORD03212,PROD095,2,401.87,803.74
ITEM005531,ORD01263,PROD023,5,679.89,3399.45
ITEM005532,ORD01392,PROD150,3,606.73,1820.19
ITEM005533,ORD02104,PROD050,1,490.39,490.39
ITEM005534,ORD04932,PROD043,5,616.24,3081.2
ITEM005535,ORD01319,PROD117,3,635.62,1906.86
ITEM005536,ORD04164,PROD102,4,211.74,846.96
ITEM005537,ORD00878,PROD147,4,100.3,401.2
ITEM005538,ORD00253,PROD004,2,499.49,998.98
ITEM005539,ORD01092,PROD004,5,637.28,3186.4
ITEM005540,ORD02820,PROD125,3,71.48,214.44
ITEM005541,ORD03307,PROD035,6,144.07,864.42
ITEM005542,ORD00640,PROD053,5,522.71,2613.55
ITEM005543,ORD02792,PROD128,4,110.27,441.08
ITEM005544,ORD00901,PROD117,4,335.29,1341.16
ITEM005545,ORD01727,PROD029,1,507.98,507.98
ITEM005546,ORD04457,PROD117,6,193.54,1161.24
ITEM005547,ORD03357,PROD025,2,84.3,168.6
ITEM005548,ORD02143,PROD071,2,668.71,1337.42
ITEM005549,ORD01866,PROD062,5,51.7,258.5
ITEM005550,ORD999999,PROD054,4,570.63,2282.52
ITEM005551,ORD00938,PROD015,4,128.64,514.56
ITEM005552,ORD02127,PROD112,5,579.26,2896.3
ITEM005553,ORD00025,PROD041,2,713.56,1427.12
ITEM005554,ORD00976,PROD043,3,583.11,1749.33
ITEM005555,ORD00063,PROD144,5,187.77,938.85
ITEM005556,ORD00926,PROD098,2,168.71,337.42
ITEM005557,ORD04814,PROD072,2,467.95,935.9
ITEM005558,ORD00359,PROD132,3,645.51,1936.53
ITEM005559,ORD04688,PROD107,3,476.98,1430.94
ITEM005560,ORD03670,PROD131,5,651.25,3256.25
ITEM005561,ORD04455,PROD036,5,139.08,695.4
ITEM005562,ORD03721,PROD039,4,134.12,536.48
ITEM005563,ORD00204,PROD129,6,114.06,684.36
ITEM005564,ORD04420,PROD004,3,527.76,1583.28
ITEM005565,ORD01952,PROD047,6,526.31,3157.86
ITEM005566,ORD00754,PROD100,2,250.85,501.7
ITEM005567,ORD00781,PROD130,1,583.76,583.76
ITEM005568,ORD03221,PROD053,1,340.86,340.86
ITEM005569,ORD02755,PROD128,3,123.26,369.78
ITEM005570,ORD01086,PROD022,3,512.51,1537.53
ITEM005571,ORD03386,PROD036,2,325.26,650.52
ITEM005572,ORD01053,PROD054,4,583.09,2332.36
ITEM005573,ORD02893,PROD093,3,725.49,2176.47
ITEM005574,ORD01365,PROD034,3,522.5,1567.5
ITEM005575,ORD03180,PROD080,2,156.1,312.2
ITEM005576,ORD04625,PROD126,4,632.78,2531.12
ITEM005577,ORD00981,PROD062,6,413.7,2482.2
ITEM005578,ORD04631,PROD043,5,656.02,3280.1
ITEM005579,ORD01491,PROD112,5,73.54,367.7
ITEM005580,ORD02024,PROD083,3,630.84,1892.52
ITEM005581,ORD03516,PROD109,6,682.85,4097.1
ITEM005582,ORD03956,PROD062,6,671.9,4031.4
ITEM005583,ORD03850,PROD031,2,666.31,1332.62
ITEM005584,ORD01367,PROD082,4,739.94,2959.76
ITEM005585,ORD04575,PROD018,6,334.7,2008.2
ITEM005586,ORD03215,PROD040,1,629.1,629.1
ITEM005587,ORD02994,PROD053,4,129.3,517.2
ITEM005588,ORD02294,PROD009,4,133.75,535.0
ITEM005589,ORD04066,PROD023,1,123.64,123.64
ITEM005590,ORD04332,PROD138,2,765.26,1530.52
ITEM005591,ORD01379,PROD101,3,545.3,1635.9
ITEM005592,ORD02978,PROD064,6,611.77,3670.62
ITEM005593,ORD01950,PROD011,2,770.23,1540.46
ITEM005594,ORD04515,PROD139,3,615.75,1847.25
ITEM005595,ORD03300,PROD133,6,439.27,2635.62
ITEM005596,ORD00947,PROD071,2,64.47,128.94
ITEM005597,ORD04283,PROD057,2,293.48,586.96
ITEM005598,ORD02844,PROD027,4,711.92,2847.68
ITEM005599,ORD00665,PROD086,4,416.06,1664.24
ITEM005600,ORD01092,PROD020,2,245.25,490.5
ITEM005601,ORD00934,PROD091,3,276.52,829.56
ITEM005602,ORD04801,PROD137,5,70.36,351.8
ITEM005603,ORD02570,PROD065,5,496.41,2482.05
ITEM005604,ORD04012,PROD106,5,500.39,2501.95
ITEM005605,ORD00993,PROD048,1,299.78,299.78
ITEM005606,ORD04025,PROD136,3,436.46,1309.38
ITEM005607,ORD03780,PROD074,2,755.47,1510.94
ITEM005608,ORD01683,PROD029,3,592.68,1778.04
ITEM005609,ORD999999,PROD021,2,323.48,646.96
ITEM005610,ORD01392,PROD085,4,394.57,1578.28
ITEM005611,ORD01729,PROD009,4,338.36,1353.44
ITEM005612,ORD03858,PROD9999,6,676.03,4056.18
ITEM005613,ORD02571,PROD103,3,95.08,285.24
ITEM005614,ORD02608,PROD071,6,285.68,1714.08
ITEM005615,ORD02224,PROD9999,3,483.53,1450.59
ITEM005616,ORD00367,PROD051,4,474.53,1898.12
ITEM005617,ORD04581,PROD017,6,619.86,3719.16
ITEM005618,ORD01647,PROD094,4,682.08,2728.32
ITEM005619,ORD04260,PROD007,1,550.48,550.48
ITEM005620,ORD00287,PROD056,2,711.21,1422.42
ITEM005621,ORD04894,PROD051,4,71.57,286.28
ITEM005622,ORD01062,PROD090,6,667.3,4003.8
ITEM005623,ORD00696,PROD077,5,256.16,1280.8
ITEM005624,ORD01934,PROD020,3,221.64,664.92
ITEM005625,ORD00092,PROD009,3,180.3,540.9
ITEM005626,ORD02646,PROD145,6,622.76,3736.56
ITEM005627,ORD02916,PROD080,6,687.02,4122.12
ITEM005628,ORD03301,PROD041,2,654.7,1309.4
ITEM005629,ORD02370,PROD116,4,434.33,1737.32
ITEM005630,ORD01842,PROD033,4,326.1,1304.4
ITEM005631,ORD00641,PROD054,3,611.5,1834.5
ITEM005632,ORD03817,PROD039,4,285.92,1143.68
ITEM005633,ORD02536,PROD046,1,101.74,101.74
ITEM005634,ORD00924,PROD066,2,235.31,470.62
ITEM005635,ORD04561,PROD116,2,683.59,1367.18
ITEM005636,ORD00494,PROD060,6,277.33,1663.98
ITEM005637,ORD01015,PROD001,2,235.85,471.7
ITEM005638,ORD04848,PROD109,2,376.64,753.28
ITEM005639,ORD03614,PROD010,1,126.34,126.34
ITEM005640,ORD01659,PROD136,2,148.91,297.82
ITEM005641,ORD02531,PROD9999,5,791.25,3956.25
ITEM005642,ORD02196,PROD057,3,763.08,2289.24
ITEM005643,ORD00587,PROD005,2,758.98,1517.96
ITEM005644,ORD01493,PROD064,5,102.73,513.65
ITEM005645,ORD999999,PROD107,6,477.51,2865.06
ITEM005646,ORD02689,PROD102,6,544.33,3265.98
ITEM005647,ORD02645,PROD043,1,678.06,678.06
ITEM005648,ORD04481,PROD081,5,304.48,1522.4
ITEM005649,ORD01934,PROD124,1,434.45,434.45
ITEM005650,ORD00286,PROD007,5,577.19,2885.95
ITEM005651,ORD04788,PROD084,2,720.57,1441.14
ITEM005652,ORD00719,PROD139,0,671.61,4029.66
ITEM005653,ORD01270,PROD069,2,255.6,511.2
ITEM005654,ORD01035,PROD056,3,591.12,1773.36
ITEM005655,ORD02390,PROD060,5,562.74,2813.7
ITEM005656,ORD04498,PROD044,3,513.03,1539.09
ITEM005657,ORD03991,PROD116,4,197.4,789.6
ITEM005658,ORD02976,PROD098,1,553.9,553.9
ITEM005659,ORD03169,PROD079,2,583.45,1166.9
ITEM005660,ORD03842,PROD097,2,307.17,614.34
ITEM005661,ORD01083,PROD128,5,171.86,859.3
ITEM005662,ORD00747,PROD077,3,757.35,2272.05
ITEM005663,ORD03637,PROD040,1,758.66,758.66
ITEM005664,ORD04903,PROD106,6,533.24,3199.44
ITEM005665,ORD00049,PROD010,4,595.25,2381.0
ITEM005666,ORD04291,PROD136,3,457.49,1372.47
ITEM005667,ORD03768,PROD053,3,348.65,1045.95
ITEM005668,ORD00765,PROD080,2,246.76,493.52
ITEM005669,ORD00473,PROD126,2,430.05,860.1
ITEM005670,ORD00752,PROD039,5,119.07,595.35
ITEM005671,ORD00263,PROD060,6,434.1,2604.6
ITEM005672,ORD01166,PROD9999,2,304.99,609.98
ITEM005673,ORD02028,PROD009,3,691.76,2075.28
ITEM005674,ORD01461,PROD116,4,182.2,728.8
ITEM005675,ORD03953,PROD036,4,376.28,1505.12
ITEM005676,ORD00913,PROD043,5,223.77,1118.85
ITEM005677,ORD00981,PROD137,6,578.43,3470.58
ITEM005678,ORD04180,PROD003,3,446.51,1339.53
ITEM005679,ORD04317,PROD142,4,163.37,653.48
ITEM005680,ORD00861,PROD111,5,744.2,3721.0
ITEM005681,ORD03273,PROD115,6,422.2,2533.2
ITEM005682,ORD00971,PROD076,6,643.51,3861.06
ITEM005683,ORD02124,PROD065,5,386.01,1930.05
ITEM005684,ORD00959,PROD021,1,184.18,184.18
ITEM005685,ORD02013,PROD004,5,655.9,3279.5
ITEM005686,ORD02940,PROD003,3,318.94,956.82
ITEM005687,ORD00820,PROD054,6,415.22,2491.32
ITEM005688,ORD02376,PROD126,4,334.72,1338.88
ITEM005689,ORD00502,PROD137,4,333.33,1333.32
ITEM005690,ORD00496,PROD127,2,135.0,270.0
ITEM005691,ORD02197,PROD042,1,69.51,69.51
ITEM005692,ORD00308,PROD024,4,404.95,1619.8
ITEM005693,ORD03119,PROD058,3,198.94,596.82
ITEM005694,ORD02424,PROD9999,5,305.88,1529.4
ITEM005695,ORD01708,PROD134,6,117.08,702.48
ITEM005696,ORD01146,PROD065,4,187.95,751.8
ITEM005697,ORD00335,PROD124,4,93.44,373.76
ITEM005698,ORD04466,PROD062,6,370.17,2221.02
ITEM005699,ORD04757,PROD116,5,124.89,624.45
ITEM005700,ORD01480,PROD034,1,471.07,471.07
ITEM005701,ORD01326,PROD094,1,403.83,403.83
ITEM005702,ORD03029,PROD147,2,317.83,635.66
ITEM005703,ORD02733,PROD026,1,710.09,710.09
ITEM005704,ORD03376,PROD126,4,287.17,1148.68
ITEM005705,ORD00678,PROD092,2,584.84,1169.68
ITEM005706,ORD03467,PROD051,2,135.81,271.62
ITEM005707,ORD04949,PROD148,6,156.55,939.3
ITEM005708,ORD04059,PROD136,2,500.42,1000.84
ITEM005709,ORD03537,PROD025,4,71.74,286.96
ITEM005710,ORD00747,PROD065,3,567.82,1703.46
ITEM005711,ORD01616,PROD016,6,367.43,2204.58
ITEM005712,ORD04389,PROD018,5,253.93,1269.65
ITEM005713,ORD02046,PROD146,1,269.11,269.11
ITEM005714,ORD01449,PROD050,4,775.65,3102.6
ITEM005715,ORD03484,PROD052,1,790.81,790.81
ITEM005716,ORD01951,PROD098,5,748.73,3743.65
ITEM005717,ORD03162,PROD054,6,438.41,2630.46
ITEM005718,ORD03558,PROD017,1,416.97,416.97
ITEM005719,ORD01863,PROD114,4,395.74,1582.96
ITEM005720,ORD04869,PROD106,3,262.52,787.56
ITEM005721,ORD02568,PROD096,4,63.36,253.44
ITEM005722,ORD01839,PROD102,2,185.69,371.38
ITEM005723,ORD00594,PROD027,6,90.85,545.1
ITEM005724,ORD04042,PROD083,2,379.46,758.92
ITEM005725,ORD01953,PROD047,1,373.8,373.8
ITEM005726,ORD01649,PROD034,4,446.67,1786.68
ITEM005727,ORD04003,PROD021,3,475.81,1427.43
ITEM005728,ORD04515,PROD122,5,566.83,2834.15
ITEM005729,ORD03947,PROD051,5,98.49,492.45
ITEM005730,ORD03013,PROD126,4,745.73,2982.92
ITEM005731,ORD02239,PROD033,3,356.38,1069.14
ITEM005732,ORD04922,PROD137,1,375.6,375.6
ITEM005733,ORD999999,PROD141,5,93.1,465.5
ITEM005734,ORD01794,PROD048,5,413.13,2065.65
ITEM005735,ORD01611,PROD016,4,666.87,2667.48
ITEM005736,ORD00711,PROD123,6,684.78,4108.68
ITEM005737,ORD01088,PROD022,6,236.51,1419.06
ITEM005738,ORD04056,PROD043,3,186.13,558.39
ITEM005739,ORD04402,PROD048,2,731.11,1462.22
ITEM005740,ORD00473,PROD013,4,761.11,3044.44
ITEM005741,ORD02187,PROD145,6,709.67,4258.02
ITEM005742,ORD03093,PROD143,5,379.12,1895.6
ITEM005743,ORD01933,PROD132,4,360.9,1443.6
ITEM005744,ORD04229,PROD099,6,129.44,776.64
ITEM005745,ORD03110,PROD035,2,114.95,229.9
ITEM005746,ORD00646,PROD148,3,146.91,440.73
ITEM005747,ORD01647,PROD113,4,628.33,2513.32
ITEM005748,ORD02330,PROD086,3,768.42,2305.26
ITEM005749,ORD02687,PROD067,2,401.32,802.64
ITEM005750,ORD01021,PROD144,3,538.23,1614.69
ITEM005751,ORD03825,PROD011,1,97.72,97.72
ITEM005752,ORD02930,PROD133,6,77.04,462.24
ITEM005753,ORD03477,PROD089,4,263.43,1053.72
ITEM005754,ORD01735,PROD042,6,185.18,1111.08
ITEM005755,ORD03206,PROD030,6,447.55,2685.3
ITEM005756,ORD00997,PROD059,1,514.97,514.97
ITEM005757,ORD01424,PROD103,5,107.21,536.05
ITEM005758,ORD01062,PROD118,1,552.17,552.17
ITEM005759,ORD04452,PROD040,3,519.89,1559.67
ITEM005760,ORD01130,PROD062,2,242.79,485.58
ITEM005761,ORD02179,PROD026,2,643.12,1286.24
ITEM005762,ORD00588,PROD021,2,787.05,1574.1
ITEM005763,ORD01227,PROD018,4,240.96,963.84
ITEM005764,ORD03392,PROD082,3,469.71,1409.13
ITEM005765,ORD00875,PROD9999,2,97.54,195.08
ITEM005766,ORD01807,PROD069,1,387.78,387.78
ITEM005767,ORD03520,PROD102,2,178.93,357.86
ITEM005768,ORD02166,PROD083,3,560.87,1682.61
ITEM005769,ORD04061,PROD115,6,569.93,3419.58
ITEM005770,ORD01303,PROD134,4,369.95,1479.8
ITEM005771,ORD03741,PROD067,6,166.67,1000.02
ITEM005772,ORD03633,PROD054,6,765.33,4591.98
ITEM005773,ORD03477,PROD120,3,214.66,643.98
ITEM005774,ORD00977,PROD037,4,220.94,883.76
ITEM005775,ORD00495,PROD016,2,270.03,540.06
ITEM005776,ORD00046,PROD121,6,412.77,2476.62
ITEM005777,ORD03948,PROD067,3,687.73,2063.19
ITEM005778,ORD02234,PROD036,2,650.62,1301.24
ITEM005779,ORD04621,PROD137,3,777.46,2332.38
ITEM005780,ORD02315,PROD115,1,760.24,760.24
ITEM005781,ORD03168,PROD109,1,560.52,560.52
ITEM005782,ORD03729,PROD033,5,336.45,1682.25
ITEM005783,ORD02637,PROD057,6,515.42,3092.52
ITEM005784,ORD999999,PROD017,4,664.81,2659.24
ITEM005785,ORD00061,PROD068,5,157.22,786.1
ITEM005786,ORD03571,PROD112,6,365.15,2190.9
ITEM005787,ORD03318,PROD097,3,337.33,1011.99
ITEM005788,ORD03484,PROD133,1,53.34,53.34
ITEM005789,ORD03863,PROD118,5,85.73,428.65
ITEM005790,ORD02884,PROD029,2,555.03,1110.06
ITEM005791,ORD04005,PROD086,2,483.23,966.46
ITEM005792,ORD01781,PROD130,6,572.86,3437.16
ITEM005793,ORD00934,PROD092,3,253.82,761.46
ITEM005794,ORD00645,PROD048,3,758.46,2275.38
ITEM005795,ORD00460,PROD132,1,790.21,790.21
ITEM005796,ORD03284,PROD123,6,161.94,971.64
ITEM005797,ORD03738,PROD111,1,322.97,322.97
ITEM005798,ORD999999,PROD055,3,471.63,1414.89
ITEM005799,ORD02683,PROD129,1,89.25,89.25
ITEM005800,ORD03547,PROD135,1,635.89,635.89
ITEM005801,ORD03312,PROD020,4,342.47,1369.88
ITEM005802,ORD03708,PROD082,1,118.5,118.5
ITEM005803,ORD00092,PROD086,5,620.73,3103.65
ITEM005804,ORD999999,PROD077,6,258.22,1549.32
ITEM005805,ORD01284,PROD137,2,164.02,328.04
ITEM005806,ORD02856,PROD084,6,139.61,837.66
ITEM005807,ORD01302,PROD093,3,468.68,1406.04
ITEM005808,ORD04282,PROD024,1,516.84,516.84
ITEM005809,ORD04987,PROD008,2,137.93,275.86
ITEM005810,ORD03247,PROD018,6,712.62,4275.72
ITEM005811,ORD04450,PROD079,6,517.95,3107.7
ITEM005812,ORD04017,PROD026,2,485.75,971.5
ITEM005813,ORD02300,PROD005,5,673.33,3366.65
ITEM005814,ORD04334,PROD080,3,225.44,676.32
ITEM005815,ORD04975,PROD009,4,180.5,722.0
ITEM005816,ORD00681,PROD058,5,85.22,426.1
ITEM005817,ORD02304,PROD014,4,224.03,896.12
ITEM005818,ORD03232,PROD006,1,590.63,590.63
ITEM005819,ORD03136,PROD020,3,471.17,1413.51
ITEM005820,ORD04254,PROD120,3,343.39,1030.17
ITEM005821,ORD04713,PROD040,6,566.75,3400.5
ITEM005822,ORD00859,PROD049,4,105.99,423.96
ITEM005823,ORD01839,PROD065,1,768.75,768.75
ITEM005824,ORD03426,PROD123,6,777.47,4664.82
ITEM005825,ORD02207,PROD145,4,665.43,2661.72
ITEM005826,ORD03036,PROD054,3,645.23,1935.69
ITEM005827,ORD01374,PROD118,3,704.56,2113.68
ITEM005828,ORD03242,PROD012,5,614.3,3071.5
ITEM005829,ORD02908,PROD147,2,527.55,1055.1
ITEM005830,ORD04720,PROD018,4,799.39,3197.56
ITEM005831,ORD04822,PROD123,2,464.91,929.82
ITEM005832,ORD03886,PROD002,1,543.28,543.28
ITEM005833,ORD04408,PROD122,1,623.04,623.04
ITEM005834,ORD04533,PROD029,2,117.28,234.56
ITEM005835,ORD04178,PROD014,0,666.23,1332.46
ITEM005836,ORD03298,PROD006,2,445.43,890.86
ITEM005837,ORD03351,PROD125,5,357.91,1789.55
ITEM005838,ORD04285,PROD9999,2,515.72,1031.44
ITEM005839,ORD04368,PROD022,6,783.66,4701.96
ITEM005840,ORD03849,PROD002,3,274.8,824.4
ITEM005841,ORD01716,PROD127,4,186.52,746.08
ITEM005842,ORD04198,PROD048,5,763.49,3817.45
ITEM005843,ORD04642,PROD149,5,727.68,3638.4
ITEM005844,ORD04188,PROD148,3,219.15,657.45
ITEM005845,ORD03196,PROD007,3,717.67,2153.01
ITEM005846,ORD00589,PROD093,5,711.74,3558.7
ITEM005847,ORD02544,PROD132,4,80.55,322.2
ITEM005848,ORD02452,PROD019,5,434.71,2173.55
ITEM005849,ORD02868,PROD126,4,432.42,1729.68
ITEM005850,ORD03029,PROD006,6,615.26,3691.56
ITEM005851,ORD00832,PROD075,5,598.68,2993.4
ITEM005852,ORD01754,PROD012,2,368.24,736.48
ITEM005853,ORD03922,PROD010,3,785.04,2355.12
ITEM005854,ORD999999,PROD115,6,381.45,2288.7
ITEM005855,ORD04360,PROD028,2,80.19,160.38
ITEM005856,ORD02211,PROD003,2,123.44,246.88
ITEM005857,ORD03194,PROD020,6,651.34,3908.04
ITEM005858,ORD04354,PROD103,3,113.42,340.26
ITEM005859,ORD01739,PROD071,2,527.96,1055.92
ITEM005860,ORD02513,PROD109,3,298.06,894.18
ITEM005861,ORD02951,PROD077,4,593.34,2373.36
ITEM005862,ORD02146,PROD119,2,300.08,600.16
ITEM005863,ORD01477,PROD095,2,225.83,451.66
ITEM005864,ORD00840,PROD090,1,168.39,168.39
ITEM005865,ORD04351,PROD139,6,505.24,3031.44
ITEM005866,ORD03157,PROD068,0,683.41,683.41
ITEM005867,ORD02200,PROD098,6,523.7,3142.2
ITEM005868,ORD00205,PROD061,2,529.57,1059.14
ITEM005869,ORD02736,PROD9999,2,627.1,1254.2
ITEM005870,ORD04183,PROD023,6,123.8,742.8
ITEM005871,ORD02745,PROD089,4,427.83,1711.32
ITEM005872,ORD02844,PROD117,3,409.33,1227.99
ITEM005873,ORD03744,PROD082,4,339.38,1357.52
ITEM005874,ORD01847,PROD069,4,394.47,1577.88
ITEM005875,ORD00676,PROD022,5,380.08,1900.4
ITEM005876,ORD03021,PROD076,3,200.09,600.27
ITEM005877,ORD02218,PROD128,1,209.38,209.38
ITEM005878,ORD01780,PROD106,5,163.16,815.8
ITEM005879,ORD01047,PROD044,6,545.46,3272.76
ITEM005880,ORD01901,PROD095,1,246.01,246.01
ITEM005881,ORD04632,PROD079,6,653.59,3921.54
ITEM005882,ORD04057,PROD084,1,123.2,123.2
ITEM005883,ORD00807,PROD086,5,317.7,1588.5
ITEM005884,ORD04502,PROD019,5,594.1,2970.5
ITEM005885,ORD02186,PROD115,5,294.73,1473.65
ITEM005886,ORD02082,PROD119,4,167.32,669.28
ITEM005887,ORD00178,PROD125,3,464.91,1394.73
ITEM005888,ORD02541,PROD043,1,425.2,425.2
ITEM005889,ORD04594,PROD060,5,575.48,2877.4
ITEM005890,ORD00890,PROD004,3,417.98,1253.94
ITEM005891,ORD03890,PROD134,3,608.53,1825.59
ITEM005892,ORD01468,PROD047,3,114.83,344.49
ITEM005893,ORD02322,PROD022,4,255.6,1022.4
ITEM005894,ORD01675,PROD111,3,107.95,323.85
ITEM005895,ORD02202,PROD088,1,441.88,441.88
ITEM005896,ORD02215,PROD122,2,711.47,1422.94
ITEM005897,ORD03120,PROD116,5,206.16,1030.8
ITEM005898,ORD01139,PROD118,3,564.39,1693.17
ITEM005899,ORD03111,PROD024,6,392.95,2357.7
ITEM005900,ORD03614,PROD018,3,651.66,1954.98
ITEM005901,ORD01461,PROD060,1,343.29,343.29
ITEM005902,ORD04678,PROD021,5,182.94,914.7
ITEM005903,ORD01385,PROD054,3,284.52,853.56
ITEM005904,ORD02729,PROD141,5,743.45,3717.25
ITEM005905,ORD01094,PROD068,3,651.72,1955.16
ITEM005906,ORD02551,PROD109,1,543.51,543.51
ITEM005907,ORD02194,PROD080,5,206.02,1030.1
ITEM005908,ORD00728,PROD031,6,271.34,1628.04
ITEM005909,ORD01062,PROD131,5,403.67,2018.35
ITEM005910,ORD03283,PROD109,1,103.85,103.85
ITEM005911,ORD00977,PROD061,5,343.04,1715.2
ITEM005912,ORD04238,PROD018,4,371.03,1484.12
ITEM005913,ORD01060,PROD072,1,777.87,777.87
ITEM005914,ORD03890,PROD131,6,562.57,3375.42
ITEM005915,ORD999999,PROD003,4,173.69,694.76
ITEM005916,ORD03432,PROD038,2,217.47,434.94
ITEM005917,ORD02019,PROD079,4,596.42,2385.68
ITEM005918,ORD04073,PROD050,4,481.72,1926.88
ITEM005919,ORD00164,PROD129,3,582.01,1746.03
ITEM005920,ORD04600,PROD095,6,506.67,3040.02
ITEM005921,ORD00844,PROD034,2,551.02,1102.04
ITEM005922,ORD02244,PROD043,5,475.7,2378.5
ITEM005923,ORD03448,PROD072,2,681.15,1362.3
ITEM005924,ORD02636,PROD085,6,601.72,3610.32
ITEM005925,ORD01806,PROD016,3,690.31,2070.93
ITEM005926,ORD00462,PROD112,6,603.17,3619.02
ITEM005927,ORD04343,PROD044,4,361.84,1447.36
ITEM005928,ORD01649,PROD092,2,530.43,1060.86
ITEM005929,ORD03379,PROD111,4,176.65,706.6
ITEM005930,ORD01574,PROD098,1,473.42,473.42
ITEM005931,ORD04029,PROD095,3,86.7,260.1
ITEM005932,ORD03899,PROD039,4,150.07,600.28
ITEM005933,ORD03986,PROD097,6,467.2,2803.2
ITEM005934,ORD04568,PROD145,0,458.15,916.3
ITEM005935,ORD00879,PROD102,6,457.89,2747.34
ITEM005936,ORD03242,PROD083,5,460.67,2303.35
ITEM005937,ORD03477,PROD122,1,741.75,741.75
ITEM005938,ORD00665,PROD102,2,109.75,219.5
ITEM005939,ORD03176,PROD9999,5,222.73,1113.65
ITEM005940,ORD04595,PROD032,4,62.06,248.24
ITEM005941,ORD00565,PROD003,4,700.83,2803.32
ITEM005942,ORD02328,PROD145,3,672.43,2017.29
ITEM005943,ORD03011,PROD046,4,571.53,2286.12
ITEM005944,ORD00559,PROD092,4,61.16,244.64
ITEM005945,ORD00423,PROD118,5,470.6,2353.0
ITEM005946,ORD03786,PROD054,5,464.35,2321.75
ITEM005947,ORD00251,PROD012,1,494.42,494.42
ITEM005948,ORD04613,PROD068,6,298.73,1792.38
ITEM005949,ORD00710,PROD134,3,688.43,2065.29
ITEM005950,ORD03300,PROD025,4,677.55,2710.2
ITEM005951,ORD01540,PROD022,6,204.34,1226.04
ITEM005952,ORD04751,PROD048,1,528.85,528.85
ITEM005953,ORD00432,PROD060,2,400.65,801.3
ITEM005954,ORD03066,PROD073,6,590.73,3544.38
ITEM005955,ORD02350,PROD017,4,774.43,3097.72
ITEM005956,ORD02916,PROD011,5,345.39,1726.95
ITEM005957,ORD04710,PROD035,1,384.38,384.38
ITEM005958,ORD04458,PROD145,3,396.3,1188.9
ITEM005959,ORD04596,PROD017,5,698.04,3490.2
ITEM005960,ORD03350,PROD101,1,178.4,178.4
ITEM005961,ORD04497,PROD110,1,749.55,749.55
ITEM005962,ORD999999,PROD128,3,677.94,2033.82
ITEM005963,ORD03552,PROD144,3,122.45,367.35
ITEM005964,ORD03426,PROD079,2,789.4,1578.8
ITEM005965,ORD00739,PROD082,5,120.6,603.0
ITEM005966,ORD999999,PROD048,4,614.42,2457.68
ITEM005967,ORD03652,PROD109,5,76.84,384.2
ITEM005968,ORD04671,PROD077,6,687.32,4123.92
ITEM005969,ORD02099,PROD055,3,58.76,176.28
ITEM005970,ORD00551,PROD135,3,391.21,1173.63
ITEM005971,ORD02136,PROD074,2,97.63,195.26
ITEM005972,ORD01528,PROD131,1,531.51,531.51
ITEM005973,ORD04542,PROD023,4,761.39,3045.56
ITEM005974,ORD00679,PROD117,6,538.3,3229.8
ITEM005975,ORD03081,PROD071,1,665.09,665.09
ITEM005976,ORD01098,PROD068,3,750.04,2250.12
ITEM005977,ORD03986,PROD018,1,431.79,431.79
ITEM005978,ORD04368,PROD002,3,726.53,2179.59
ITEM005979,ORD04722,PROD082,1,507.7,507.7
ITEM005980,ORD04424,PROD085,3,740.86,2222.58
ITEM005981,ORD04003,PROD112,5,506.51,2532.55
ITEM005982,ORD04674,PROD055,2,594.99,1189.98
ITEM005983,ORD04581,PROD084,1,64.24,64.24
ITEM005984,ORD04659,PROD100,5,655.04,3275.2
ITEM005985,ORD04807,PROD054,2,740.79,1481.58
ITEM005986,ORD04730,PROD110,3,493.48,1480.44
ITEM005987,ORD03449,PROD067,2,386.35,772.7
ITEM005988,ORD00605,PROD117,6,616.24,3697.44
ITEM005989,ORD00377,PROD136,4,155.2,620.8
ITEM005990,ORD03818,PROD043,5,754.94,3774.7
ITEM005991,ORD02207,PROD116,6,571.3,3427.8
ITEM005992,ORD03833,PROD062,2,297.51,595.02
ITEM005993,ORD02319,PROD008,5,151.54,757.7
ITEM005994,ORD01038,PROD059,5,606.29,3031.45
ITEM005995,ORD00011,PROD061,3,157.91,473.73
ITEM005996,ORD02336,PROD026,2,245.55,491.1
ITEM005997,ORD04420,PROD046,4,434.72,1738.88
ITEM005998,ORD02990,PROD004,3,566.37,1699.11
ITEM005999,ORD00080,PROD076,2,539.37,1078.74
ITEM006000,ORD02173,PROD041,2,79.62,159.24
ITEM006001,ORD02893,PROD064,6,235.07,1410.42
ITEM006002,ORD03067,PROD063,4,451.94,1807.76
ITEM006003,ORD01403,PROD145,3,638.83,1916.49
ITEM006004,ORD01553,PROD086,2,116.59,233.18
ITEM006005,ORD02736,PROD101,4,349.3,1397.2
ITEM006006,ORD02322,PROD020,1,727.48,727.48
ITEM006007,ORD00396,PROD070,5,435.33,2176.65
ITEM006008,ORD01345,PROD027,4,650.03,2600.12
ITEM006009,ORD02549,PROD090,6,85.81,514.86
ITEM006010,ORD01132,PROD101,6,756.76,4540.56
ITEM006011,ORD04375,PROD048,5,432.41,2162.05
ITEM006012,ORD02339,PROD139,2,687.49,1374.98
ITEM006013,ORD01513,PROD006,6,449.33,2695.98
ITEM006014,ORD03005,PROD035,3,429.6,1288.8
ITEM006015,ORD01414,PROD099,2,626.89,1253.78
ITEM006016,ORD00695,PROD047,1,235.5,235.5
ITEM006017,ORD00893,PROD052,4,246.12,984.48
ITEM006018,ORD03531,PROD046,6,536.51,3219.06
ITEM006019,ORD02202,PROD079,2,231.68,463.36
ITEM006020,ORD02188,PROD114,3,454.57,1363.71
ITEM006021,ORD00028,PROD125,6,633.81,3802.86
ITEM006022,ORD999999,PROD006,5,645.57,3227.85
ITEM006023,ORD02967,PROD087,6,756.86,4541.16
ITEM006024,ORD01790,PROD091,6,541.51,3249.06
ITEM006025,ORD01322,PROD147,4,206.73,826.92
ITEM006026,ORD04794,PROD103,3,649.8,1949.4
ITEM006027,ORD02992,PROD138,5,564.35,2821.75
ITEM006028,ORD01008,PROD036,5,108.02,540.1
ITEM006029,ORD01190,PROD070,1,710.15,710.15
ITEM006030,ORD01117,PROD065,6,367.51,2205.06
ITEM006031,ORD04654,PROD061,1,421.09,421.09
ITEM006032,ORD04348,PROD107,2,654.24,1308.48
ITEM006033,ORD04970,PROD147,1,215.7,215.7
ITEM006034,ORD04038,PROD029,4,686.49,2745.96
ITEM006035,ORD00273,PROD121,1,255.87,255.87
ITEM006036,ORD04295,PROD060,2,73.86,147.72
ITEM006037,ORD01879,PROD093,3,435.62,1306.86
ITEM006038,ORD00199,PROD022,2,434.69,869.38
ITEM006039,ORD03382,PROD077,1,238.87,238.87
ITEM006040,ORD03388,PROD006,5,577.18,2885.9
ITEM006041,ORD00054,PROD030,5,366.29,1831.45
ITEM006042,ORD04759,PROD104,4,740.11,2960.44
ITEM006043,ORD00454,PROD094,4,710.26,2841.04
ITEM006044,ORD02758,PROD023,6,88.5,531.0
ITEM006045,ORD04155,PROD081,5,320.19,1600.95
ITEM006046,ORD03970,PROD126,3,678.0,2034.0
ITEM006047,ORD00659,PROD002,2,194.52,389.04
ITEM006048,ORD02349,PROD146,2,413.9,827.8
ITEM006049,ORD03463,PROD027,4,648.35,2593.4
ITEM006050,ORD02904,PROD115,4,54.33,217.32
ITEM006051,ORD00945,PROD055,5,56.27,281.35
ITEM006052,ORD04222,PROD131,3,791.23,2373.69
ITEM006053,ORD00305,PROD086,5,667.55,3337.75
ITEM006054,ORD01899,PROD137,5,416.99,2084.95
ITEM006055,ORD03875,PROD136,5,790.51,3952.55
ITEM006056,ORD02848,PROD112,6,64.76,388.56
ITEM006057,ORD00498,PROD005,3,787.45,2362.35
ITEM006058,ORD03742,PROD027,2,187.93,375.86
ITEM006059,ORD01782,PROD150,1,796.76,796.76
ITEM006060,ORD02209,PROD034,5,492.5,2462.5
ITEM006061,ORD00817,PROD028,1,499.29,499.29
ITEM006062,ORD01396,PROD101,2,289.78,579.56
ITEM006063,ORD00263,PROD005,6,629.21,3775.26
ITEM006064,ORD03604,PROD045,4,75.18,300.72
ITEM006065,ORD999999,PROD114,2,627.34,1254.68
ITEM006066,ORD02704,PROD095,3,556.67,1670.01
ITEM006067,ORD01060,PROD098,2,717.71,1435.42
ITEM006068,ORD02754,PROD004,1,531.41,531.41
ITEM006069,ORD00751,PROD092,5,552.83,2764.15
ITEM006070,ORD02844,PROD030,1,375.13,375.13
ITEM006071,ORD01607,PROD052,1,472.71,472.71
ITEM006072,ORD00395,PROD130,4,432.08,1728.32
ITEM006073,ORD03622,PROD077,2,312.41,624.82
ITEM006074,ORD04655,PROD045,5,89.71,448.55
ITEM006075,ORD02989,PROD076,6,326.51,1959.06
ITEM006076,ORD00929,PROD028,5,418.59,2092.95
ITEM006077,ORD03060,PROD132,3,650.23,1950.69
ITEM006078,ORD04784,PROD040,6,700.12,4200.72
ITEM006079,ORD01246,PROD072,4,213.59,854.36
ITEM006080,ORD04208,PROD142,6,400.48,2402.88
ITEM006081,ORD04923,PROD028,4,226.5,906.0
ITEM006082,ORD04458,PROD134,4,691.88,2767.52
ITEM006083,ORD04556,PROD070,2,208.16,416.32
ITEM006084,ORD03674,PROD103,1,92.56,92.56
ITEM006085,ORD00174,PROD126,3,580.43,1741.29
ITEM006086,ORD04786,PROD137,0,78.12,468.72
ITEM006087,ORD02452,PROD058,1,324.53,324.53
ITEM006088,ORD04512,PROD129,4,54.54,218.16
ITEM006089,ORD00547,PROD064,2,624.96,1249.92
ITEM006090,ORD01795,PROD028,6,598.8,3592.8
ITEM006091,ORD999999,PROD022,4,704.14,2816.56
ITEM006092,ORD02017,PROD126,6,371.14,2226.84
ITEM006093,ORD00932,PROD113,5,177.61,888.05
ITEM006094,ORD02026,PROD023,6,355.36,2132.16
ITEM006095,ORD02946,PROD089,1,442.17,442.17
ITEM006096,ORD03490,PROD087,5,264.39,1321.95
ITEM006097,ORD03295,PROD089,1,212.83,212.83
ITEM006098,ORD04592,PROD011,6,303.39,1820.34
ITEM006099,ORD04061,PROD123,6,283.78,1702.68
ITEM006100,ORD04459,PROD101,5,382.79,1913.95
ITEM006101,ORD00328,PROD072,3,547.27,1641.81
ITEM006102,ORD01808,PROD126,1,580.5,580.5
ITEM006103,ORD00249,PROD067,6,781.38,4688.28
ITEM006104,ORD04412,PROD084,5,746.84,3734.2
ITEM006105,ORD03197,PROD112,4,628.38,2513.52
ITEM006106,ORD00641,PROD150,4,467.69,1870.76
ITEM006107,ORD999999,PROD148,5,468.92,2344.6
ITEM006108,ORD00836,PROD070,6,161.76,970.56
ITEM006109,ORD00160,PROD019,4,510.98,2043.92
ITEM006110,ORD05000,PROD122,3,484.12,1452.36
ITEM006111,ORD03209,PROD014,5,423.35,2116.75
ITEM006112,ORD04950,PROD114,4,356.34,1425.36
ITEM006113,ORD00309,PROD034,1,206.86,206.86
ITEM006114,ORD02805,PROD138,6,327.69,1966.14
ITEM006115,ORD01264,PROD041,5,290.0,1450.0
ITEM006116,ORD00944,PROD136,3,328.74,986.22
ITEM006117,ORD04497,PROD140,4,662.49,2649.96
ITEM006118,ORD02382,PROD028,4,569.26,2277.04
ITEM006119,ORD03866,PROD116,5,380.13,1900.65
ITEM006120,ORD04936,PROD061,1,681.93,681.93
ITEM006121,ORD03734,PROD072,3,241.41,724.23
ITEM006122,ORD03946,PROD010,2,95.87,191.74
ITEM006123,ORD03980,PROD063,5,106.99,534.95
ITEM006124,ORD01666,PROD012,1,223.1,223.1
ITEM006125,ORD04530,PROD074,2,797.66,1595.32
ITEM006126,ORD04783,PROD056,3,158.78,476.34
ITEM006127,ORD04828,PROD070,1,137.34,137.34
ITEM006128,ORD04265,PROD9999,3,251.52,754.56
ITEM006129,ORD01470,PROD109,2,387.18,774.36
ITEM006130,ORD01416,PROD041,3,71.85,215.55
ITEM006131,ORD02443,PROD018,3,316.5,949.5
ITEM006132,ORD04669,PROD150,1,241.04,241.04
ITEM006133,ORD999999,PROD008,4,190.84,763.36
ITEM006134,ORD04840,PROD130,3,381.0,1143.0
ITEM006135,ORD03227,PROD097,1,239.31,239.31
ITEM006136,ORD02673,PROD068,1,657.97,657.97
ITEM006137,ORD00169,PROD055,2,317.35,634.7
ITEM006138,ORD04846,PROD121,3,785.64,2356.92
ITEM006139,ORD04048,PROD019,1,363.36,363.36
ITEM006140,ORD01725,PROD116,2,491.01,982.02
ITEM006141,ORD01725,PROD022,2,689.42,1378.84
ITEM006142,ORD01987,PROD123,2,55.38,110.76
ITEM006143,ORD01286,PROD038,6,498.83,2992.98
ITEM006144,ORD04600,PROD051,3,104.28,312.84
ITEM006145,ORD01275,PROD003,3,79.94,239.82
ITEM006146,ORD02985,PROD070,4,344.33,1377.32
ITEM006147,ORD03610,PROD017,2,576.09,1152.18
ITEM006148,ORD01498,PROD063,4,226.71,906.84
ITEM006149,ORD03681,PROD014,2,758.04,1516.08
ITEM006150,ORD02000,PROD068,5,507.51,2537.55
ITEM006151,ORD03799,PROD009,1,505.1,505.1
ITEM006152,ORD02488,PROD111,3,567.7,1703.1
ITEM006153,ORD01806,PROD108,2,524.33,1048.66
ITEM006154,ORD02876,PROD070,6,150.8,904.8
ITEM006155,ORD02259,PROD087,3,125.69,377.07
ITEM006156,ORD01817,PROD066,2,767.66,1535.32
ITEM006157,ORD03119,PROD020,2,319.88,639.76
ITEM006158,ORD04458,PROD092,4,738.66,2954.64
ITEM006159,ORD01355,PROD117,3,551.32,1653.96
ITEM006160,ORD04936,PROD9999,1,107.74,107.74
ITEM006161,ORD02742,PROD093,2,455.97,911.94
ITEM006162,ORD01875,PROD012,5,167.16,835.8
ITEM006163,ORD00329,PROD123,4,490.76,1963.04
ITEM006164,ORD04096,PROD105,2,256.15,512.3
ITEM006165,ORD03646,PROD142,2,95.6,191.2
ITEM006166,ORD03433,PROD143,4,731.58,2926.32
ITEM006167,ORD01262,PROD070,6,165.59,993.54
ITEM006168,ORD01497,PROD114,1,681.13,681.13
ITEM006169,ORD00651,PROD143,2,176.72,353.44
ITEM006170,ORD00667,PROD140,2,777.54,1555.08
ITEM006171,ORD01591,PROD074,4,158.08,632.32
ITEM006172,ORD02073,PROD9999,1,617.83,617.83
ITEM006173,ORD01387,PROD026,3,568.27,1704.81
ITEM006174,ORD01643,PROD055,4,406.76,1627.04
ITEM006175,ORD04240,PROD9999,5,561.17,2805.85
ITEM006176,ORD02798,PROD080,6,284.26,1705.56
ITEM006177,ORD03632,PROD028,1,77.73,77.73
ITEM006178,ORD04571,PROD106,5,411.18,2055.9
ITEM006179,ORD00988,PROD013,2,767.12,1534.24
ITEM006180,ORD01583,PROD146,4,703.92,2815.68
ITEM006181,ORD03870,PROD103,2,87.24,174.48
ITEM006182,ORD01060,PROD091,4,526.16,2104.64
ITEM006183,ORD01458,PROD028,2,105.67,211.34
ITEM006184,ORD00489,PROD041,4,262.49,1049.96
ITEM006185,ORD01130,PROD043,2,295.48,590.96
ITEM006186,ORD02021,PROD051,6,739.89,4439.34
ITEM006187,ORD04631,PROD124,4,702.14,2808.56
ITEM006188,ORD00028,PROD074,1,285.53,285.53
ITEM006189,ORD02214,PROD118,6,490.84,2945.04
ITEM006190,ORD02551,PROD103,4,329.01,1316.04
ITEM006191,ORD04181,PROD110,3,537.27,1611.81
ITEM006192,ORD00160,PROD130,5,500.0,2500.0
ITEM006193,ORD02615,PROD098,6,270.11,1620.66
ITEM006194,ORD02906,PROD042,4,767.16,3068.64
ITEM006195,ORD00390,PROD146,3,764.84,2294.52
ITEM006196,ORD04920,PROD036,6,564.22,3385.32
ITEM006197,ORD00284,PROD084,5,680.28,3401.4
ITEM006198,ORD03668,PROD107,5,395.53,1977.65
ITEM006199,ORD00580,PROD100,4,596.09,2384.36
ITEM006200,ORD02496,PROD040,3,642.37,1927.11
ITEM006201,ORD03056,PROD110,1,293.23,293.23
ITEM006202,ORD00380,PROD087,1,286.4,286.4
ITEM006203,ORD01473,PROD029,6,516.61,3099.66
ITEM006204,ORD01235,PROD100,2,468.32,936.64
ITEM006205,ORD02970,PROD097,2,309.22,618.44
ITEM006206,ORD04275,PROD014,1,640.36,640.36
ITEM006207,ORD03878,PROD033,6,128.66,771.96
ITEM006208,ORD02240,PROD112,1,347.04,347.04
ITEM006209,ORD02962,PROD018,2,512.72,1025.44
ITEM006210,ORD04456,PROD122,1,231.88,231.88
ITEM006211,ORD04210,PROD065,2,538.86,1077.72
ITEM006212,ORD03038,PROD078,1,685.64,685.64
ITEM006213,ORD02452,PROD011,3,77.97,233.91
ITEM006214,ORD00536,PROD049,6,645.49,3872.94
ITEM006215,ORD02653,PROD124,5,398.04,1990.2
ITEM006216,ORD00793,PROD122,3,759.57,2278.71
ITEM006217,ORD01681,PROD092,6,675.72,4054.32
ITEM006218,ORD04400,PROD047,4,208.88,835.52
ITEM006219,ORD02042,PROD062,4,753.32,3013.28
ITEM006220,ORD04584,PROD108,4,298.87,1195.48
ITEM006221,ORD04643,PROD015,6,553.04,3318.24
ITEM006222,ORD01799,PROD115,5,166.87,834.35
ITEM006223,ORD03063,PROD020,4,345.55,1382.2
ITEM006224,ORD01878,PROD070,5,268.04,1340.2
ITEM006225,ORD00907,PROD114,4,116.84,467.36
ITEM006226,ORD02303,PROD040,5,683.85,3419.25
ITEM006227,ORD00761,PROD047,1,146.31,146.31
ITEM006228,ORD02928,PROD043,2,356.2,712.4
ITEM006229,ORD04352,PROD082,2,586.6,1173.2
ITEM006230,ORD00903,PROD099,5,627.5,3137.5
ITEM006231,ORD00493,PROD141,3,248.19,744.57
ITEM006232,ORD02375,PROD111,4,470.23,1880.92
ITEM006233,ORD02782,PROD061,1,250.52,250.52
ITEM006234,ORD999999,PROD056,5,790.07,3950.35
ITEM006235,ORD999999,PROD076,4,202.2,808.8
ITEM006236,ORD00736,PROD032,4,687.41,2749.64
ITEM006237,ORD01377,PROD123,1,313.4,313.4
ITEM006238,ORD01210,PROD121,3,193.59,580.77
ITEM006239,ORD03440,PROD050,2,490.97,981.94
ITEM006240,ORD01228,PROD132,5,565.75,2828.75
ITEM006241,ORD04836,PROD149,6,223.22,1339.32
ITEM006242,ORD01475,PROD123,1,405.24,405.24
ITEM006243,ORD03757,PROD140,4,230.99,923.96
ITEM006244,ORD04379,PROD097,5,407.69,2038.45
ITEM006245,ORD01876,PROD135,4,691.07,2764.28
ITEM006246,ORD04976,PROD030,6,203.82,1222.92
ITEM006247,ORD03306,PROD038,2,439.71,879.42
ITEM006248,ORD01836,PROD104,5,466.76,2333.8
ITEM006249,ORD01341,PROD087,4,555.72,2222.88
ITEM006250,ORD04819,PROD109,6,763.54,4581.24
ITEM006251,ORD00732,PROD133,5,451.17,2255.85
ITEM006252,ORD01611,PROD120,4,302.87,1211.48
ITEM006253,ORD999999,PROD092,1,794.07,794.07
ITEM006254,ORD02146,PROD071,1,205.92,205.92
ITEM006255,ORD02664,PROD080,3,411.92,1235.76
ITEM006256,ORD04902,PROD148,2,790.49,1580.98
ITEM006257,ORD04334,PROD037,6,117.75,706.5
ITEM006258,ORD04378,PROD053,5,525.85,2629.25
ITEM006259,ORD01337,PROD095,4,565.6,2262.4
ITEM006260,ORD02841,PROD089,6,534.59,3207.54
ITEM006261,ORD01743,PROD136,1,87.02,87.02
ITEM006262,ORD04481,PROD007,4,254.65,1018.6
ITEM006263,ORD00393,PROD9999,5,117.14,585.7
ITEM006264,ORD00381,PROD037,5,580.63,2903.15
ITEM006265,ORD02305,PROD066,4,762.64,3050.56
ITEM006266,ORD03169,PROD128,4,231.79,927.16
ITEM006267,ORD00717,PROD059,3,301.4,904.2
ITEM006268,ORD03863,PROD9999,1,523.95,523.95
ITEM006269,ORD00038,PROD044,5,741.64,3708.2
ITEM006270,ORD03989,PROD028,1,418.06,418.06
ITEM006271,ORD02749,PROD132,4,224.96,899.84
ITEM006272,ORD01897,PROD028,3,151.04,453.12
ITEM006273,ORD02654,PROD047,2,75.89,151.78
ITEM006274,ORD04075,PROD080,5,496.23,2481.15
ITEM006275,ORD00428,PROD025,1,147.97,147.97
ITEM006276,ORD00807,PROD127,2,692.38,1384.76
ITEM006277,ORD03221,PROD125,6,744.18,4465.08
ITEM006278,ORD02993,PROD102,5,673.39,3366.95
ITEM006279,ORD00353,PROD041,4,670.84,2683.36
ITEM006280,ORD02603,PROD061,5,184.82,924.1
ITEM006281,ORD04166,PROD072,5,701.66,3508.3
ITEM006282,ORD00549,PROD001,6,63.0,378.0
ITEM006283,ORD00936,PROD120,4,56.47,225.88
ITEM006284,ORD01836,PROD067,4,520.85,2083.4
ITEM006285,ORD00709,PROD120,6,597.41,3584.46
ITEM006286,ORD02324,PROD003,3,358.16,1074.48
ITEM006287,ORD01311,PROD9999,3,251.34,754.02
ITEM006288,ORD04285,PROD088,5,668.54,3342.7
ITEM006289,ORD04727,PROD074,2,570.9,1141.8
ITEM006290,ORD00094,PROD090,5,783.73,3918.65
ITEM006291,ORD04914,PROD049,6,730.01,4380.06
ITEM006292,ORD03930,PROD040,3,237.87,713.61
ITEM006293,ORD03268,PROD049,2,791.56,1583.12
ITEM006294,ORD02320,PROD057,1,295.32,295.32
ITEM006295,ORD04543,PROD136,6,287.27,1723.62
ITEM006296,ORD01371,PROD040,3,473.82,1421.46
ITEM006297,ORD00161,PROD012,6,346.06,2076.36
ITEM006298,ORD00203,PROD105,3,256.93,770.79
ITEM006299,ORD03709,PROD9999,6,267.99,1607.94
ITEM006300,ORD00540,PROD090,1,791.18,791.18
ITEM006301,ORD04220,PROD022,6,164.51,987.06
ITEM006302,ORD04101,PROD116,4,337.0,1348.0
ITEM006303,ORD04790,PROD111,2,624.72,1249.44
ITEM006304,ORD01299,PROD113,5,375.73,1878.65
ITEM006305,ORD00983,PROD054,6,708.82,4252.92
ITEM006306,ORD03213,PROD142,5,384.52,1922.6
ITEM006307,ORD01099,PROD109,3,478.7,1436.1
ITEM006308,ORD04704,PROD127,1,291.41,291.41
ITEM006309,ORD00454,PROD025,6,268.08,1608.48
ITEM006310,ORD00298,PROD089,5,405.15,2025.75
ITEM006311,ORD00719,PROD063,5,411.88,2059.4
ITEM006312,ORD01735,PROD020,1,327.2,327.2
ITEM006313,ORD04376,PROD080,6,703.47,4220.82
ITEM006314,ORD00934,PROD9999,6,727.99,4367.94
ITEM006315,ORD01212,PROD053,1,262.65,262.65
ITEM006316,ORD01170,PROD066,6,257.22,1543.32
ITEM006317,ORD00862,PROD096,2,459.77,919.54
ITEM006318,ORD01447,PROD124,3,187.72,563.16
ITEM006319,ORD03253,PROD095,6,252.02,1512.12
ITEM006320,ORD00815,PROD001,5,357.53,1787.65
ITEM006321,ORD00512,PROD022,5,620.64,3103.2
ITEM006322,ORD02934,PROD010,3,638.9,1916.7
ITEM006323,ORD999999,PROD9999,2,223.85,447.7
ITEM006324,ORD02208,PROD139,2,757.33,1514.66
ITEM006325,ORD02830,PROD052,6,525.59,3153.54
ITEM006326,ORD03545,PROD080,5,498.96,2494.8
ITEM006327,ORD02772,PROD024,5,500.51,2502.55
ITEM006328,ORD03824,PROD104,1,371.39,371.39
ITEM006329,ORD03756,PROD074,3,387.27,1161.81
ITEM006330,ORD02866,PROD097,4,727.05,2908.2
ITEM006331,ORD02508,PROD148,3,53.88,161.64
ITEM006332,ORD02408,PROD109,5,394.81,1974.05
ITEM006333,ORD04968,PROD098,1,437.21,437.21
ITEM006334,ORD01923,PROD051,6,119.31,715.86
ITEM006335,ORD02653,PROD054,6,782.53,4695.18
ITEM006336,ORD04337,PROD132,2,513.66,1027.32
ITEM006337,ORD03873,PROD103,4,447.53,1790.12
ITEM006338,ORD00166,PROD150,4,733.74,2934.96
ITEM006339,ORD01064,PROD027,1,796.19,796.19
ITEM006340,ORD02708,PROD070,1,255.33,255.33
ITEM006341,ORD00004,PROD034,1,683.73,683.73
ITEM006342,ORD01438,PROD097,4,739.58,2958.32
ITEM006343,ORD02892,PROD032,2,507.86,1015.72
ITEM006344,ORD00578,PROD104,2,210.59,421.18
ITEM006345,ORD02982,PROD129,5,612.6,3063.0
ITEM006346,ORD03165,PROD113,4,320.23,1280.92
ITEM006347,ORD04880,PROD028,1,95.26,95.26
ITEM006348,ORD00160,PROD022,5,780.03,3900.15
ITEM006349,ORD03334,PROD010,4,339.32,1357.28
ITEM006350,ORD999999,PROD011,1,118.94,118.94
ITEM006351,ORD04137,PROD150,2,247.87,495.74
ITEM006352,ORD00868,PROD008,4,88.41,353.64
ITEM006353,ORD04352,PROD122,2,411.92,823.84
ITEM006354,ORD02281,PROD091,1,484.55,484.55
ITEM006355,ORD01044,PROD035,4,374.43,1497.72
ITEM006356,ORD04432,PROD123,6,673.72,4042.32
ITEM006357,ORD02908,PROD076,5,593.31,2966.55
ITEM006358,ORD04480,PROD071,4,138.93,555.72
ITEM006359,ORD01437,PROD9999,3,694.74,2084.22
ITEM006360,ORD02588,PROD141,3,216.07,648.21
ITEM006361,ORD04152,PROD141,4,514.54,2058.16
ITEM006362,ORD01873,PROD116,5,511.9,2559.5
ITEM006363,ORD02524,PROD112,1,519.78,519.78
ITEM006364,ORD03060,PROD069,5,198.36,991.8
ITEM006365,ORD03793,PROD138,2,716.23,1432.46
ITEM006366,ORD01385,PROD110,1,759.69,759.69
ITEM006367,ORD00623,PROD073,2,765.85,1531.7
ITEM006368,ORD03020,PROD113,6,460.71,2764.26
ITEM006369,ORD02860,PROD9999,3,424.94,1274.82
ITEM006370,ORD02758,PROD063,5,636.55,3182.75
ITEM006371,ORD03499,PROD127,6,533.95,3203.7
ITEM006372,ORD01210,PROD122,6,272.09,1632.54
ITEM006373,ORD00588,PROD093,4,785.25,3141.0
ITEM006374,ORD04540,PROD029,2,440.55,881.1
ITEM006375,ORD999999,PROD034,5,412.13,2060.65
ITEM006376,ORD00044,PROD105,2,412.66,825.32
ITEM006377,ORD02831,PROD076,2,498.09,996.18
ITEM006378,ORD02708,PROD014,5,149.89,749.45
ITEM006379,ORD02851,PROD132,6,129.45,776.7
ITEM006380,ORD00808,PROD021,6,680.63,4083.78
ITEM006381,ORD00118,PROD110,0,197.31,197.31
ITEM006382,ORD04239,PROD114,6,318.68,1912.08
ITEM006383,ORD03896,PROD091,6,169.66,1017.96
ITEM006384,ORD04782,PROD058,5,482.79,2413.95
ITEM006385,ORD01889,PROD062,3,437.71,1313.13
ITEM006386,ORD02839,PROD9999,5,295.83,1479.15
ITEM006387,ORD02206,PROD143,4,539.82,2159.28
ITEM006388,ORD01684,PROD015,1,85.96,85.96
ITEM006389,ORD04805,PROD146,2,731.26,1462.52
ITEM006390,ORD04017,PROD029,2,325.9,651.8
ITEM006391,ORD02167,PROD012,4,145.07,580.28
ITEM006392,ORD02200,PROD133,5,475.85,2379.25
ITEM006393,ORD01032,PROD127,1,542.99,542.99
ITEM006394,ORD01009,PROD076,1,649.59,649.59
ITEM006395,ORD01503,PROD097,3,592.77,1778.31
ITEM006396,ORD01486,PROD093,2,616.92,1233.84
ITEM006397,ORD01347,PROD069,6,643.0,3858.0
ITEM006398,ORD03186,PROD149,2,495.76,991.52
ITEM006399,ORD00866,PROD118,3,175.12,525.36
ITEM006400,ORD01474,PROD114,1,172.02,172.02
ITEM006401,ORD04449,PROD039,3,667.7,2003.1
ITEM006402,ORD03672,PROD141,2,592.06,1184.12
ITEM006403,ORD03518,PROD006,5,356.01,1780.05
ITEM006404,ORD02626,PROD073,1,637.3,637.3
ITEM006405,ORD02108,PROD009,3,300.96,902.88
ITEM006406,ORD02762,PROD059,2,466.01,932.02
ITEM006407,ORD01359,PROD131,3,602.62,1807.86
ITEM006408,ORD02784,PROD049,5,765.37,3826.85
ITEM006409,ORD03698,PROD062,5,269.92,1349.6
ITEM006410,ORD02793,PROD044,4,601.67,2406.68
ITEM006411,ORD01652,PROD123,4,619.86,2479.44
ITEM006412,ORD04105,PROD094,6,572.84,3437.04
ITEM006413,ORD04136,PROD015,5,385.11,1925.55
ITEM006414,ORD02338,PROD032,1,796.02,796.02
ITEM006415,ORD02242,PROD090,6,255.9,1535.4
ITEM006416,ORD01347,PROD017,5,381.74,1908.7
ITEM006417,ORD02730,PROD084,5,518.79,2593.95
ITEM006418,ORD04992,PROD061,5,61.39,306.95
ITEM006419,ORD02717,PROD052,2,269.51,539.02
ITEM006420,ORD01693,PROD003,6,219.52,1317.12
ITEM006421,ORD02770,PROD048,2,766.59,1533.18
ITEM006422,ORD04242,PROD056,4,752.62,3010.48
ITEM006423,ORD01939,PROD085,6,363.31,2179.86
ITEM006424,ORD04020,PROD049,6,546.01,3276.06
ITEM006425,ORD04003,PROD106,6,94.6,567.6
ITEM006426,ORD04584,PROD049,5,702.93,3514.65
ITEM006427,ORD00694,PROD064,3,438.64,1315.92
ITEM006428,ORD00165,PROD036,3,201.86,605.58
ITEM006429,ORD02960,PROD132,6,262.42,1574.52
ITEM006430,ORD02509,PROD148,6,101.13,606.78
ITEM006431,ORD02110,PROD9999,4,395.71,1582.84
ITEM006432,ORD01569,PROD070,3,508.2,1524.6
ITEM006433,ORD01832,PROD082,5,602.02,3010.1
ITEM006434,ORD01560,PROD029,2,703.04,1406.08
ITEM006435,ORD00058,PROD052,5,542.91,2714.55
ITEM006436,ORD04485,PROD102,5,682.3,3411.5
ITEM006437,ORD02260,PROD109,4,195.59,782.36
ITEM006438,ORD03905,PROD140,4,531.02,2124.08
ITEM006439,ORD00780,PROD131,1,386.44,386.44
ITEM006440,ORD02603,PROD075,5,602.9,3014.5
ITEM006441,ORD03436,PROD124,2,537.38,1074.76
ITEM006442,ORD01460,PROD019,5,501.58,2507.9
ITEM006443,ORD00009,PROD113,1,760.66,760.66
ITEM006444,ORD00368,PROD011,2,532.78,1065.56
ITEM006445,ORD02984,PROD104,1,461.63,461.63
ITEM006446,ORD999999,PROD107,2,461.49,922.98
ITEM006447,ORD04599,PROD060,2,458.27,916.54
ITEM006448,ORD00451,PROD132,2,360.87,721.74
ITEM006449,ORD00612,PROD044,3,638.25,1914.75
ITEM006450,ORD00487,PROD046,2,690.61,1381.22
ITEM006451,ORD01840,PROD067,3,208.25,624.75
ITEM006452,ORD00904,PROD9999,3,456.25,1368.75
ITEM006453,ORD00890,PROD137,2,141.76,283.52
ITEM006454,ORD01864,PROD092,2,635.89,1271.78
ITEM006455,ORD00573,PROD071,3,626.41,1879.23
ITEM006456,ORD00060,PROD091,3,725.1,2175.3
ITEM006457,ORD02725,PROD093,6,520.72,3124.32
ITEM006458,ORD02174,PROD103,3,343.64,1030.92
ITEM006459,ORD01695,PROD064,3,130.89,392.67
ITEM006460,ORD04606,PROD071,5,215.05,1075.25
ITEM006461,ORD02753,PROD017,3,465.05,1395.15
ITEM006462,ORD04305,PROD041,4,147.12,588.48
ITEM006463,ORD01162,PROD105,1,494.97,494.97
ITEM006464,ORD01080,PROD003,4,685.89,2743.56
ITEM006465,ORD02610,PROD010,1,603.11,603.11
ITEM006466,ORD03890,PROD019,6,117.91,707.46
ITEM006467,ORD01976,PROD139,5,271.26,1356.3
ITEM006468,ORD04206,PROD119,5,439.17,2195.85
ITEM006469,ORD02249,PROD024,4,374.79,1499.16
ITEM006470,ORD00129,PROD021,5,211.58,1057.9
ITEM006471,ORD03815,PROD136,1,94.9,94.9
ITEM006472,ORD02150,PROD105,3,647.33,1941.99
ITEM006473,ORD04585,PROD091,2,200.37,400.74
ITEM006474,ORD03154,PROD033,3,600.26,1800.78
ITEM006475,ORD04855,PROD004,2,326.57,653.14
ITEM006476,ORD00841,PROD076,4,515.56,2062.24
ITEM006477,ORD04265,PROD139,3,788.49,2365.47
ITEM006478,ORD00162,PROD132,5,755.8,3779.0
ITEM006479,ORD01600,PROD004,1,684.95,684.95
ITEM006480,ORD02058,PROD062,6,526.43,3158.58
ITEM006481,ORD01734,PROD055,1,405.74,405.74
ITEM006482,ORD00721,PROD056,1,133.64,133.64
ITEM006483,ORD00372,PROD076,6,724.54,4347.24
ITEM006484,ORD02705,PROD141,3,428.28,1284.84
ITEM006485,ORD04961,PROD100,1,452.9,452.9
ITEM006486,ORD01524,PROD024,4,586.94,2347.76
ITEM006487,ORD01005,PROD064,2,714.57,1429.14
ITEM006488,ORD03889,PROD020,4,779.01,3116.04
ITEM006489,ORD04366,PROD129,2,328.74,657.48
ITEM006490,ORD02201,PROD052,1,693.77,693.77
ITEM006491,ORD03066,PROD028,6,363.42,2180.52
ITEM006492,ORD04598,PROD119,6,67.99,407.94
ITEM006493,ORD00152,PROD014,1,626.27,626.27
ITEM006494,ORD00644,PROD125,1,476.14,476.14
ITEM006495,ORD01359,PROD036,1,700.2,700.2
ITEM006496,ORD03839,PROD108,1,314.13,314.13
ITEM006497,ORD01821,PROD028,2,336.21,672.42
ITEM006498,ORD00135,PROD099,5,561.36,2806.8
ITEM006499,ORD04639,PROD111,4,535.74,2142.96
ITEM006500,ORD04018,PROD009,1,282.14,282.14
ITEM006501,ORD00413,PROD042,6,332.24,1993.44
ITEM006502,ORD02550,PROD038,5,513.44,2567.2
ITEM006503,ORD04654,PROD106,2,674.14,1348.28
ITEM006504,ORD02111,PROD120,5,372.32,1861.6
ITEM006505,ORD03742,PROD025,3,380.83,1142.49
ITEM006506,ORD00051,PROD9999,6,749.25,4495.5
ITEM006507,ORD00171,PROD077,2,101.83,203.66
ITEM006508,ORD00299,PROD9999,5,776.17,3880.85
ITEM006509,ORD01773,PROD057,4,304.14,1216.56
ITEM006510,ORD02346,PROD046,5,142.45,712.25
ITEM006511,ORD03143,PROD146,6,300.25,1801.5
ITEM006512,ORD03919,PROD112,5,614.16,3070.8
ITEM006513,ORD04728,PROD087,2,438.76,877.52
ITEM006514,ORD02617,PROD013,5,634.62,3173.1
ITEM006515,ORD03255,PROD011,6,475.38,2852.28
ITEM006516,ORD01570,PROD138,4,486.49,1945.96
ITEM006517,ORD04221,PROD129,4,162.97,651.88
ITEM006518,ORD01549,PROD124,3,360.25,1080.75
ITEM006519,ORD04118,PROD010,3,286.87,860.61
ITEM006520,ORD04313,PROD062,6,105.37,632.22
ITEM006521,ORD02011,PROD102,1,405.27,405.27
ITEM006522,ORD00649,PROD013,4,105.08,420.32
ITEM006523,ORD03140,PROD070,5,83.5,417.5
ITEM006524,ORD04195,PROD001,4,198.07,792.28
ITEM006525,ORD00429,PROD075,4,505.28,2021.12
ITEM006526,ORD03457,PROD040,2,355.66,711.32
ITEM006527,ORD01591,PROD084,4,289.24,1156.96
ITEM006528,ORD02403,PROD139,2,314.14,628.28
ITEM006529,ORD01405,PROD116,2,73.02,146.04
ITEM006530,ORD02294,PROD054,1,218.78,218.78
ITEM006531,ORD02280,PROD138,4,442.83,1771.32
ITEM006532,ORD01972,PROD008,2,558.66,1117.32
ITEM006533,ORD02195,PROD109,4,315.71,1262.84
ITEM006534,ORD00590,PROD064,0,607.65,1215.3
ITEM006535,ORD03719,PROD047,1,368.66,368.66
ITEM006536,ORD04521,PROD115,5,451.37,2256.85
ITEM006537,ORD04587,PROD141,1,431.6,431.6
ITEM006538,ORD03824,PROD084,2,427.92,855.84
ITEM006539,ORD03237,PROD084,5,346.72,1733.6
ITEM006540,ORD00171,PROD001,4,323.92,1295.68
ITEM006541,ORD03103,PROD113,2,441.39,882.78
ITEM006542,ORD01132,PROD086,3,734.37,2203.11
ITEM006543,ORD04871,PROD054,2,667.71,1335.42
ITEM006544,ORD02017,PROD092,2,233.51,467.02
ITEM006545,ORD999999,PROD022,4,642.0,2568.0
ITEM006546,ORD01709,PROD060,1,477.52,477.52
ITEM006547,ORD03729,PROD133,1,364.59,364.59
ITEM006548,ORD03237,PROD069,6,715.29,4291.74
ITEM006549,ORD01635,PROD004,2,239.09,478.18
ITEM006550,ORD01490,PROD147,3,613.61,1840.83
ITEM006551,ORD00219,PROD071,5,197.51,987.55
ITEM006552,ORD01740,PROD016,6,72.51,435.06
ITEM006553,ORD04309,PROD9999,3,129.78,389.34
ITEM006554,ORD03017,PROD057,5,297.54,1487.7
ITEM006555,ORD02210,PROD005,4,668.87,2675.48
ITEM006556,ORD04438,PROD048,3,375.75,1127.25
ITEM006557,ORD00028,PROD040,6,668.1,4008.6
ITEM006558,ORD02973,PROD038,1,285.68,285.68
ITEM006559,ORD01910,PROD143,5,485.48,2427.4
ITEM006560,ORD03000,PROD130,3,776.83,2330.49
ITEM006561,ORD01064,PROD135,5,466.92,2334.6
ITEM006562,ORD04999,PROD9999,5,603.23,3016.15
ITEM006563,ORD03215,PROD033,1,765.55,765.55
ITEM006564,ORD01592,PROD130,4,332.77,1331.08
ITEM006565,ORD03122,PROD121,2,536.1,1072.2
ITEM006566,ORD02202,PROD026,3,648.34,1945.02
ITEM006567,ORD04565,PROD002,4,348.3,1393.2
ITEM006568,ORD01163,PROD055,3,74.39,223.17
ITEM006569,ORD04309,PROD112,4,755.85,3023.4
ITEM006570,ORD03410,PROD032,2,325.09,650.18
ITEM006571,ORD04835,PROD124,6,54.52,327.12
ITEM006572,ORD01232,PROD040,5,93.83,469.15
ITEM006573,ORD00250,PROD047,3,448.64,1345.92
ITEM006574,ORD04846,PROD028,3,490.08,1470.24
ITEM006575,ORD03746,PROD063,3,88.78,266.34
ITEM006576,ORD00510,PROD005,4,738.42,2953.68
ITEM006577,ORD01665,PROD079,5,367.85,1839.25
ITEM006578,ORD01334,PROD143,6,365.9,2195.4
ITEM006579,ORD03605,PROD065,3,436.53,1309.59
ITEM006580,ORD999999,PROD063,5,237.55,1187.75
ITEM006581,ORD02958,PROD023,4,659.78,2639.12
ITEM006582,ORD04122,PROD057,5,432.35,2161.75
ITEM006583,ORD01901,PROD065,3,473.68,1421.04
ITEM006584,ORD04280,PROD082,5,134.47,672.35
ITEM006585,ORD04184,PROD101,4,214.6,858.4
ITEM006586,ORD00222,PROD107,6,50.23,301.38
ITEM006587,ORD04696,PROD010,2,206.28,412.56
ITEM006588,ORD03125,PROD046,6,620.5,3723.0
ITEM006589,ORD03836,PROD136,2,552.64,1105.28
ITEM006590,ORD01961,PROD142,5,320.3,1601.5
ITEM006591,ORD02112,PROD011,1,698.88,698.88
ITEM006592,ORD01575,PROD075,2,115.6,231.2
ITEM006593,ORD03826,PROD083,4,640.93,2563.72
ITEM006594,ORD02129,PROD094,2,92.17,184.34
ITEM006595,ORD04228,PROD096,3,452.8,1358.4
ITEM006596,ORD00386,PROD133,3,119.4,358.2
ITEM006597,ORD02607,PROD147,2,299.35,598.7
ITEM006598,ORD01832,PROD039,1,446.27,446.27
ITEM006599,ORD03663,PROD081,6,664.64,3987.84
ITEM006600,ORD03529,PROD068,3,607.15,1821.45
ITEM006601,ORD02383,PROD006,2,358.32,716.64
ITEM006602,ORD01105,PROD110,1,131.2,131.2
ITEM006603,ORD00076,PROD135,1,268.19,268.19
ITEM006604,ORD04047,PROD9999,6,444.51,2667.06
ITEM006605,ORD00668,PROD075,3,120.54,361.62
ITEM006606,ORD02146,PROD106,3,518.94,1556.82
ITEM006607,ORD04470,PROD121,6,80.95,485.7
ITEM006608,ORD03112,PROD096,5,90.29,451.45
ITEM006609,ORD04152,PROD063,3,83.82,251.46
ITEM006610,ORD01791,PROD073,2,486.99,973.98
ITEM006611,ORD00540,PROD144,5,422.18,2110.9
ITEM006612,ORD00025,PROD119,1,388.17,388.17
ITEM006613,ORD04219,PROD030,2,662.64,1325.28
ITEM006614,ORD00123,PROD023,5,652.0,3260.0
ITEM006615,ORD01545,PROD053,3,684.79,2054.37
ITEM006616,ORD04073,PROD076,5,649.09,3245.45
ITEM006617,ORD04503,PROD001,4,506.99,2027.96
ITEM006618,ORD00215,PROD127,3,206.1,618.3
ITEM006619,ORD03090,PROD081,3,340.48,1021.44
ITEM006620,ORD02920,PROD139,2,380.73,761.46
ITEM006621,ORD02728,PROD010,3,385.9,1157.7
ITEM006622,ORD00043,PROD144,5,330.32,1651.6
ITEM006623,ORD04188,PROD033,3,654.97,1964.91
ITEM006624,ORD01048,PROD144,1,241.11,241.11
ITEM006625,ORD04643,PROD030,1,52.21,52.21
ITEM006626,ORD03989,PROD035,6,439.26,2635.56
ITEM006627,ORD04337,PROD093,4,396.74,1586.96
ITEM006628,ORD03322,PROD045,6,130.37,782.22
ITEM006629,ORD03445,PROD126,2,621.14,1242.28
ITEM006630,ORD02100,PROD049,5,90.13,450.65
ITEM006631,ORD01482,PROD086,1,783.72,783.72
ITEM006632,ORD03817,PROD105,3,281.06,843.18
ITEM006633,ORD03974,PROD085,5,293.04,1465.2
ITEM006634,ORD03165,PROD090,2,645.72,1291.44
ITEM006635,ORD00760,PROD075,3,727.57,2182.71
ITEM006636,ORD04900,PROD147,4,796.66,3186.64
ITEM006637,ORD03144,PROD051,5,244.99,1224.95
ITEM006638,ORD01549,PROD002,6,149.87,899.22
ITEM006639,ORD00231,PROD053,6,612.96,3677.76
ITEM006640,ORD00215,PROD094,4,704.67,2818.68
ITEM006641,ORD02880,PROD094,6,156.31,937.86
ITEM006642,ORD02119,PROD017,1,366.93,366.93
ITEM006643,ORD03830,PROD113,4,76.27,305.08
ITEM006644,ORD00136,PROD075,2,96.5,193.0
ITEM006645,ORD01504,PROD089,5,444.33,2221.65
ITEM006646,ORD04555,PROD097,6,264.84,1589.04
ITEM006647,ORD02518,PROD066,1,135.79,135.79
ITEM006648,ORD00937,PROD005,6,612.14,3672.84
ITEM006649,ORD00035,PROD100,6,113.81,682.86
ITEM006650,ORD02075,PROD043,2,749.42,1498.84
ITEM006651,ORD03486,PROD067,4,741.49,2965.96
ITEM006652,ORD01757,PROD025,1,411.18,411.18
ITEM006653,ORD03827,PROD064,3,598.64,1795.92
ITEM006654,ORD04151,PROD141,4,98.45,393.8
ITEM006655,ORD00469,PROD069,5,195.3,976.5
ITEM006656,ORD03276,PROD087,3,734.48,2203.44
ITEM006657,ORD04304,PROD120,3,790.62,2371.86
ITEM006658,ORD01578,PROD090,4,318.02,1272.08
ITEM006659,ORD02589,PROD032,5,156.45,782.25
ITEM006660,ORD02302,PROD001,4,413.45,1653.8
ITEM006661,ORD04349,PROD071,4,161.32,645.28
ITEM006662,ORD02396,PROD019,1,133.98,133.98
ITEM006663,ORD00011,PROD129,1,181.86,181.86
ITEM006664,ORD02948,PROD063,3,270.89,812.67
ITEM006665,ORD02234,PROD074,5,473.53,2367.65
ITEM006666,ORD04779,PROD117,5,323.74,1618.7
ITEM006667,ORD00442,PROD109,4,80.36,321.44
ITEM006668,ORD01893,PROD148,2,213.81,427.62
ITEM006669,ORD00301,PROD096,1,186.98,186.98
ITEM006670,ORD01233,PROD068,4,611.36,2445.44
ITEM006671,ORD00256,PROD086,2,406.2,812.4
ITEM006672,ORD00146,PROD109,4,428.6,1714.4
ITEM006673,ORD02272,PROD110,3,547.72,1643.16
ITEM006674,ORD01633,PROD064,5,323.24,1616.2
ITEM006675,ORD01001,PROD042,0,413.95,2483.7
ITEM006676,ORD04675,PROD058,3,383.77,1151.31
ITEM006677,ORD01727,PROD048,3,622.46,1867.38
ITEM006678,ORD04989,PROD122,6,762.43,4574.58
ITEM006679,ORD03864,PROD004,2,139.95,279.9
ITEM006680,ORD04049,PROD136,1,775.96,775.96
ITEM006681,ORD02574,PROD064,6,195.26,1171.56
ITEM006682,ORD04041,PROD020,2,446.07,892.14
ITEM006683,ORD02072,PROD022,3,611.86,1835.58
ITEM006684,ORD02108,PROD074,3,602.43,1807.29
ITEM006685,ORD01531,PROD123,5,424.01,2120.05
ITEM006686,ORD02822,PROD092,2,653.49,1306.98
ITEM006687,ORD04196,PROD073,5,560.25,2801.25
ITEM006688,ORD03253,PROD143,1,56.08,56.08
ITEM006689,ORD00143,PROD043,1,469.19,469.19
ITEM006690,ORD02819,PROD086,2,456.93,913.86
ITEM006691,ORD00232,PROD144,4,619.29,2477.16
ITEM006692,ORD02234,PROD060,2,109.32,218.64
ITEM006693,ORD01868,PROD084,3,480.26,1440.78
ITEM006694,ORD03042,PROD121,6,752.4,4514.4
ITEM006695,ORD03563,PROD135,4,479.95,1919.8
ITEM006696,ORD00485,PROD053,3,251.31,753.93
ITEM006697,ORD01039,PROD022,4,740.89,2963.56
ITEM006698,ORD03662,PROD062,6,76.11,456.66
ITEM006699,ORD03520,PROD076,1,368.9,368.9
ITEM006700,ORD02897,PROD032,3,684.86,2054.58
ITEM006701,ORD01543,PROD102,1,339.64,339.64
ITEM006702,ORD00221,PROD024,5,669.6,3348.0
ITEM006703,ORD03283,PROD005,1,469.79,469.79
ITEM006704,ORD01347,PROD140,2,158.86,317.72
ITEM006705,ORD00125,PROD9999,3,313.06,939.18
ITEM006706,ORD04339,PROD116,2,702.35,1404.7
ITEM006707,ORD01194,PROD033,6,589.32,3535.92
ITEM006708,ORD01944,PROD106,1,325.42,325.42
ITEM006709,ORD02297,PROD043,3,510.54,1531.62
ITEM006710,ORD02395,PROD018,2,170.8,341.6
ITEM006711,ORD03014,PROD119,5,304.31,1521.55
ITEM006712,ORD02762,PROD094,5,650.71,3253.55
ITEM006713,ORD02639,PROD027,3,779.05,2337.15
ITEM006714,ORD03126,PROD049,1,479.11,479.11
ITEM006715,ORD01178,PROD062,3,689.0,2067.0
ITEM006716,ORD00088,PROD079,2,481.45,962.9
ITEM006717,ORD01104,PROD086,4,620.55,2482.2
ITEM006718,ORD00401,PROD029,3,561.85,1685.55
ITEM006719,ORD01950,PROD071,2,396.25,792.5
ITEM006720,ORD03303,PROD056,2,648.62,1297.24
ITEM006721,ORD00797,PROD129,5,759.77,3798.85
ITEM006722,ORD03229,PROD019,2,655.18,1310.36
ITEM006723,ORD01575,PROD038,3,653.95,1961.85
ITEM006724,ORD02339,PROD150,1,588.7,588.7
ITEM006725,ORD01252,PROD024,4,127.49,509.96
ITEM006726,ORD02611,PROD043,2,629.46,1258.92
ITEM006727,ORD03399,PROD003,3,690.56,2071.68
ITEM006728,ORD03491,PROD044,1,558.22,558.22
ITEM006729,ORD01785,PROD015,1,395.63,395.63
ITEM006730,ORD01572,PROD030,1,137.85,137.85
ITEM006731,ORD03479,PROD022,6,313.36,1880.16
ITEM006732,ORD03299,PROD091,4,606.64,2426.56
ITEM006733,ORD03411,PROD014,4,772.49,3089.96
ITEM006734,ORD02154,PROD075,1,521.51,521.51
ITEM006735,ORD04301,PROD103,1,257.04,257.04
ITEM006736,ORD04367,PROD082,3,376.01,1128.03
ITEM006737,ORD04205,PROD018,5,266.89,1334.45
ITEM006738,ORD999999,PROD007,4,415.61,1662.44
ITEM006739,ORD00744,PROD140,3,510.25,1530.75
ITEM006740,ORD02325,PROD104,5,587.52,2937.6
ITEM006741,ORD04449,PROD075,5,721.95,3609.75
ITEM006742,ORD01712,PROD019,5,742.12,3710.6
ITEM006743,ORD00016,PROD094,2,471.52,943.04
ITEM006744,ORD04629,PROD059,1,220.16,220.16
ITEM006745,ORD01964,PROD080,4,179.09,716.36
ITEM006746,ORD00081,PROD097,4,188.51,754.04
ITEM006747,ORD02658,PROD074,3,186.68,560.04
ITEM006748,ORD00746,PROD054,2,389.61,779.22
ITEM006749,ORD00989,PROD112,6,742.12,4452.72
ITEM006750,ORD03909,PROD143,6,250.2,1501.2
ITEM006751,ORD00245,PROD123,5,445.81,2229.05
ITEM006752,ORD03008,PROD042,6,407.01,2442.06
ITEM006753,ORD00904,PROD060,6,522.12,3132.72
ITEM006754,ORD00619,PROD059,2,722.17,1444.34
ITEM006755,ORD03756,PROD115,4,549.24,2196.96
ITEM006756,ORD04658,PROD119,4,765.31,3061.24
ITEM006757,ORD01108,PROD145,4,696.86,2787.44
ITEM006758,ORD03513,PROD143,6,308.9,1853.4
ITEM006759,ORD00587,PROD143,3,766.65,2299.95
ITEM006760,ORD03183,PROD030,4,449.5,1798.0
ITEM006761,ORD01405,PROD140,6,633.75,3802.5
ITEM006762,ORD02832,PROD101,3,655.91,1967.73
ITEM006763,ORD03354,PROD029,4,722.09,2888.36
ITEM006764,ORD02049,PROD068,1,297.8,297.8
ITEM006765,ORD00818,PROD012,2,371.42,742.84
ITEM006766,ORD04212,PROD149,6,542.1,3252.6
ITEM006767,ORD02784,PROD013,5,231.56,1157.8
ITEM006768,ORD02336,PROD136,1,263.92,263.92
ITEM006769,ORD02809,PROD012,4,604.69,2418.76
ITEM006770,ORD03057,PROD014,6,241.65,1449.9
ITEM006771,ORD00800,PROD038,5,579.67,2898.35
ITEM006772,ORD02717,PROD013,2,331.16,662.32
ITEM006773,ORD04900,PROD109,1,419.8,419.8
ITEM006774,ORD02452,PROD008,2,132.07,264.14
ITEM006775,ORD04951,PROD063,2,752.35,1504.7
ITEM006776,ORD02950,PROD068,6,155.02,930.12
ITEM006777,ORD04803,PROD144,2,601.68,1203.36
ITEM006778,ORD03744,PROD048,3,512.18,1536.54
ITEM006779,ORD03382,PROD136,3,94.1,282.3
ITEM006780,ORD01150,PROD044,1,266.59,266.59
ITEM006781,ORD01971,PROD013,1,683.73,683.73
ITEM006782,ORD01872,PROD039,1,679.85,679.85
ITEM006783,ORD04491,PROD052,4,344.65,1378.6
ITEM006784,ORD04892,PROD079,3,111.57,334.71
ITEM006785,ORD00713,PROD117,1,468.61,468.61
ITEM006786,ORD01937,PROD098,6,230.94,1385.64
ITEM006787,ORD00870,PROD111,4,595.0,2380.0
ITEM006788,ORD02195,PROD033,5,184.75,923.75
ITEM006789,ORD02527,PROD110,5,187.77,938.85
ITEM006790,ORD00484,PROD005,1,709.38,709.38
ITEM006791,ORD02294,PROD131,1,557.75,557.75
ITEM006792,ORD03067,PROD065,4,476.82,1907.28
ITEM006793,ORD02678,PROD056,5,377.96,1889.8
ITEM006794,ORD01052,PROD125,6,59.5,357.0
ITEM006795,ORD02313,PROD117,6,137.22,823.32
ITEM006796,ORD02464,PROD059,5,623.9,3119.5
ITEM006797,ORD02407,PROD112,5,689.07,3445.35
ITEM006798,ORD03007,PROD9999,3,376.86,1130.58
ITEM006799,ORD01778,PROD107,6,648.13,3888.78
ITEM006800,ORD04925,PROD114,6,79.76,478.56
ITEM006801,ORD03831,PROD090,6,478.42,2870.52
ITEM006802,ORD01365,PROD066,5,210.6,1053.0
ITEM006803,ORD03407,PROD002,1,69.62,69.62
ITEM006804,ORD03431,PROD111,6,518.2,3109.2
ITEM006805,ORD02245,PROD054,5,670.86,3354.3
ITEM006806,ORD01522,PROD028,5,389.78,1948.9
ITEM006807,ORD02951,PROD014,4,114.92,459.68
ITEM006808,ORD00504,PROD086,4,585.35,2341.4
ITEM006809,ORD03250,PROD150,3,547.31,1641.93
ITEM006810,ORD00204,PROD018,6,484.08,2904.48
ITEM006811,ORD04860,PROD132,4,654.01,2616.04
ITEM006812,ORD01369,PROD132,3,218.45,655.35
ITEM006813,ORD00030,PROD001,1,185.29,185.29
ITEM006814,ORD03506,PROD112,1,326.42,326.42
ITEM006815,ORD03184,PROD087,5,783.01,3915.05
ITEM006816,ORD02111,PROD125,6,491.73,2950.38
ITEM006817,ORD03299,PROD043,6,720.55,4323.3
ITEM006818,ORD03404,PROD048,2,100.58,201.16
ITEM006819,ORD02200,PROD096,4,77.88,311.52
ITEM006820,ORD01776,PROD053,2,514.72,1029.44
ITEM006821,ORD04319,PROD111,1,559.68,559.68
ITEM006822,ORD02959,PROD123,3,692.88,2078.64
ITEM006823,ORD00249,PROD042,6,659.6,3957.6
ITEM006824,ORD00873,PROD107,3,352.27,1056.81
ITEM006825,ORD02321,PROD139,2,690.13,1380.26
ITEM006826,ORD01779,PROD120,6,133.33,799.98
ITEM006827,ORD04093,PROD094,4,256.11,1024.44
ITEM006828,ORD03272,PROD118,2,731.03,1462.06
ITEM006829,ORD03211,PROD020,4,351.31,1405.24
ITEM006830,ORD999999,PROD115,5,560.56,2802.8
ITEM006831,ORD00510,PROD135,6,644.7,3868.2
ITEM006832,ORD01380,PROD116,6,586.66,3519.96
ITEM006833,ORD00993,PROD107,3,229.84,689.52
ITEM006834,ORD01410,PROD009,1,118.51,118.51
ITEM006835,ORD04119,PROD090,3,585.8,1757.4
ITEM006836,ORD00996,PROD045,4,407.53,1630.12
ITEM006837,ORD00579,PROD147,2,262.91,525.82
ITEM006838,ORD00595,PROD095,6,787.3,4723.8
ITEM006839,ORD01188,PROD121,1,282.77,282.77
ITEM006840,ORD03155,PROD017,4,556.03,2224.12
ITEM006841,ORD04523,PROD116,1,712.14,712.14
ITEM006842,ORD03567,PROD010,6,633.82,3802.92
ITEM006843,ORD03197,PROD001,6,64.89,389.34
ITEM006844,ORD01988,PROD049,3,631.45,1894.35
ITEM006845,ORD02755,PROD016,6,469.46,2816.76
ITEM006846,ORD01730,PROD014,1,552.77,552.77
ITEM006847,ORD03263,PROD145,6,295.66,1773.96
ITEM006848,ORD02684,PROD139,5,311.67,1558.35
ITEM006849,ORD04920,PROD003,5,250.57,1252.85
ITEM006850,ORD01830,PROD095,5,86.94,434.7
ITEM006851,ORD04772,PROD047,6,168.5,1011.0
ITEM006852,ORD04716,PROD035,5,615.21,3076.05
ITEM006853,ORD04250,PROD126,4,291.11,1164.44
ITEM006854,ORD02461,PROD011,1,600.89,600.89
ITEM006855,ORD00962,PROD098,6,323.38,1940.28
ITEM006856,ORD03760,PROD062,5,729.16,3645.8
ITEM006857,ORD00234,PROD064,3,583.88,1751.64
ITEM006858,ORD01076,PROD065,4,521.59,2086.36
ITEM006859,ORD03152,PROD026,3,380.39,1141.17
ITEM006860,ORD01057,PROD066,5,125.61,628.05
ITEM006861,ORD02283,PROD076,2,512.39,1024.78
ITEM006862,ORD02900,PROD090,1,551.7,551.7
ITEM006863,ORD02384,PROD113,6,105.1,630.6
ITEM006864,ORD00916,PROD047,2,749.05,1498.1
ITEM006865,ORD01784,PROD030,5,691.31,3456.55
ITEM006866,ORD01213,PROD102,4,327.26,1309.04
ITEM006867,ORD02945,PROD114,3,593.97,1781.91
ITEM006868,ORD02242,PROD103,4,549.19,2196.76
ITEM006869,ORD03518,PROD042,3,522.76,1568.28
ITEM006870,ORD02287,PROD012,2,480.93,961.86
ITEM006871,ORD04698,PROD032,5,245.22,1226.1
ITEM006872,ORD01973,PROD043,6,242.65,1455.9
ITEM006873,ORD00784,PROD104,2,119.6,239.2
ITEM006874,ORD02737,PROD132,4,166.16,664.64
ITEM006875,ORD01225,PROD146,1,525.71,525.71
ITEM006876,ORD03831,PROD039,3,741.28,2223.84
ITEM006877,ORD01539,PROD022,3,493.79,1481.37
ITEM006878,ORD04691,PROD140,5,262.79,1313.95
ITEM006879,ORD04198,PROD044,6,625.07,3750.42
ITEM006880,ORD04036,PROD006,5,654.26,3271.3
ITEM006881,ORD04522,PROD017,6,613.43,3680.58
ITEM006882,ORD00144,PROD119,1,228.88,228.88
ITEM006883,ORD04460,PROD082,5,192.51,962.55
ITEM006884,ORD01960,PROD144,3,504.28,1512.84
ITEM006885,ORD03968,PROD024,2,284.33,568.66
ITEM006886,ORD04583,PROD099,1,346.01,346.01
ITEM006887,ORD04381,PROD079,4,462.26,1849.04
ITEM006888,ORD04184,PROD063,3,76.17,228.51
ITEM006889,ORD00289,PROD120,1,604.36,604.36
ITEM006890,ORD04263,PROD039,4,208.62,834.48
ITEM006891,ORD02333,PROD079,6,318.69,1912.14
ITEM006892,ORD02509,PROD029,1,481.2,481.2
ITEM006893,ORD03405,PROD067,4,478.55,1914.2
ITEM006894,ORD03722,PROD121,1,570.75,570.75
ITEM006895,ORD01638,PROD114,3,565.24,1695.72
ITEM006896,ORD04627,PROD014,5,358.8,1794.0
ITEM006897,ORD02345,PROD017,6,337.59,2025.54
ITEM006898,ORD03552,PROD126,4,166.58,666.32
ITEM006899,ORD00859,PROD130,5,232.06,1160.3
ITEM006900,ORD03214,PROD058,5,459.98,2299.9
ITEM006901,ORD00696,PROD148,3,439.74,1319.22
ITEM006902,ORD01324,PROD113,6,648.01,3888.06
ITEM006903,ORD00280,PROD015,1,614.64,614.64
ITEM006904,ORD03960,PROD073,2,172.19,344.38
ITEM006905,ORD01985,PROD101,3,255.69,767.07
ITEM006906,ORD03734,PROD134,3,317.81,953.43
ITEM006907,ORD01055,PROD037,4,754.04,3016.16
ITEM006908,ORD01099,PROD110,1,230.06,230.06
ITEM006909,ORD03687,PROD089,1,422.77,422.77
ITEM006910,ORD01089,PROD081,1,554.5,554.5
ITEM006911,ORD04177,PROD117,3,495.89,1487.67
ITEM006912,ORD01772,PROD133,1,100.05,100.05
ITEM006913,ORD03968,PROD025,5,124.96,624.8
ITEM006914,ORD03622,PROD107,6,444.56,2667.36
ITEM006915,ORD03936,PROD9999,3,608.52,1825.56
ITEM006916,ORD03679,PROD055,3,438.14,1314.42
ITEM006917,ORD03792,PROD034,2,206.05,412.1
ITEM006918,ORD04270,PROD058,5,718.95,3594.75
ITEM006919,ORD03492,PROD132,1,167.24,167.24
ITEM006920,ORD01433,PROD063,2,116.41,232.82
ITEM006921,ORD00469,PROD021,1,470.15,470.15
ITEM006922,ORD00503,PROD071,3,440.67,1322.01
ITEM006923,ORD03803,PROD050,5,758.33,3791.65
ITEM006924,ORD01548,PROD057,3,493.9,1481.7
ITEM006925,ORD03263,PROD050,5,678.71,3393.55
ITEM006926,ORD01283,PROD131,4,357.63,1430.52
ITEM006927,ORD02207,PROD002,1,776.16,776.16
ITEM006928,ORD02013,PROD012,6,774.52,4647.12
ITEM006929,ORD03556,PROD058,5,153.81,769.05
ITEM006930,ORD04509,PROD015,2,765.43,1530.86
ITEM006931,ORD01548,PROD120,3,175.13,525.39
ITEM006932,ORD04328,PROD023,4,520.35,2081.4
ITEM006933,ORD03264,PROD138,5,575.15,2875.75
ITEM006934,ORD04470,PROD085,3,665.13,1995.39
ITEM006935,ORD03090,PROD016,3,173.17,519.51
ITEM006936,ORD02775,PROD012,4,531.47,2125.88
ITEM006937,ORD04066,PROD099,3,312.65,937.95
ITEM006938,ORD01486,PROD104,4,240.33,961.32
ITEM006939,ORD02715,PROD149,6,731.83,4390.98
ITEM006940,ORD01069,PROD107,0,746.49,1492.98
ITEM006941,ORD03920,PROD9999,5,618.57,3092.85
ITEM006942,ORD04127,PROD105,4,519.25,2077.0
ITEM006943,ORD01842,PROD054,6,604.88,3629.28
ITEM006944,ORD03578,PROD055,4,120.32,481.28
ITEM006945,ORD01257,PROD002,6,351.0,2106.0
ITEM006946,ORD00244,PROD131,2,761.69,1523.38
ITEM006947,ORD00533,PROD054,3,457.81,1373.43
ITEM006948,ORD02721,PROD138,6,782.74,4696.44
ITEM006949,ORD02274,PROD019,6,481.15,2886.9
ITEM006950,ORD03273,PROD122,1,506.12,506.12
ITEM006951,ORD02855,PROD043,6,476.48,2858.88
ITEM006952,ORD02708,PROD119,4,162.85,651.4
ITEM006953,ORD01675,PROD122,6,363.56,2181.36
ITEM006954,ORD00906,PROD063,1,443.27,443.27
ITEM006955,ORD02877,PROD071,2,694.24,1388.48
ITEM006956,ORD00642,PROD078,3,220.23,660.69
ITEM006957,ORD00890,PROD015,1,771.4,771.4
ITEM006958,ORD02958,PROD128,1,124.1,124.1
ITEM006959,ORD01066,PROD115,3,274.57,823.71
ITEM006960,ORD03700,PROD130,3,763.46,2290.38
ITEM006961,ORD03081,PROD028,2,251.19,502.38
ITEM006962,ORD04168,PROD068,2,70.53,141.06
ITEM006963,ORD03488,PROD147,4,428.34,1713.36
ITEM006964,ORD04299,PROD148,2,567.7,1135.4
ITEM006965,ORD04222,PROD023,2,540.9,1081.8
ITEM006966,ORD01776,PROD039,5,448.05,2240.25
ITEM006967,ORD04065,PROD058,3,709.86,2129.58
ITEM006968,ORD02114,PROD149,6,306.81,1840.86
ITEM006969,ORD01557,PROD113,5,681.1,3405.5
ITEM006970,ORD02145,PROD119,3,128.45,385.35
ITEM006971,ORD03248,PROD026,6,446.22,2677.32
ITEM006972,ORD01652,PROD014,2,269.69,539.38
ITEM006973,ORD00339,PROD126,4,467.09,1868.36
ITEM006974,ORD02156,PROD051,5,205.67,1028.35
ITEM006975,ORD00112,PROD008,2,287.53,575.06
ITEM006976,ORD00631,PROD048,1,516.52,516.52
ITEM006977,ORD01392,PROD144,5,443.63,2218.15
ITEM006978,ORD01783,PROD022,2,790.24,1580.48
ITEM006979,ORD03345,PROD097,6,356.86,2141.16
ITEM006980,ORD04680,PROD043,2,351.21,702.42
ITEM006981,ORD01817,PROD050,4,540.96,2163.84
ITEM006982,ORD04889,PROD130,4,554.03,2216.12
ITEM006983,ORD03264,PROD062,5,123.29,616.45
ITEM006984,ORD01130,PROD066,4,474.55,1898.2
ITEM006985,ORD04482,PROD055,5,204.49,1022.45
ITEM006986,ORD04555,PROD067,4,595.19,2380.76
ITEM006987,ORD02064,PROD031,1,655.02,655.02
ITEM006988,ORD04212,PROD031,5,413.42,2067.1
ITEM006989,ORD02407,PROD144,6,123.99,743.94
ITEM006990,ORD00085,PROD011,1,444.44,444.44
ITEM006991,ORD02084,PROD035,5,251.39,1256.95
ITEM006992,ORD01680,PROD017,1,77.01,77.01
ITEM006993,ORD02951,PROD126,2,421.57,843.14
ITEM006994,ORD04116,PROD026,3,699.67,2099.01
ITEM006995,ORD04832,PROD063,6,635.39,3812.34
ITEM006996,ORD01625,PROD094,3,262.19,786.57
ITEM006997,ORD04040,PROD125,6,404.11,2424.66
ITEM006998,ORD00787,PROD017,2,355.52,711.04
ITEM006999,ORD01938,PROD122,5,624.16,3120.8
ITEM007000,ORD02106,PROD073,6,346.53,2079.18
ITEM007001,ORD02342,PROD029,2,282.42,564.84
ITEM007002,ORD01203,PROD053,4,429.19,1716.76
ITEM007003,ORD02414,PROD070,4,543.75,2175.0
ITEM007004,ORD04805,PROD044,1,428.83,428.83
ITEM007005,ORD00855,PROD143,5,257.93,1289.65
ITEM007006,ORD02196,PROD053,4,540.52,2162.08
ITEM007007,ORD01561,PROD030,2,436.79,873.58
ITEM007008,ORD00624,PROD082,2,561.21,1122.42
ITEM007009,ORD01496,PROD143,6,205.77,1234.62
ITEM007010,ORD02259,PROD043,4,240.98,963.92
ITEM007011,ORD03395,PROD014,2,59.44,118.88
ITEM007012,ORD03691,PROD049,1,515.2,515.2
ITEM007013,ORD04035,PROD030,3,209.82,629.46
ITEM007014,ORD03548,PROD025,4,100.29,401.16
ITEM007015,ORD01067,PROD098,3,271.17,813.51
ITEM007016,ORD00556,PROD125,3,363.62,1090.86
ITEM007017,ORD01890,PROD111,3,496.94,1490.82
ITEM007018,ORD02575,PROD117,2,618.84,1237.68
ITEM007019,ORD01638,PROD018,2,255.05,510.1
ITEM007020,ORD00766,PROD003,6,129.86,779.16
ITEM007021,ORD03153,PROD110,3,692.33,2076.99
ITEM007022,ORD00232,PROD105,5,273.38,1366.9
ITEM007023,ORD03687,PROD092,6,396.88,2381.28
ITEM007024,ORD00888,PROD048,4,626.87,2507.48
ITEM007025,ORD04013,PROD017,4,78.67,314.68
ITEM007026,ORD02141,PROD022,4,746.17,2984.68
ITEM007027,ORD02059,PROD079,6,441.98,2651.88
ITEM007028,ORD04215,PROD143,4,441.81,1767.24
ITEM007029,ORD00288,PROD101,2,189.77,379.54
ITEM007030,ORD03647,PROD053,3,136.76,410.28
ITEM007031,ORD01874,PROD083,3,271.11,813.33
ITEM007032,ORD04274,PROD063,2,437.23,874.46
ITEM007033,ORD01276,PROD098,5,447.8,2239.0
ITEM007034,ORD03880,PROD132,4,732.08,2928.32
ITEM007035,ORD00341,PROD018,6,591.74,3550.44
ITEM007036,ORD03177,PROD058,6,108.61,651.66
ITEM007037,ORD01121,PROD067,3,447.63,1342.89
ITEM007038,ORD04425,PROD144,6,463.63,2781.78
ITEM007039,ORD02400,PROD107,2,600.99,1201.98
ITEM007040,ORD01021,PROD083,3,350.43,1051.29
ITEM007041,ORD00189,PROD042,5,662.85,3314.25
ITEM007042,ORD00411,PROD097,5,308.81,1544.05
ITEM007043,ORD03152,PROD052,2,290.03,580.06
ITEM007044,ORD00618,PROD141,6,189.84,1139.04
ITEM007045,ORD00430,PROD110,2,305.61,611.22
ITEM007046,ORD01590,PROD014,2,356.89,713.78
ITEM007047,ORD03131,PROD053,4,194.24,776.96
ITEM007048,ORD02399,PROD015,1,51.9,51.9
ITEM007049,ORD03275,PROD066,3,501.57,1504.71
ITEM007050,ORD00215,PROD119,2,80.84,161.68
ITEM007051,ORD02673,PROD057,4,192.06,768.24
ITEM007052,ORD03382,PROD022,3,185.36,556.08
ITEM007053,ORD02643,PROD149,6,343.92,2063.52
ITEM007054,ORD00667,PROD129,1,631.45,631.45
ITEM007055,ORD00952,PROD005,6,625.17,3751.02
ITEM007056,ORD01014,PROD141,2,207.9,415.8
ITEM007057,ORD03242,PROD140,4,464.38,1857.52
ITEM007058,ORD04267,PROD016,3,259.47,778.41
ITEM007059,ORD03366,PROD100,3,325.18,975.54
ITEM007060,ORD01241,PROD105,6,686.32,4117.92
ITEM007061,ORD04176,PROD066,1,328.94,328.94
ITEM007062,ORD01701,PROD094,1,585.28,585.28
ITEM007063,ORD01543,PROD136,3,684.32,2052.96
ITEM007064,ORD01746,PROD040,5,434.69,2173.45
ITEM007065,ORD00469,PROD060,3,670.08,2010.24
ITEM007066,ORD03350,PROD076,2,293.88,587.76
ITEM007067,ORD00832,PROD150,3,399.34,1198.02
ITEM007068,ORD02227,PROD116,4,637.89,2551.56
ITEM007069,ORD00551,PROD047,6,424.85,2549.1
ITEM007070,ORD00422,PROD110,2,703.05,1406.1
ITEM007071,ORD03775,PROD063,3,527.44,1582.32
ITEM007072,ORD03982,PROD018,2,374.91,749.82
ITEM007073,ORD03853,PROD063,1,557.67,557.67
ITEM007074,ORD04960,PROD003,1,369.65,369.65
ITEM007075,ORD01186,PROD046,6,131.29,787.74
ITEM007076,ORD04772,PROD9999,5,369.71,1848.55
ITEM007077,ORD02816,PROD016,4,616.91,2467.64
ITEM007078,ORD01941,PROD094,2,731.06,1462.12
ITEM007079,ORD01631,PROD035,6,244.65,1467.9
ITEM007080,ORD02584,PROD057,0,269.87,1079.48
ITEM007081,ORD03145,PROD016,5,610.35,3051.75
ITEM007082,ORD04615,PROD085,3,288.14,864.42
ITEM007083,ORD00122,PROD099,6,373.95,2243.7
ITEM007084,ORD03564,PROD149,3,720.74,2162.22
ITEM007085,ORD04871,PROD052,3,149.39,448.17
ITEM007086,ORD03863,PROD100,1,234.46,234.46
ITEM007087,ORD00048,PROD082,4,379.71,1518.84
ITEM007088,ORD04512,PROD037,3,420.3,1260.9
ITEM007089,ORD04610,PROD038,5,67.45,337.25
ITEM007090,ORD02407,PROD133,1,167.57,167.57
ITEM007091,ORD01518,PROD055,5,78.2,391.0
ITEM007092,ORD00786,PROD104,6,668.64,4011.84
ITEM007093,ORD02526,PROD144,3,691.69,2075.07
ITEM007094,ORD00319,PROD019,2,144.24,288.48
ITEM007095,ORD04796,PROD066,4,73.28,293.12
ITEM007096,ORD04334,PROD106,6,576.44,3458.64
ITEM007097,ORD01428,PROD142,6,326.68,1960.08
ITEM007098,ORD04931,PROD098,4,185.65,742.6
ITEM007099,ORD00042,PROD015,2,607.5,1215.0
ITEM007100,ORD04119,PROD008,3,120.25,360.75
ITEM007101,ORD03601,PROD098,2,641.58,1283.16
ITEM007102,ORD00221,PROD117,2,213.62,427.24
ITEM007103,ORD01958,PROD116,2,787.79,1575.58
ITEM007104,ORD00670,PROD094,2,240.45,480.9
ITEM007105,ORD04892,PROD085,5,521.24,2606.2
ITEM007106,ORD00208,PROD037,2,377.07,754.14
ITEM007107,ORD04245,PROD061,6,731.62,4389.72
ITEM007108,ORD02198,PROD049,2,464.65,929.3
ITEM007109,ORD04935,PROD015,3,191.82,575.46
ITEM007110,ORD04598,PROD030,2,164.59,329.18
ITEM007111,ORD01778,PROD111,3,359.74,1079.22
ITEM007112,ORD00929,PROD023,1,654.22,654.22
ITEM007113,ORD03118,PROD103,3,378.35,1135.05
ITEM007114,ORD04126,PROD126,2,427.93,855.86
ITEM007115,ORD999999,PROD021,5,374.79,1873.95
ITEM007116,ORD04970,PROD038,6,334.92,2009.52
ITEM007117,ORD01508,PROD003,6,127.07,762.42
ITEM007118,ORD04065,PROD088,1,391.93,391.93
ITEM007119,ORD00651,PROD103,1,73.14,73.14
ITEM007120,ORD03613,PROD144,5,647.08,3235.4
ITEM007121,ORD03548,PROD052,6,649.09,3894.54
ITEM007122,ORD04502,PROD132,2,359.53,719.06
ITEM007123,ORD00916,PROD003,6,418.57,2511.42
ITEM007124,ORD01585,PROD070,1,462.49,462.49
ITEM007125,ORD01875,PROD121,6,516.49,3098.94
ITEM007126,ORD00184,PROD114,2,786.76,1573.52
ITEM007127,ORD01418,PROD024,3,275.91,827.73
ITEM007128,ORD999999,PROD146,2,207.14,414.28
ITEM007129,ORD04934,PROD027,3,374.59,1123.77
ITEM007130,ORD04923,PROD040,4,677.12,2708.48
ITEM007131,ORD01252,PROD071,6,657.1,3942.6
ITEM007132,ORD03549,PROD038,4,120.52,482.08
ITEM007133,ORD04880,PROD050,4,146.98,587.92
ITEM007134,ORD00675,PROD084,2,775.48,1550.96
ITEM007135,ORD04651,PROD091,5,268.47,1342.35
ITEM007136,ORD01238,PROD078,1,292.88,292.88
ITEM007137,ORD03630,PROD109,3,344.57,1033.71
ITEM007138,ORD03707,PROD067,1,585.49,585.49
ITEM007139,ORD00594,PROD031,3,672.7,2018.1
ITEM007140,ORD01019,PROD113,2,350.0,700.0
ITEM007141,ORD02676,PROD008,6,402.03,2412.18
ITEM007142,ORD01295,PROD149,3,52.11,156.33
ITEM007143,ORD04252,PROD100,1,55.33,55.33
ITEM007144,ORD03542,PROD073,6,528.5,3171.0
ITEM007145,ORD04308,PROD089,1,276.79,276.79
ITEM007146,ORD04295,PROD030,2,90.9,181.8
ITEM007147,ORD01195,PROD086,2,205.05,410.1
ITEM007148,ORD03530,PROD046,1,798.28,798.28
ITEM007149,ORD02637,PROD063,3,595.29,1785.87
ITEM007150,ORD01088,PROD072,1,293.29,293.29
ITEM007151,ORD00328,PROD117,2,464.12,928.24
ITEM007152,ORD01795,PROD083,1,535.22,535.22
ITEM007153,ORD00049,PROD085,1,795.81,795.81
ITEM007154,ORD00655,PROD053,1,613.79,613.79
ITEM007155,ORD999999,PROD094,5,577.87,2889.35
ITEM007156,ORD04133,PROD115,1,175.84,175.84
ITEM007157,ORD03697,PROD030,5,624.96,3124.8
ITEM007158,ORD01084,PROD093,6,578.82,3472.92
ITEM007159,ORD02791,PROD133,1,573.4,573.4
ITEM007160,ORD03109,PROD022,5,752.31,3761.55
ITEM007161,ORD03750,PROD095,5,329.41,1647.05
ITEM007162,ORD01127,PROD035,1,694.22,694.22
ITEM007163,ORD00874,PROD067,6,71.19,427.14
ITEM007164,ORD02150,PROD125,4,293.94,1175.76
ITEM007165,ORD00960,PROD042,6,787.91,4727.46
ITEM007166,ORD03152,PROD124,4,651.95,2607.8
ITEM007167,ORD04246,PROD025,1,92.19,92.19
ITEM007168,ORD02195,PROD064,2,211.12,422.24
ITEM007169,ORD00957,PROD111,3,509.47,1528.41
ITEM007170,ORD03531,PROD142,6,548.24,3289.44
ITEM007171,ORD03309,PROD029,2,95.42,190.84
ITEM007172,ORD02844,PROD046,1,192.26,192.26
ITEM007173,ORD02159,PROD035,6,68.36,410.16
ITEM007174,ORD04367,PROD004,6,101.79,610.74
ITEM007175,ORD00744,PROD057,1,611.35,611.35
ITEM007176,ORD02951,PROD093,5,216.78,1083.9
ITEM007177,ORD00663,PROD058,5,375.13,1875.65
ITEM007178,ORD03694,PROD112,5,164.68,823.4
ITEM007179,ORD01620,PROD095,4,211.25,845.0
ITEM007180,ORD02570,PROD145,0,734.81,3674.05
ITEM007181,ORD03449,PROD039,4,794.37,3177.48
ITEM007182,ORD01933,PROD052,1,92.47,92.47
ITEM007183,ORD00577,PROD034,6,776.25,4657.5
ITEM007184,ORD00087,PROD049,2,436.63,873.26
ITEM007185,ORD00046,PROD119,3,405.88,1217.64
ITEM007186,ORD04898,PROD112,6,615.87,3695.22
ITEM007187,ORD02428,PROD019,2,573.56,1147.12
ITEM007188,ORD01176,PROD108,1,55.07,55.07
ITEM007189,ORD04690,PROD001,4,519.29,2077.16
ITEM007190,ORD02267,PROD142,2,136.33,272.66
ITEM007191,ORD00609,PROD082,6,430.48,2582.88
ITEM007192,ORD00694,PROD034,3,182.71,548.13
ITEM007193,ORD00808,PROD100,1,559.31,559.31
ITEM007194,ORD01420,PROD141,4,254.26,1017.04
ITEM007195,ORD04189,PROD017,2,706.34,1412.68
ITEM007196,ORD04589,PROD051,2,200.31,400.62
ITEM007197,ORD03821,PROD055,3,424.59,1273.77
ITEM007198,ORD02435,PROD9999,2,758.81,1517.62
ITEM007199,ORD02517,PROD033,1,167.59,167.59
ITEM007200,ORD01737,PROD066,4,743.37,2973.48
ITEM007201,ORD00973,PROD013,2,223.4,446.8
ITEM007202,ORD00917,PROD090,6,654.24,3925.44
ITEM007203,ORD00083,PROD051,1,348.06,348.06
ITEM007204,ORD04997,PROD9999,2,75.36,150.72
ITEM007205,ORD999999,PROD135,4,387.21,1548.84
ITEM007206,ORD02431,PROD017,4,796.4,3185.6
ITEM007207,ORD04123,PROD127,6,382.22,2293.32
ITEM007208,ORD04606,PROD097,1,552.62,552.62
ITEM007209,ORD00655,PROD105,2,491.35,982.7
ITEM007210,ORD02957,PROD052,1,269.75,269.75
ITEM007211,ORD02343,PROD115,1,58.29,58.29
ITEM007212,ORD999999,PROD147,4,670.84,2683.36
ITEM007213,ORD00823,PROD067,3,509.86,1529.58
ITEM007214,ORD03117,PROD011,4,287.99,1151.96
ITEM007215,ORD00234,PROD006,1,646.93,646.93
ITEM007216,ORD04414,PROD113,1,162.6,162.6
ITEM007217,ORD00263,PROD138,2,658.92,1317.84
ITEM007218,ORD00446,PROD130,5,530.28,2651.4
ITEM007219,ORD00562,PROD018,4,288.17,1152.68
ITEM007220,ORD00973,PROD091,1,132.27,132.27
ITEM007221,ORD01112,PROD059,2,66.99,133.98
ITEM007222,ORD03144,PROD031,2,513.77,1027.54
ITEM007223,ORD00587,PROD101,5,747.67,3738.35
ITEM007224,ORD03860,PROD107,2,363.28,726.56
ITEM007225,ORD00643,PROD099,4,601.4,2405.6
ITEM007226,ORD00291,PROD104,1,759.11,759.11
ITEM007227,ORD04528,PROD019,6,680.13,4080.78
ITEM007228,ORD04076,PROD024,6,196.16,1176.96
ITEM007229,ORD04441,PROD107,4,675.11,2700.44
ITEM007230,ORD04793,PROD123,2,381.27,762.54
ITEM007231,ORD02884,PROD031,1,408.96,408.96
ITEM007232,ORD00674,PROD045,6,739.02,4434.12
ITEM007233,ORD01915,PROD047,6,519.77,3118.62
ITEM007234,ORD01731,PROD133,4,506.64,2026.56
ITEM007235,ORD00934,PROD9999,5,392.01,1960.05
ITEM007236,ORD01418,PROD076,3,636.47,1909.41
ITEM007237,ORD03490,PROD132,1,411.18,411.18
ITEM007238,ORD01084,PROD057,1,672.12,672.12
ITEM007239,ORD03194,PROD141,5,386.45,1932.25
ITEM007240,ORD03076,PROD073,6,351.62,2109.72
ITEM007241,ORD01346,PROD057,1,742.76,742.76
ITEM007242,ORD00064,PROD001,1,528.79,528.79
ITEM007243,ORD02113,PROD107,5,192.03,960.15
ITEM007244,ORD02940,PROD074,1,226.2,226.2
ITEM007245,ORD01751,PROD044,1,199.88,199.88
ITEM007246,ORD00628,PROD036,4,216.47,865.88
ITEM007247,ORD04118,PROD048,3,458.37,1375.11
ITEM007248,ORD999999,PROD070,1,218.29,218.29
ITEM007249,ORD01325,PROD131,1,63.14,63.14
ITEM007250,ORD00286,PROD026,6,500.24,3001.44
ITEM007251,ORD04876,PROD014,3,78.14,234.42
ITEM007252,ORD00679,PROD030,0,392.19,2353.14
ITEM007253,ORD04593,PROD040,2,435.35,870.7
ITEM007254,ORD04060,PROD130,3,398.06,1194.18
ITEM007255,ORD00270,PROD100,2,259.99,519.98
ITEM007256,ORD02358,PROD127,3,89.09,267.27
ITEM007257,ORD02357,PROD097,1,480.05,480.05
ITEM007258,ORD02557,PROD036,2,160.94,321.88
ITEM007259,ORD04429,PROD111,4,205.67,822.68
ITEM007260,ORD04789,PROD131,3,700.47,2101.41
ITEM007261,ORD01988,PROD129,2,274.43,548.86
ITEM007262,ORD00793,PROD074,6,75.37,452.22
ITEM007263,ORD03019,PROD011,2,514.51,1029.02
ITEM007264,ORD04065,PROD056,1,367.23,367.23
ITEM007265,ORD00230,PROD127,3,263.99,791.97
ITEM007266,ORD02982,PROD058,5,390.27,1951.35
ITEM007267,ORD999999,PROD144,4,67.08,268.32
ITEM007268,ORD02088,PROD024,1,317.31,317.31
ITEM007269,ORD04914,PROD068,5,575.84,2879.2
ITEM007270,ORD04937,PROD042,5,435.36,2176.8
ITEM007271,ORD04218,PROD078,3,522.48,1567.44
ITEM007272,ORD04829,PROD136,3,89.87,269.61
ITEM007273,ORD00554,PROD097,6,475.24,2851.44
ITEM007274,ORD01735,PROD117,1,597.34,597.34
ITEM007275,ORD02149,PROD059,2,192.77,385.54
ITEM007276,ORD01018,PROD130,2,793.47,1586.94
ITEM007277,ORD00841,PROD072,5,349.58,1747.9
ITEM007278,ORD01169,PROD068,6,426.35,2558.1
ITEM007279,ORD01168,PROD9999,3,438.88,1316.64
ITEM007280,ORD01841,PROD073,2,567.37,1134.74
ITEM007281,ORD01106,PROD032,5,530.01,2650.05
ITEM007282,ORD00327,PROD030,6,383.8,2302.8
ITEM007283,ORD04383,PROD096,5,439.5,2197.5
ITEM007284,ORD04039,PROD046,2,271.25,542.5
ITEM007285,ORD01619,PROD112,1,379.31,379.31
ITEM007286,ORD00531,PROD067,2,350.81,701.62
ITEM007287,ORD03465,PROD027,5,720.37,3601.85
ITEM007288,ORD02158,PROD096,2,70.36,140.72
ITEM007289,ORD03732,PROD001,5,307.32,1536.6
ITEM007290,ORD01058,PROD070,4,441.56,1766.24
ITEM007291,ORD00149,PROD087,6,62.19,373.14
ITEM007292,ORD01574,PROD046,3,281.63,844.89
ITEM007293,ORD02786,PROD118,5,339.29,1696.45
ITEM007294,ORD04577,PROD002,1,210.96,210.96
ITEM007295,ORD01367,PROD034,3,746.56,2239.68
ITEM007296,ORD03884,PROD102,4,588.25,2353.0
ITEM007297,ORD01992,PROD127,6,162.21,973.26
ITEM007298,ORD02486,PROD072,2,100.09,200.18
ITEM007299,ORD00550,PROD114,4,80.14,320.56
ITEM007300,ORD999999,PROD137,6,645.81,3874.86
ITEM007301,ORD01570,PROD102,6,355.07,2130.42
ITEM007302,ORD00258,PROD087,6,297.39,1784.34
ITEM007303,ORD01631,PROD122,1,705.91,705.91
ITEM007304,ORD04591,PROD054,4,422.21,1688.84
ITEM007305,ORD02342,PROD080,1,239.23,239.23
ITEM007306,ORD04873,PROD029,2,571.59,1143.18
ITEM007307,ORD02839,PROD129,5,792.41,3962.05
ITEM007308,ORD02074,PROD010,5,64.02,320.1
ITEM007309,ORD03447,PROD146,5,96.66,483.3
ITEM007310,ORD04110,PROD111,3,373.52,1120.56
ITEM007311,ORD02223,PROD095,5,425.88,2129.4
ITEM007312,ORD03954,PROD119,3,575.79,1727.37
ITEM007313,ORD03495,PROD142,5,297.32,1486.6
ITEM007314,ORD999999,PROD083,2,492.99,985.98
ITEM007315,ORD01285,PROD042,3,641.13,1923.39
ITEM007316,ORD01539,PROD098,1,651.63,651.63
ITEM007317,ORD999999,PROD129,5,51.91,259.55
ITEM007318,ORD04379,PROD073,3,190.83,572.49
ITEM007319,ORD999999,PROD123,2,168.51,337.02
ITEM007320,ORD03244,PROD079,6,168.72,1012.32
ITEM007321,ORD999999,PROD081,1,144.05,144.05
ITEM007322,ORD00143,PROD016,1,207.21,207.21
ITEM007323,ORD01357,PROD119,5,580.88,2904.4
ITEM007324,ORD01161,PROD022,5,64.36,321.8
ITEM007325,ORD02253,PROD144,6,282.12,1692.72
ITEM007326,ORD02919,PROD092,5,461.23,2306.15
ITEM007327,ORD999999,PROD051,1,147.34,147.34
ITEM007328,ORD04336,PROD015,1,384.56,384.56
ITEM007329,ORD00256,PROD138,3,506.77,1520.31
ITEM007330,ORD01202,PROD055,4,176.51,706.04
ITEM007331,ORD02912,PROD059,3,309.62,928.86
ITEM007332,ORD03522,PROD077,2,676.27,1352.54
ITEM007333,ORD04020,PROD060,1,659.63,659.63
ITEM007334,ORD00201,PROD072,3,735.86,2207.58
ITEM007335,ORD04258,PROD120,4,462.46,1849.84
ITEM007336,ORD00965,PROD056,5,410.26,2051.3
ITEM007337,ORD00992,PROD141,5,325.59,1627.95
ITEM007338,ORD00945,PROD114,1,114.38,114.38
ITEM007339,ORD00237,PROD009,4,171.53,686.12
ITEM007340,ORD04701,PROD019,2,411.06,822.12
ITEM007341,ORD01523,PROD074,2,776.46,1552.92
ITEM007342,ORD00290,PROD118,6,92.03,552.18
ITEM007343,ORD04499,PROD035,1,226.28,226.28
ITEM007344,ORD03704,PROD058,4,589.62,2358.48
ITEM007345,ORD01605,PROD135,2,412.46,824.92
ITEM007346,ORD02258,PROD147,4,525.01,2100.04
ITEM007347,ORD03593,PROD076,6,369.3,2215.8
ITEM007348,ORD02816,PROD040,2,380.28,760.56
ITEM007349,ORD04345,PROD073,2,565.85,1131.7
ITEM007350,ORD01626,PROD121,1,200.65,200.65
ITEM007351,ORD00400,PROD075,4,705.82,2823.28
ITEM007352,ORD02557,PROD062,4,606.73,2426.92
ITEM007353,ORD00509,PROD076,3,352.04,1056.12
ITEM007354,ORD00177,PROD086,4,655.77,2623.08
ITEM007355,ORD01269,PROD031,4,96.58,386.32
ITEM007356,ORD01923,PROD058,1,51.36,51.36
ITEM007357,ORD02917,PROD041,5,384.04,1920.2
ITEM007358,ORD02577,PROD070,5,176.32,881.6
ITEM007359,ORD03117,PROD033,1,222.79,222.79
ITEM007360,ORD03126,PROD029,5,247.87,1239.35
ITEM007361,ORD01585,PROD124,1,471.7,471.7
ITEM007362,ORD02590,PROD056,3,206.81,620.43
ITEM007363,ORD04739,PROD072,3,322.07,966.21
ITEM007364,ORD01175,PROD107,1,563.64,563.64
ITEM007365,ORD03059,PROD067,4,256.56,1026.24
ITEM007366,ORD04390,PROD040,5,594.16,2970.8
ITEM007367,ORD03869,PROD078,3,645.81,1937.43
ITEM007368,ORD00894,PROD141,4,534.32,2137.28
ITEM007369,ORD02293,PROD014,4,79.73,318.92
ITEM007370,ORD04880,PROD046,3,581.43,1744.29
ITEM007371,ORD04994,PROD023,5,150.68,753.4
ITEM007372,ORD00425,PROD102,5,709.61,3548.05
ITEM007373,ORD04146,PROD148,3,645.08,1935.24
ITEM007374,ORD01618,PROD068,4,659.65,2638.6
ITEM007375,ORD04003,PROD125,5,413.32,2066.6
ITEM007376,ORD03482,PROD083,5,195.66,978.3
ITEM007377,ORD00959,PROD114,1,252.49,252.49
ITEM007378,ORD01934,PROD051,5,319.89,1599.45
ITEM007379,ORD04557,PROD063,3,201.42,604.26
ITEM007380,ORD03523,PROD084,1,377.4,377.4
ITEM007381,ORD01773,PROD045,6,740.93,4445.58
ITEM007382,ORD00379,PROD029,6,651.22,3907.32
ITEM007383,ORD03270,PROD146,1,197.56,197.56
ITEM007384,ORD01989,PROD027,6,250.79,1504.74
ITEM007385,ORD00086,PROD112,3,292.4,877.2
ITEM007386,ORD01721,PROD004,1,218.62,218.62
ITEM007387,ORD03153,PROD099,3,308.26,924.78
ITEM007388,ORD00040,PROD028,4,389.07,1556.28
ITEM007389,ORD03758,PROD036,1,53.98,53.98
ITEM007390,ORD02169,PROD017,1,285.88,285.88
ITEM007391,ORD02397,PROD143,6,237.83,1426.98
ITEM007392,ORD03073,PROD040,3,71.92,215.76
ITEM007393,ORD02065,PROD141,6,422.1,2532.6
ITEM007394,ORD03619,PROD081,1,473.56,473.56
ITEM007395,ORD04509,PROD112,2,189.79,379.58
ITEM007396,ORD00914,PROD143,2,532.16,1064.32
ITEM007397,ORD04171,PROD9999,6,256.21,1537.26
ITEM007398,ORD03744,PROD114,1,428.85,428.85
ITEM007399,ORD03219,PROD085,5,249.42,1247.1
ITEM007400,ORD04031,PROD064,4,165.08,660.32
ITEM007401,ORD00803,PROD031,6,691.92,4151.52
ITEM007402,ORD01226,PROD062,1,276.11,276.11
ITEM007403,ORD04338,PROD135,5,301.22,1506.1
ITEM007404,ORD02032,PROD028,3,486.45,1459.35
ITEM007405,ORD02418,PROD003,6,610.73,3664.38
ITEM007406,ORD03423,PROD116,1,508.67,508.67
ITEM007407,ORD01228,PROD137,4,144.57,578.28
ITEM007408,ORD01481,PROD066,2,148.89,297.78
ITEM007409,ORD00892,PROD020,3,724.27,2172.81
ITEM007410,ORD04018,PROD073,5,134.95,674.75
ITEM007411,ORD00304,PROD073,1,301.61,301.61
ITEM007412,ORD00546,PROD067,1,599.71,599.71
ITEM007413,ORD00474,PROD062,5,62.13,310.65
ITEM007414,ORD02992,PROD096,2,357.08,714.16
ITEM007415,ORD03305,PROD046,4,427.3,1709.2
ITEM007416,ORD02423,PROD135,1,479.7,479.7
ITEM007417,ORD00001,PROD103,4,321.38,1285.52
ITEM007418,ORD03286,PROD078,6,771.38,4628.28
ITEM007419,ORD01869,PROD004,1,409.26,409.26
ITEM007420,ORD03297,PROD032,1,711.46,711.46
ITEM007421,ORD04395,PROD094,5,568.19,2840.95
ITEM007422,ORD00870,PROD019,6,506.53,3039.18
ITEM007423,ORD00420,PROD064,4,366.11,1464.44
ITEM007424,ORD00678,PROD003,4,117.01,468.04
ITEM007425,ORD02745,PROD016,4,747.49,2989.96
ITEM007426,ORD01832,PROD032,6,757.46,4544.76
ITEM007427,ORD02402,PROD139,3,115.56,346.68
ITEM007428,ORD04663,PROD103,1,308.68,308.68
ITEM007429,ORD03824,PROD022,1,430.12,430.12
ITEM007430,ORD01331,PROD082,1,185.16,185.16
ITEM007431,ORD00072,PROD029,5,239.22,1196.1
ITEM007432,ORD01901,PROD027,3,538.68,1616.04
ITEM007433,ORD02365,PROD041,1,495.69,495.69
ITEM007434,ORD01062,PROD129,2,585.79,1171.58
ITEM007435,ORD03051,PROD114,6,789.0,4734.0
ITEM007436,ORD02575,PROD117,2,745.29,1490.58
ITEM007437,ORD00525,PROD043,3,589.83,1769.49
ITEM007438,ORD00976,PROD102,5,664.1,3320.5
ITEM007439,ORD03241,PROD070,1,607.89,607.89
ITEM007440,ORD00274,PROD072,2,433.9,867.8
ITEM007441,ORD04281,PROD142,6,602.73,3616.38
ITEM007442,ORD02595,PROD011,1,516.96,516.96
ITEM007443,ORD04608,PROD135,1,233.19,233.19
ITEM007444,ORD02831,PROD082,4,307.62,1230.48
ITEM007445,ORD01625,PROD142,1,172.89,172.89
ITEM007446,ORD01703,PROD101,4,364.73,1458.92
ITEM007447,ORD01024,PROD080,6,348.2,2089.2
ITEM007448,ORD03235,PROD081,6,553.65,3321.9
ITEM007449,ORD01433,PROD014,1,552.17,552.17
ITEM007450,ORD03545,PROD104,2,368.58,737.16
ITEM007451,ORD03930,PROD002,1,188.61,188.61
ITEM007452,ORD04647,PROD102,4,171.09,684.36
ITEM007453,ORD02936,PROD100,1,357.21,357.21
ITEM007454,ORD00981,PROD124,4,310.74,1242.96
ITEM007455,ORD00219,PROD029,6,686.08,4116.48
ITEM007456,ORD00678,PROD059,5,440.12,2200.6
ITEM007457,ORD04058,PROD013,5,713.92,3569.6
ITEM007458,ORD04543,PROD102,6,102.94,617.64
ITEM007459,ORD03475,PROD106,1,659.98,659.98
ITEM007460,ORD03531,PROD139,2,632.75,1265.5
ITEM007461,ORD02603,PROD110,5,629.83,3149.15
ITEM007462,ORD02126,PROD061,6,701.41,4208.46
ITEM007463,ORD01207,PROD040,4,247.11,988.44
ITEM007464,ORD04771,PROD007,6,368.34,2210.04
ITEM007465,ORD00488,PROD124,5,177.75,888.75
ITEM007466,ORD03670,PROD020,1,793.69,793.69
ITEM007467,ORD04241,PROD031,2,671.65,1343.3
ITEM007468,ORD01914,PROD029,6,527.93,3167.58
ITEM007469,ORD02466,PROD116,1,756.92,756.92
ITEM007470,ORD00294,PROD050,5,400.23,2001.15
ITEM007471,ORD00703,PROD074,5,616.31,3081.55
ITEM007472,ORD03048,PROD112,6,679.4,4076.4
ITEM007473,ORD00336,PROD119,3,258.39,775.17
ITEM007474,ORD01520,PROD072,4,754.74,3018.96
ITEM007475,ORD00456,PROD065,1,631.39,631.39
ITEM007476,ORD01454,PROD089,3,700.43,2101.29
ITEM007477,ORD02118,PROD132,2,355.6,711.2
ITEM007478,ORD00046,PROD087,2,771.59,1543.18
ITEM007479,ORD00785,PROD133,4,107.05,428.2
ITEM007480,ORD02787,PROD100,2,293.43,586.86
ITEM007481,ORD02442,PROD136,5,578.11,2890.55
ITEM007482,ORD03218,PROD113,4,399.15,1596.6
ITEM007483,ORD00232,PROD032,2,117.41,234.82
ITEM007484,ORD02068,PROD029,5,622.18,3110.9
ITEM007485,ORD00379,PROD131,4,614.95,2459.8
ITEM007486,ORD04940,PROD092,2,123.63,247.26
ITEM007487,ORD04798,PROD9999,4,345.3,1381.2
ITEM007488,ORD999999,PROD080,1,512.96,512.96
ITEM007489,ORD01959,PROD113,4,797.82,3191.28
ITEM007490,ORD03950,PROD113,5,677.22,3386.1
ITEM007491,ORD01518,PROD142,6,314.35,1886.1
ITEM007492,ORD00268,PROD041,4,111.29,445.16
ITEM007493,ORD02314,PROD044,6,334.5,2007.0
ITEM007494,ORD03296,PROD042,3,751.33,2253.99
ITEM007495,ORD04080,PROD036,3,491.81,1475.43
ITEM007496,ORD04981,PROD055,1,155.92,155.92
ITEM007497,ORD02772,PROD060,5,655.32,3276.6
ITEM007498,ORD01755,PROD127,1,192.98,192.98
ITEM007499,ORD00871,PROD128,3,134.55,403.65
ITEM007500,ORD02239,PROD086,6,204.55,1227.3
ITEM007501,ORD00498,PROD122,4,736.22,2944.88
ITEM007502,ORD00049,PROD094,3,365.32,1095.96
ITEM007503,ORD03117,PROD120,1,346.53,346.53
ITEM007504,ORD02200,PROD051,3,396.11,1188.33
ITEM007505,ORD03807,PROD111,6,483.56,2901.36
ITEM007506,ORD02284,PROD113,5,367.73,1838.65
ITEM007507,ORD02295,PROD053,1,262.71,262.71
ITEM007508,ORD00046,PROD066,4,323.49,1293.96
ITEM007509,ORD02560,PROD003,6,664.7,3988.2
ITEM007510,ORD00523,PROD101,3,427.61,1282.83
ITEM007511,ORD03675,PROD037,5,187.98,939.9
ITEM007512,ORD02787,PROD095,3,121.59,364.77
ITEM007513,ORD02184,PROD072,5,566.08,2830.4
ITEM007514,ORD04838,PROD104,4,270.83,1083.32
ITEM007515,ORD02318,PROD112,5,55.07,275.35
ITEM007516,ORD01997,PROD103,2,96.52,193.04
ITEM007517,ORD02185,PROD140,4,723.39,2893.56
ITEM007518,ORD01533,PROD131,1,335.09,335.09
ITEM007519,ORD04115,PROD143,1,665.61,665.61
ITEM007520,ORD00384,PROD114,5,330.22,1651.1
ITEM007521,ORD01281,PROD116,6,115.37,692.22
ITEM007522,ORD00379,PROD018,2,234.64,469.28
ITEM007523,ORD01239,PROD145,4,53.48,213.92
ITEM007524,ORD02525,PROD094,6,192.34,1154.04
ITEM007525,ORD00472,PROD126,4,666.46,2665.84
ITEM007526,ORD03704,PROD146,6,576.75,3460.5
ITEM007527,ORD00746,PROD011,6,479.5,2877.0
ITEM007528,ORD00314,PROD021,1,355.56,355.56
ITEM007529,ORD03899,PROD085,3,364.36,1093.08
ITEM007530,ORD00324,PROD099,6,204.11,1224.66
ITEM007531,ORD04121,PROD053,5,696.82,3484.1
ITEM007532,ORD04070,PROD138,3,714.24,2142.72
ITEM007533,ORD02443,PROD021,5,504.97,2524.85
ITEM007534,ORD02983,PROD061,5,555.63,2778.15
ITEM007535,ORD00824,PROD017,6,795.23,4771.38
ITEM007536,ORD03665,PROD090,4,117.56,470.24
ITEM007537,ORD03484,PROD115,1,739.75,739.75
ITEM007538,ORD02786,PROD9999,6,796.47,4778.82
ITEM007539,ORD02783,PROD112,1,307.56,307.56
ITEM007540,ORD02322,PROD079,5,231.73,1158.65
ITEM007541,ORD03937,PROD124,1,575.03,575.03
ITEM007542,ORD01296,PROD028,1,531.13,531.13
ITEM007543,ORD01295,PROD043,2,252.53,505.06
ITEM007544,ORD02801,PROD082,6,700.82,4204.92
ITEM007545,ORD00920,PROD061,1,310.52,310.52
ITEM007546,ORD04102,PROD039,2,631.41,1262.82
ITEM007547,ORD01629,PROD091,5,154.44,772.2
ITEM007548,ORD04855,PROD058,5,96.63,483.15
ITEM007549,ORD04568,PROD119,5,285.26,1426.3
ITEM007550,ORD02024,PROD143,3,184.3,552.9
ITEM007551,ORD03106,PROD119,1,528.14,528.14
ITEM007552,ORD03454,PROD119,5,240.61,1203.05
ITEM007553,ORD04642,PROD098,3,161.42,484.26
ITEM007554,ORD04757,PROD137,1,397.43,397.43
ITEM007555,ORD04225,PROD049,6,484.96,2909.76
ITEM007556,ORD00904,PROD047,2,561.61,1123.22
ITEM007557,ORD03184,PROD024,4,287.5,1150.0
ITEM007558,ORD00290,PROD099,4,150.21,600.84
ITEM007559,ORD01736,PROD008,4,726.39,2905.56
ITEM007560,ORD02791,PROD072,6,764.44,4586.64
ITEM007561,ORD02877,PROD064,6,792.39,4754.34
ITEM007562,ORD04594,PROD082,2,77.1,154.2
ITEM007563,ORD00705,PROD081,4,737.48,2949.92
ITEM007564,ORD01724,PROD074,3,306.72,920.16
ITEM007565,ORD00389,PROD090,1,706.55,706.55
ITEM007566,ORD03285,PROD137,4,94.05,376.2
ITEM007567,ORD04913,PROD135,1,332.38,332.38
ITEM007568,ORD03951,PROD096,6,384.0,2304.0
ITEM007569,ORD02176,PROD092,4,239.45,957.8
ITEM007570,ORD04103,PROD050,1,373.55,373.55
ITEM007571,ORD04934,PROD059,3,223.27,669.81
ITEM007572,ORD00479,PROD114,3,463.09,1389.27
ITEM007573,ORD02845,PROD008,2,695.61,1391.22
ITEM007574,ORD01703,PROD109,3,58.49,175.47
ITEM007575,ORD04680,PROD099,3,435.43,1306.29
ITEM007576,ORD03210,PROD021,5,50.41,252.05
ITEM007577,ORD04900,PROD057,5,190.86,954.3
ITEM007578,ORD03877,PROD129,3,410.54,1231.62
ITEM007579,ORD03687,PROD015,1,272.31,272.31
ITEM007580,ORD01272,PROD098,5,330.36,1651.8
ITEM007581,ORD01900,PROD075,6,577.85,3467.1
ITEM007582,ORD02501,PROD050,6,179.34,1076.04
ITEM007583,ORD02137,PROD022,5,259.95,1299.75
ITEM007584,ORD02475,PROD052,3,490.53,1471.59
ITEM007585,ORD01689,PROD145,4,629.7,2518.8
ITEM007586,ORD02461,PROD126,3,264.84,794.52
ITEM007587,ORD02370,PROD113,1,164.71,164.71
ITEM007588,ORD02312,PROD108,4,161.13,644.52
ITEM007589,ORD02385,PROD048,5,580.71,2903.55
ITEM007590,ORD00759,PROD042,5,53.32,266.6
ITEM007591,ORD00246,PROD077,1,127.07,127.07
ITEM007592,ORD02686,PROD016,2,81.96,163.92
ITEM007593,ORD03264,PROD068,4,670.93,2683.72
ITEM007594,ORD02034,PROD052,3,455.19,1365.57
ITEM007595,ORD02816,PROD100,4,526.9,2107.6
ITEM007596,ORD04331,PROD026,1,267.13,267.13
ITEM007597,ORD03700,PROD016,4,246.82,987.28
ITEM007598,ORD00695,PROD003,1,499.72,499.72
ITEM007599,ORD04603,PROD055,5,725.04,3625.2
ITEM007600,ORD04752,PROD113,1,559.88,559.88
ITEM007601,ORD01941,PROD084,2,152.72,305.44
ITEM007602,ORD01597,PROD031,5,58.26,291.3
ITEM007603,ORD01074,PROD040,4,346.74,1386.96
ITEM007604,ORD01393,PROD074,5,127.04,635.2
ITEM007605,ORD01211,PROD004,6,247.15,1482.9
ITEM007606,ORD02563,PROD077,6,261.29,1567.74
ITEM007607,ORD01072,PROD015,4,103.43,413.72
ITEM007608,ORD02887,PROD144,5,752.76,3763.8
ITEM007609,ORD04120,PROD030,3,504.55,1513.65
ITEM007610,ORD04741,PROD040,2,105.55,211.1
ITEM007611,ORD04249,PROD119,6,622.67,3736.02
ITEM007612,ORD01929,PROD070,1,673.51,673.51
ITEM007613,ORD03972,PROD079,4,730.78,2923.12
ITEM007614,ORD01500,PROD074,6,557.4,3344.4
ITEM007615,ORD01870,PROD103,5,53.69,268.45
ITEM007616,ORD04520,PROD119,0,402.34,2011.7
ITEM007617,ORD00074,PROD086,2,185.13,370.26
ITEM007618,ORD02929,PROD104,5,327.2,1636.0
ITEM007619,ORD04361,PROD027,6,713.98,4283.88
ITEM007620,ORD00968,PROD014,2,782.8,1565.6
ITEM007621,ORD02432,PROD139,3,694.44,2083.32
ITEM007622,ORD01373,PROD116,6,96.94,581.64
ITEM007623,ORD01924,PROD138,3,435.22,1305.66
ITEM007624,ORD00549,PROD115,1,132.92,132.92
ITEM007625,ORD02409,PROD101,4,730.74,2922.96
ITEM007626,ORD01028,PROD115,2,101.67,203.34
ITEM007627,ORD03275,PROD090,2,561.68,1123.36
ITEM007628,ORD04435,PROD093,3,352.34,1057.02
ITEM007629,ORD03681,PROD128,3,177.34,532.02
ITEM007630,ORD01288,PROD011,4,499.29,1997.16
ITEM007631,ORD04019,PROD009,4,699.6,2798.4
ITEM007632,ORD00158,PROD065,2,54.28,108.56
ITEM007633,ORD01868,PROD097,1,416.9,416.9
ITEM007634,ORD02696,PROD077,6,110.25,661.5
ITEM007635,ORD01841,PROD083,2,464.86,929.72
ITEM007636,ORD01975,PROD146,1,439.09,439.09
ITEM007637,ORD01319,PROD123,5,357.22,1786.1
ITEM007638,ORD00758,PROD033,2,554.2,1108.4
ITEM007639,ORD03982,PROD057,0,261.57,784.71
ITEM007640,ORD04756,PROD061,1,515.38,515.38
ITEM007641,ORD03139,PROD082,6,79.99,479.94
ITEM007642,ORD01796,PROD047,5,364.67,1823.35
ITEM007643,ORD01705,PROD124,1,278.04,278.04
ITEM007644,ORD03591,PROD049,1,721.17,721.17
ITEM007645,ORD00848,PROD053,5,677.91,3389.55
ITEM007646,ORD01482,PROD093,4,742.92,2971.68
ITEM007647,ORD04771,PROD149,2,563.26,1126.52
ITEM007648,ORD01558,PROD130,5,692.78,3463.9
ITEM007649,ORD02742,PROD150,5,459.65,2298.25
ITEM007650,ORD02311,PROD066,5,378.14,1890.7
ITEM007651,ORD01349,PROD118,4,760.27,3041.08
ITEM007652,ORD04076,PROD079,2,247.3,494.6
ITEM007653,ORD04051,PROD004,0,451.26,1353.78
ITEM007654,ORD01177,PROD054,1,597.58,597.58
ITEM007655,ORD03144,PROD081,1,646.23,646.23
ITEM007656,ORD01304,PROD063,3,276.43,829.29
ITEM007657,ORD03467,PROD150,1,490.17,490.17
ITEM007658,ORD03197,PROD008,4,569.64,2278.56
ITEM007659,ORD04493,PROD006,1,702.74,702.74
ITEM007660,ORD04728,PROD105,2,726.0,1452.0
ITEM007661,ORD00654,PROD073,2,317.76,635.52
ITEM007662,ORD03375,PROD087,4,797.16,3188.64
ITEM007663,ORD01682,PROD052,2,792.61,1585.22
ITEM007664,ORD01650,PROD139,2,638.6,1277.2
ITEM007665,ORD03156,PROD050,4,728.9,2915.6
ITEM007666,ORD04526,PROD016,6,726.92,4361.52
ITEM007667,ORD00402,PROD091,6,779.11,4674.66
ITEM007668,ORD04320,PROD062,6,157.82,946.92
ITEM007669,ORD03289,PROD073,5,500.51,2502.55
ITEM007670,ORD04862,PROD101,3,174.51,523.53
ITEM007671,ORD02018,PROD020,3,116.65,349.95
ITEM007672,ORD02980,PROD107,3,257.43,772.29
ITEM007673,ORD03756,PROD001,5,793.83,3969.15
ITEM007674,ORD999999,PROD012,3,316.81,950.43
ITEM007675,ORD04110,PROD055,1,294.01,294.01
ITEM007676,ORD01088,PROD042,5,243.64,1218.2
ITEM007677,ORD03433,PROD107,1,106.91,106.91
ITEM007678,ORD02820,PROD140,3,244.22,732.66
ITEM007679,ORD03864,PROD092,4,647.98,2591.92
ITEM007680,ORD02650,PROD121,2,130.53,261.06
ITEM007681,ORD03952,PROD069,1,630.82,630.82
ITEM007682,ORD04011,PROD081,3,219.29,657.87
ITEM007683,ORD04159,PROD052,2,246.87,493.74
ITEM007684,ORD04136,PROD122,4,429.61,1718.44
ITEM007685,ORD02876,PROD9999,6,449.67,2698.02
ITEM007686,ORD00386,PROD014,4,385.09,1540.36
ITEM007687,ORD04372,PROD118,6,159.2,955.2
ITEM007688,ORD03622,PROD133,1,589.92,589.92
ITEM007689,ORD03562,PROD086,1,683.93,683.93
ITEM007690,ORD00718,PROD121,1,600.56,600.56
ITEM007691,ORD04981,PROD006,2,417.19,834.38
ITEM007692,ORD01831,PROD057,3,565.7,1697.1
ITEM007693,ORD02336,PROD024,3,229.99,689.97
ITEM007694,ORD02061,PROD028,5,154.95,774.75
ITEM007695,ORD04470,PROD086,6,689.86,4139.16
ITEM007696,ORD03933,PROD068,1,359.57,359.57
ITEM007697,ORD04286,PROD012,2,513.84,1027.68
ITEM007698,ORD04554,PROD107,4,778.46,3113.84
ITEM007699,ORD01853,PROD041,1,206.9,206.9
ITEM007700,ORD03056,PROD093,6,407.3,2443.8
ITEM007701,ORD03493,PROD145,1,764.33,764.33
ITEM007702,ORD04540,PROD042,6,705.34,4232.04
ITEM007703,ORD02519,PROD150,1,143.22,143.22
ITEM007704,ORD01343,PROD108,3,89.36,268.08
ITEM007705,ORD00540,PROD140,2,695.44,1390.88
ITEM007706,ORD00823,PROD031,2,286.41,572.82
ITEM007707,ORD04972,PROD127,6,640.96,3845.76
ITEM007708,ORD01245,PROD9999,4,439.16,1756.64
ITEM007709,ORD01768,PROD024,3,411.22,1233.66
ITEM007710,ORD00176,PROD044,3,677.18,2031.54
ITEM007711,ORD02770,PROD059,3,480.1,1440.3
ITEM007712,ORD02360,PROD050,4,341.23,1364.92
ITEM007713,ORD01658,PROD139,3,528.81,1586.43
ITEM007714,ORD04770,PROD127,4,309.82,1239.28
ITEM007715,ORD00563,PROD113,3,453.38,1360.14
ITEM007716,ORD04380,PROD070,4,748.58,2994.32
ITEM007717,ORD00692,PROD141,1,771.04,771.04
ITEM007718,ORD03370,PROD074,6,336.4,2018.4
ITEM007719,ORD03271,PROD071,1,294.1,294.1
ITEM007720,ORD04323,PROD123,4,173.86,695.44
ITEM007721,ORD01326,PROD145,1,553.14,553.14
ITEM007722,ORD04305,PROD037,4,630.24,2520.96
ITEM007723,ORD999999,PROD111,5,685.08,3425.4
ITEM007724,ORD01883,PROD050,4,238.76,955.04
ITEM007725,ORD02685,PROD137,3,578.78,1736.34
ITEM007726,ORD01814,PROD093,2,758.98,1517.96
ITEM007727,ORD03594,PROD137,6,669.28,4015.68
ITEM007728,ORD03203,PROD128,4,190.94,763.76
ITEM007729,ORD03724,PROD119,5,450.02,2250.1
ITEM007730,ORD04461,PROD099,4,129.26,517.04
ITEM007731,ORD00863,PROD048,1,505.16,505.16
ITEM007732,ORD01520,PROD106,4,675.94,2703.76
ITEM007733,ORD03934,PROD128,2,217.15,434.3
ITEM007734,ORD04695,PROD002,4,302.97,1211.88
ITEM007735,ORD04552,PROD019,5,315.86,1579.3
ITEM007736,ORD02176,PROD106,1,607.16,607.16
ITEM007737,ORD01425,PROD007,5,534.47,2672.35
ITEM007738,ORD00491,PROD037,3,694.02,2082.06
ITEM007739,ORD02522,PROD137,4,694.71,2778.84
ITEM007740,ORD04700,PROD026,4,653.79,2615.16
ITEM007741,ORD03678,PROD014,1,604.98,604.98
ITEM007742,ORD04679,PROD077,2,185.33,370.66
ITEM007743,ORD02125,PROD008,1,703.94,703.94
ITEM007744,ORD03572,PROD9999,2,453.96,907.92
ITEM007745,ORD03175,PROD059,1,787.05,787.05
ITEM007746,ORD03573,PROD078,6,119.71,718.26
ITEM007747,ORD999999,PROD100,3,343.98,1031.94
ITEM007748,ORD02876,PROD017,4,117.02,468.08
ITEM007749,ORD02539,PROD069,6,550.15,3300.9
ITEM007750,ORD04677,PROD083,2,479.97,959.94
ITEM007751,ORD02199,PROD067,1,703.22,703.22
ITEM007752,ORD03466,PROD059,3,93.21,279.63
ITEM007753,ORD00259,PROD101,3,434.58,1303.74
ITEM007754,ORD04804,PROD058,4,502.63,2010.52
ITEM007755,ORD00214,PROD101,5,356.91,1784.55
ITEM007756,ORD00259,PROD097,3,229.56,688.68
ITEM007757,ORD02545,PROD039,2,494.89,989.78
ITEM007758,ORD03309,PROD061,5,798.22,3991.1
ITEM007759,ORD04212,PROD082,2,408.54,817.08
ITEM007760,ORD02011,PROD068,5,777.6,3888.0
ITEM007761,ORD04681,PROD035,3,646.12,1938.36
ITEM007762,ORD02629,PROD150,2,643.98,1287.96
ITEM007763,ORD02803,PROD061,2,688.55,1377.1
ITEM007764,ORD02643,PROD123,3,466.78,1400.34
ITEM007765,ORD02161,PROD131,6,306.89,1841.34
ITEM007766,ORD03291,PROD095,6,524.99,3149.94
ITEM007767,ORD04700,PROD084,5,317.64,1588.2
ITEM007768,ORD03482,PROD129,3,267.05,801.15
ITEM007769,ORD03047,PROD135,5,317.89,1589.45
ITEM007770,ORD02165,PROD085,2,262.97,525.94
ITEM007771,ORD03080,PROD023,5,522.98,2614.9
ITEM007772,ORD04465,PROD9999,1,438.14,438.14
ITEM007773,ORD02043,PROD005,3,174.76,524.28
ITEM007774,ORD02925,PROD054,6,770.06,4620.36
ITEM007775,ORD01575,PROD032,1,513.93,513.93
ITEM007776,ORD02899,PROD145,2,384.68,769.36
ITEM007777,ORD03289,PROD142,3,761.76,2285.28
ITEM007778,ORD00719,PROD061,3,740.32,2220.96
ITEM007779,ORD01388,PROD122,6,390.2,2341.2
ITEM007780,ORD03288,PROD062,1,253.61,253.61
ITEM007781,ORD999999,PROD080,5,617.93,3089.65
ITEM007782,ORD04982,PROD111,5,245.38,1226.9
ITEM007783,ORD04228,PROD007,1,709.38,709.38
ITEM007784,ORD00345,PROD050,2,598.81,1197.62
ITEM007785,ORD03098,PROD054,1,569.39,569.39
ITEM007786,ORD02527,PROD110,2,291.44,582.88
ITEM007787,ORD02941,PROD098,3,609.8,1829.4
ITEM007788,ORD02717,PROD001,1,510.65,510.65
ITEM007789,ORD02104,PROD079,4,581.62,2326.48
ITEM007790,ORD02915,PROD044,6,284.46,1706.76
ITEM007791,ORD04233,PROD040,3,793.83,2381.49
ITEM007792,ORD00736,PROD050,5,698.83,3494.15
ITEM007793,ORD03710,PROD122,5,536.88,2684.4
ITEM007794,ORD01712,PROD136,3,607.85,1823.55
ITEM007795,ORD00455,PROD052,6,272.58,1635.48
ITEM007796,ORD02695,PROD015,6,354.56,2127.36
ITEM007797,ORD03875,PROD033,2,529.59,1059.18
ITEM007798,ORD00398,PROD106,4,484.7,1938.8
ITEM007799,ORD04652,PROD100,4,615.61,2462.44
ITEM007800,ORD04288,PROD029,6,610.5,3663.0
ITEM007801,ORD01577,PROD141,6,709.02,4254.12
ITEM007802,ORD03732,PROD075,3,280.53,841.59
ITEM007803,ORD03039,PROD096,3,108.31,324.93
ITEM007804,ORD03573,PROD141,4,688.73,2754.92
ITEM007805,ORD03446,PROD061,1,123.82,123.82
ITEM007806,ORD00941,PROD079,5,709.28,3546.4
ITEM007807,ORD00169,PROD118,4,346.73,1386.92
ITEM007808,ORD04348,PROD100,3,485.21,1455.63
ITEM007809,ORD00014,PROD026,1,300.38,300.38
ITEM007810,ORD04653,PROD078,2,473.18,946.36
ITEM007811,ORD02683,PROD100,5,376.39,1881.95
ITEM007812,ORD02313,PROD085,5,343.23,1716.15
ITEM007813,ORD04293,PROD073,6,640.55,3843.3
ITEM007814,ORD03978,PROD9999,2,685.1,1370.2
ITEM007815,ORD01259,PROD032,2,60.05,120.1
ITEM007816,ORD03852,PROD139,6,610.75,3664.5
ITEM007817,ORD01018,PROD049,3,727.73,2183.19
ITEM007818,ORD00521,PROD054,2,405.34,810.68
ITEM007819,ORD02095,PROD121,3,767.05,2301.15
ITEM007820,ORD01943,PROD107,6,65.46,392.76
ITEM007821,ORD00258,PROD059,1,656.45,656.45
ITEM007822,ORD03895,PROD120,1,565.34,565.34
ITEM007823,ORD04527,PROD073,2,259.82,519.64
ITEM007824,ORD00358,PROD125,2,497.47,994.94
ITEM007825,ORD04828,PROD050,3,296.42,889.26
ITEM007826,ORD01851,PROD136,2,535.85,1071.7
ITEM007827,ORD04906,PROD135,3,528.83,1586.49
ITEM007828,ORD03298,PROD069,5,778.86,3894.3
ITEM007829,ORD00164,PROD008,5,751.53,3757.65
ITEM007830,ORD03336,PROD022,6,546.52,3279.12
ITEM007831,ORD01710,PROD033,1,551.93,551.93
ITEM007832,ORD01837,PROD096,6,219.74,1318.44
ITEM007833,ORD02121,PROD092,3,766.61,2299.83
ITEM007834,ORD00877,PROD087,2,92.36,184.72
ITEM007835,ORD01789,PROD014,1,180.78,180.78
ITEM007836,ORD00448,PROD113,2,409.63,819.26
ITEM007837,ORD03058,PROD074,3,598.42,1795.26
ITEM007838,ORD01517,PROD004,6,194.89,1169.34
ITEM007839,ORD02744,PROD089,2,676.63,1353.26
ITEM007840,ORD04984,PROD027,6,641.02,3846.12
ITEM007841,ORD01068,PROD014,2,103.45,206.9
ITEM007842,ORD00057,PROD028,4,749.33,2997.32
ITEM007843,ORD01234,PROD062,6,96.86,581.16
ITEM007844,ORD02929,PROD091,1,401.29,401.29
ITEM007845,ORD02037,PROD136,3,435.21,1305.63
ITEM007846,ORD00441,PROD115,4,748.94,2995.76
ITEM007847,ORD04780,PROD012,4,168.36,673.44
ITEM007848,ORD04469,PROD004,6,430.89,2585.34
ITEM007849,ORD04627,PROD051,1,597.74,597.74
ITEM007850,ORD02497,PROD097,2,689.39,1378.78
ITEM007851,ORD00906,PROD145,5,610.99,3054.95
ITEM007852,ORD04801,PROD147,3,699.31,2097.93
ITEM007853,ORD01279,PROD126,2,147.64,295.28
ITEM007854,ORD00255,PROD141,4,491.83,1967.32
ITEM007855,ORD03481,PROD117,3,503.61,1510.83
ITEM007856,ORD03134,PROD103,4,335.67,1342.68
ITEM007857,ORD03332,PROD059,4,625.02,2500.08
ITEM007858,ORD02089,PROD052,3,372.69,1118.07
ITEM007859,ORD02450,PROD020,2,486.2,972.4
ITEM007860,ORD999999,PROD021,6,567.77,3406.62
ITEM007861,ORD01193,PROD092,3,742.22,2226.66
ITEM007862,ORD04674,PROD036,3,669.57,2008.71
ITEM007863,ORD02222,PROD123,3,164.0,492.0
ITEM007864,ORD04510,PROD141,1,334.69,334.69
ITEM007865,ORD00381,PROD084,5,56.97,284.85
ITEM007866,ORD04884,PROD069,2,733.62,1467.24
ITEM007867,ORD02968,PROD124,5,315.98,1579.9
ITEM007868,ORD01971,PROD077,4,792.79,3171.16
ITEM007869,ORD01030,PROD115,4,158.31,633.24
ITEM007870,ORD00416,PROD077,5,648.27,3241.35
ITEM007871,ORD04476,PROD102,4,725.16,2900.64
ITEM007872,ORD00857,PROD071,1,216.34,216.34
ITEM007873,ORD04652,PROD102,2,699.3,1398.6
ITEM007874,ORD03738,PROD148,2,674.39,1348.78
ITEM007875,ORD00717,PROD004,2,676.69,1353.38
ITEM007876,ORD04870,PROD007,3,532.27,1596.81
ITEM007877,ORD03048,PROD122,3,134.16,402.48
ITEM007878,ORD04746,PROD051,3,518.78,1556.34
ITEM007879,ORD04397,PROD135,4,726.7,2906.8
ITEM007880,ORD03654,PROD106,2,203.52,407.04
ITEM007881,ORD01489,PROD009,2,141.08,282.16
ITEM007882,ORD01292,PROD029,1,604.44,604.44
ITEM007883,ORD00364,PROD003,1,705.46,705.46
ITEM007884,ORD00399,PROD145,5,551.13,2755.65
ITEM007885,ORD03925,PROD046,5,436.76,2183.8
ITEM007886,ORD04338,PROD126,3,365.2,1095.6
ITEM007887,ORD00438,PROD019,5,416.46,2082.3
ITEM007888,ORD03251,PROD056,4,503.05,2012.2
ITEM007889,ORD03124,PROD117,4,226.8,907.2
ITEM007890,ORD01596,PROD086,3,731.25,2193.75
ITEM007891,ORD00251,PROD018,3,517.61,1552.83
ITEM007892,ORD999999,PROD087,4,609.71,2438.84
ITEM007893,ORD04225,PROD029,3,676.46,2029.38
ITEM007894,ORD02589,PROD061,3,557.09,1671.27
ITEM007895,ORD00489,PROD107,4,495.42,1981.68
ITEM007896,ORD04848,PROD131,3,149.67,449.01
ITEM007897,ORD04573,PROD100,4,525.81,2103.24
ITEM007898,ORD03234,PROD047,2,395.14,790.28
ITEM007899,ORD04266,PROD002,3,407.86,1223.58
ITEM007900,ORD04747,PROD078,2,655.91,1311.82
ITEM007901,ORD02536,PROD040,1,427.39,427.39
ITEM007902,ORD01247,PROD104,3,624.82,1874.46
ITEM007903,ORD999999,PROD001,5,454.17,2270.85
ITEM007904,ORD04911,PROD138,1,507.69,507.69
ITEM007905,ORD04327,PROD006,1,705.46,705.46
ITEM007906,ORD00510,PROD067,4,357.21,1428.84
ITEM007907,ORD01556,PROD032,4,268.86,1075.44
ITEM007908,ORD00074,PROD073,2,577.3,1154.6
ITEM007909,ORD00296,PROD031,2,521.09,1042.18
ITEM007910,ORD01530,PROD056,5,170.4,852.0
ITEM007911,ORD04652,PROD061,2,765.3,1530.6
ITEM007912,ORD04770,PROD102,2,116.65,233.3
ITEM007913,ORD02223,PROD009,3,438.38,1315.14
ITEM007914,ORD04814,PROD083,4,230.52,922.08
ITEM007915,ORD04115,PROD088,1,343.09,343.09
ITEM007916,ORD03308,PROD030,2,509.48,1018.96
ITEM007917,ORD04413,PROD047,1,124.04,124.04
ITEM007918,ORD01003,PROD027,2,353.82,707.64
ITEM007919,ORD02646,PROD075,6,461.31,2767.86
ITEM007920,ORD04288,PROD141,2,306.69,613.38
ITEM007921,ORD01856,PROD062,2,777.38,1554.76
ITEM007922,ORD04632,PROD118,2,377.97,755.94
ITEM007923,ORD03922,PROD035,6,679.6,4077.6
ITEM007924,ORD03552,PROD123,5,699.46,3497.3
ITEM007925,ORD02309,PROD096,5,66.45,332.25
ITEM007926,ORD02269,PROD036,6,599.24,3595.44
ITEM007927,ORD01438,PROD120,1,162.85,162.85
ITEM007928,ORD00857,PROD030,3,415.08,1245.24
ITEM007929,ORD00789,PROD112,3,562.3,1686.9
ITEM007930,ORD02159,PROD077,2,793.22,1586.44
ITEM007931,ORD04440,PROD006,1,351.78,351.78
ITEM007932,ORD02817,PROD098,1,302.38,302.38
ITEM007933,ORD02798,PROD031,3,739.82,2219.46
ITEM007934,ORD04129,PROD037,3,204.13,612.39
ITEM007935,ORD03971,PROD143,1,82.92,82.92
ITEM007936,ORD03999,PROD040,1,57.9,57.9
ITEM007937,ORD02493,PROD033,1,91.7,91.7
ITEM007938,ORD00974,PROD027,4,705.47,2821.88
ITEM007939,ORD00772,PROD087,1,386.01,386.01
ITEM007940,ORD04233,PROD022,6,418.03,2508.18
ITEM007941,ORD01172,PROD140,2,548.74,1097.48
ITEM007942,ORD01200,PROD094,6,580.89,3485.34
ITEM007943,ORD01400,PROD015,5,92.04,460.2
ITEM007944,ORD00510,PROD116,2,563.81,1127.62
ITEM007945,ORD00838,PROD116,5,792.79,3963.95
ITEM007946,ORD02636,PROD045,4,50.78,203.12
ITEM007947,ORD02455,PROD117,3,573.07,1719.21
ITEM007948,ORD00172,PROD075,2,590.39,1180.78
ITEM007949,ORD01190,PROD113,5,326.38,1631.9
ITEM007950,ORD01098,PROD101,6,124.5,747.0
ITEM007951,ORD04964,PROD118,1,193.46,193.46
ITEM007952,ORD02776,PROD031,3,320.04,960.12
ITEM007953,ORD03881,PROD121,5,528.68,2643.4
ITEM007954,ORD02318,PROD027,2,188.89,377.78
ITEM007955,ORD02761,PROD044,3,257.38,772.14
ITEM007956,ORD01897,PROD090,1,160.6,160.6
ITEM007957,ORD02630,PROD121,1,505.03,505.03
ITEM007958,ORD01509,PROD046,2,291.88,583.76
ITEM007959,ORD01977,PROD007,2,799.88,1599.76
ITEM007960,ORD02775,PROD001,6,445.54,2673.24
ITEM007961,ORD02156,PROD084,2,444.0,888.0
ITEM007962,ORD02125,PROD071,4,655.81,2623.24
ITEM007963,ORD00552,PROD068,2,433.3,866.6
ITEM007964,ORD04297,PROD072,3,555.3,1665.9
ITEM007965,ORD03749,PROD071,5,55.72,278.6
ITEM007966,ORD02585,PROD140,1,387.22,387.22
ITEM007967,ORD03458,PROD053,2,98.28,196.56
ITEM007968,ORD00887,PROD122,6,726.22,4357.32
ITEM007969,ORD02366,PROD101,3,597.94,1793.82
ITEM007970,ORD04204,PROD078,5,156.23,781.15
ITEM007971,ORD04414,PROD016,6,238.59,1431.54
ITEM007972,ORD01299,PROD054,4,512.68,2050.72
ITEM007973,ORD04228,PROD085,2,313.45,626.9
ITEM007974,ORD04768,PROD083,3,71.06,213.18
ITEM007975,ORD02965,PROD134,6,604.98,3629.88
ITEM007976,ORD01582,PROD044,3,699.24,2097.72
ITEM007977,ORD01945,PROD106,6,231.79,1390.74
ITEM007978,ORD01885,PROD113,3,138.38,415.14
ITEM007979,ORD00627,PROD124,4,462.58,1850.32
ITEM007980,ORD999999,PROD013,1,317.12,317.12
ITEM007981,ORD04226,PROD014,3,384.57,1153.71
ITEM007982,ORD01566,PROD005,2,600.48,1200.96
ITEM007983,ORD01683,PROD063,2,348.71,697.42
ITEM007984,ORD03771,PROD003,4,496.65,1986.6
ITEM007985,ORD01385,PROD057,3,639.35,1918.05
ITEM007986,ORD02284,PROD113,2,141.29,282.58
ITEM007987,ORD00769,PROD032,5,633.12,3165.6
ITEM007988,ORD04823,PROD111,2,404.72,809.44
ITEM007989,ORD00387,PROD045,0,631.03,631.03
ITEM007990,ORD02792,PROD150,5,659.46,3297.3
ITEM007991,ORD03185,PROD110,4,614.16,2456.64
ITEM007992,ORD02333,PROD140,3,59.35,178.05
ITEM007993,ORD01842,PROD019,4,342.2,1368.8
ITEM007994,ORD01868,PROD094,2,541.57,1083.14
ITEM007995,ORD00548,PROD135,6,73.46,440.76
ITEM007996,ORD03790,PROD139,2,68.28,136.56
ITEM007997,ORD00847,PROD021,2,397.2,794.4
ITEM007998,ORD02374,PROD135,3,524.35,1573.05
ITEM007999,ORD01521,PROD065,3,344.32,1032.96
ITEM008000,ORD03912,PROD120,4,129.37,517.48
ITEM008001,ORD01982,PROD112,4,753.77,3015.08
ITEM008002,ORD04106,PROD083,1,459.49,459.49
ITEM008003,ORD01966,PROD046,3,233.16,699.48
ITEM008004,ORD00856,PROD001,1,500.62,500.62
ITEM008005,ORD04756,PROD023,6,736.37,4418.22
ITEM008006,ORD04950,PROD082,6,226.42,1358.52
ITEM008007,ORD04294,PROD117,6,152.68,916.08
ITEM008008,ORD01556,PROD111,6,427.23,2563.38
ITEM008009,ORD04552,PROD139,4,240.61,962.44
ITEM008010,ORD02111,PROD044,1,388.55,388.55
ITEM008011,ORD03032,PROD033,1,148.39,148.39
ITEM008012,ORD02064,PROD095,1,195.17,195.17
ITEM008013,ORD04444,PROD071,6,528.2,3169.2
ITEM008014,ORD03943,PROD011,6,402.85,2417.1
ITEM008015,ORD00150,PROD022,3,352.97,1058.91
ITEM008016,ORD04811,PROD121,4,303.66,1214.64
ITEM008017,ORD03284,PROD012,6,286.2,1717.2
ITEM008018,ORD00986,PROD108,5,664.77,3323.85
ITEM008019,ORD03622,PROD074,2,292.65,585.3
ITEM008020,ORD00761,PROD006,6,143.77,862.62
ITEM008021,ORD03751,PROD072,4,591.26,2365.04
ITEM008022,ORD01337,PROD133,5,672.84,3364.2
ITEM008023,ORD01770,PROD145,5,458.23,2291.15
ITEM008024,ORD01363,PROD026,1,443.52,443.52
ITEM008025,ORD02283,PROD012,5,667.16,3335.8
ITEM008026,ORD04664,PROD070,5,180.06,900.3
ITEM008027,ORD00669,PROD130,3,340.94,1022.82
ITEM008028,ORD03896,PROD041,3,276.53,829.59
ITEM008029,ORD01995,PROD127,2,403.49,806.98
ITEM008030,ORD02803,PROD100,4,121.32,485.28
ITEM008031,ORD04965,PROD101,1,243.34,243.34
ITEM008032,ORD03397,PROD016,3,222.07,666.21
ITEM008033,ORD00070,PROD002,1,498.81,498.81
ITEM008034,ORD04393,PROD104,1,735.15,735.15
ITEM008035,ORD02160,PROD136,1,728.5,728.5
ITEM008036,ORD04177,PROD103,6,562.27,3373.62
ITEM008037,ORD01434,PROD9999,1,706.84,706.84
ITEM008038,ORD03813,PROD021,4,264.53,1058.12
ITEM008039,ORD03985,PROD137,2,219.54,439.08
ITEM008040,ORD01491,PROD047,3,207.59,622.77
ITEM008041,ORD03399,PROD073,1,180.33,180.33
ITEM008042,ORD02698,PROD107,1,420.45,420.45
ITEM008043,ORD04263,PROD020,2,654.83,1309.66
ITEM008044,ORD02247,PROD142,3,325.84,977.52
ITEM008045,ORD00808,PROD126,3,754.51,2263.53
ITEM008046,ORD04756,PROD021,3,469.24,1407.72
ITEM008047,ORD00612,PROD071,2,266.98,533.96
ITEM008048,ORD03914,PROD060,3,274.27,822.81
ITEM008049,ORD04876,PROD105,4,314.41,1257.64
ITEM008050,ORD03584,PROD123,3,186.95,560.85
ITEM008051,ORD00985,PROD050,2,622.62,1245.24
ITEM008052,ORD03310,PROD9999,1,281.26,281.26
ITEM008053,ORD02038,PROD029,6,500.67,3004.02
ITEM008054,ORD03384,PROD112,2,143.73,287.46
ITEM008055,ORD02037,PROD058,6,794.21,4765.26
ITEM008056,ORD00405,PROD038,5,285.7,1428.5
ITEM008057,ORD02210,PROD004,5,183.46,917.3
ITEM008058,ORD04959,PROD011,1,549.94,549.94
ITEM008059,ORD01061,PROD049,1,651.31,651.31
ITEM008060,ORD00401,PROD119,6,177.06,1062.36
ITEM008061,ORD00109,PROD027,5,318.23,1591.15
ITEM008062,ORD00214,PROD062,1,215.15,215.15
ITEM008063,ORD02986,PROD007,2,668.21,1336.42
ITEM008064,ORD02523,PROD009,2,381.69,763.38
ITEM008065,ORD03507,PROD013,1,271.86,271.86
ITEM008066,ORD03169,PROD109,3,496.24,1488.72
ITEM008067,ORD02231,PROD057,4,593.79,2375.16
ITEM008068,ORD01220,PROD146,3,264.41,793.23
ITEM008069,ORD04809,PROD028,3,442.02,1326.06
ITEM008070,ORD01706,PROD025,3,415.17,1245.51
ITEM008071,ORD01146,PROD045,4,467.23,1868.92
ITEM008072,ORD04025,PROD010,1,388.52,388.52
ITEM008073,ORD04720,PROD027,5,94.0,470.0
ITEM008074,ORD04845,PROD041,6,417.15,2502.9
ITEM008075,ORD01615,PROD029,4,326.22,1304.88
ITEM008076,ORD03040,PROD107,6,56.04,336.24
ITEM008077,ORD03529,PROD105,2,545.52,1091.04
ITEM008078,ORD02552,PROD108,2,225.36,450.72
ITEM008079,ORD00708,PROD044,3,740.63,2221.89
ITEM008080,ORD02043,PROD036,5,637.12,3185.6
ITEM008081,ORD04797,PROD066,2,641.0,1282.0
ITEM008082,ORD01882,PROD084,4,256.42,1025.68
ITEM008083,ORD03148,PROD054,1,743.58,743.58
ITEM008084,ORD04187,PROD100,5,497.31,2486.55
ITEM008085,ORD04587,PROD041,5,619.6,3098.0
ITEM008086,ORD04712,PROD013,4,200.82,803.28
ITEM008087,ORD03438,PROD058,5,696.49,3482.45
ITEM008088,ORD01497,PROD031,1,175.62,175.62
ITEM008089,ORD01971,PROD114,6,261.51,1569.06
ITEM008090,ORD04661,PROD018,1,355.3,355.3
ITEM008091,ORD02478,PROD142,1,511.39,511.39
ITEM008092,ORD00691,PROD073,6,507.68,3046.08
ITEM008093,ORD02820,PROD030,5,265.19,1325.95
ITEM008094,ORD00462,PROD027,5,120.73,603.65
ITEM008095,ORD03811,PROD091,0,510.2,2551.0
ITEM008096,ORD03455,PROD005,4,203.53,814.12
ITEM008097,ORD01200,PROD139,1,634.5,634.5
ITEM008098,ORD04063,PROD013,1,771.55,771.55
ITEM008099,ORD04119,PROD124,2,564.56,1129.12
ITEM008100,ORD03120,PROD100,4,170.31,681.24
ITEM008101,ORD02417,PROD139,4,344.42,1377.68
ITEM008102,ORD04288,PROD020,1,557.13,557.13
ITEM008103,ORD04137,PROD003,6,575.25,3451.5
ITEM008104,ORD00090,PROD056,2,647.18,1294.36
ITEM008105,ORD02870,PROD031,3,423.71,1271.13
ITEM008106,ORD01224,PROD096,1,333.31,333.31
ITEM008107,ORD01218,PROD127,5,331.72,1658.6
ITEM008108,ORD03050,PROD047,4,602.99,2411.96
ITEM008109,ORD04582,PROD148,3,111.4,334.2
ITEM008110,ORD03369,PROD099,6,741.74,4450.44
ITEM008111,ORD04960,PROD007,5,281.49,1407.45
ITEM008112,ORD00626,PROD014,3,66.78,200.34
ITEM008113,ORD01376,PROD126,4,176.42,705.68
ITEM008114,ORD02341,PROD059,1,56.95,56.95
ITEM008115,ORD01008,PROD073,6,740.25,4441.5
ITEM008116,ORD02230,PROD050,2,677.18,1354.36
ITEM008117,ORD02445,PROD111,4,605.14,2420.56
ITEM008118,ORD02255,PROD081,1,256.0,256.0
ITEM008119,ORD03957,PROD033,3,347.42,1042.26
ITEM008120,ORD04468,PROD003,6,238.82,1432.92
ITEM008121,ORD02774,PROD061,1,432.84,432.84
ITEM008122,ORD03868,PROD118,5,470.64,2353.2
ITEM008123,ORD02929,PROD056,2,109.63,219.26
ITEM008124,ORD01086,PROD029,3,82.4,247.2
ITEM008125,ORD04012,PROD093,6,526.41,3158.46
ITEM008126,ORD00571,PROD046,1,128.41,128.41
ITEM008127,ORD02374,PROD147,5,157.4,787.0
ITEM008128,ORD03345,PROD083,6,177.81,1066.86
ITEM008129,ORD03609,PROD026,2,373.38,746.76
ITEM008130,ORD03474,PROD044,4,585.08,2340.32
ITEM008131,ORD02106,PROD055,2,137.23,274.46
ITEM008132,ORD03517,PROD136,2,562.9,1125.8
ITEM008133,ORD00019,PROD125,2,100.15,200.3
ITEM008134,ORD00204,PROD077,4,237.02,948.08
ITEM008135,ORD03306,PROD099,2,593.2,1186.4
ITEM008136,ORD00161,PROD129,0,438.26,438.26
ITEM008137,ORD03225,PROD083,1,113.18,113.18
ITEM008138,ORD03766,PROD068,5,402.65,2013.25
ITEM008139,ORD02500,PROD048,1,611.07,611.07
ITEM008140,ORD04645,PROD009,6,100.25,601.5
ITEM008141,ORD04041,PROD093,4,252.13,1008.52
ITEM008142,ORD01090,PROD058,2,645.15,1290.3
ITEM008143,ORD00628,PROD043,5,605.28,3026.4
ITEM008144,ORD04327,PROD037,5,434.82,2174.1
ITEM008145,ORD00323,PROD085,1,457.55,457.55
ITEM008146,ORD04103,PROD095,5,526.81,2634.05
ITEM008147,ORD00594,PROD039,1,376.15,376.15
ITEM008148,ORD04608,PROD046,1,404.24,404.24
ITEM008149,ORD999999,PROD061,3,773.3,2319.9
ITEM008150,ORD02743,PROD071,3,215.18,645.54
ITEM008151,ORD00465,PROD002,2,350.72,701.44
ITEM008152,ORD00268,PROD117,4,589.69,2358.76
ITEM008153,ORD999999,PROD044,6,229.52,1377.12
ITEM008154,ORD03055,PROD138,6,536.13,3216.78
ITEM008155,ORD01668,PROD045,6,163.42,980.52
ITEM008156,ORD04110,PROD142,2,633.34,1266.68
ITEM008157,ORD02872,PROD110,2,260.21,520.42
ITEM008158,ORD01563,PROD131,6,584.97,3509.82
ITEM008159,ORD03085,PROD016,1,709.7,709.7
ITEM008160,ORD999999,PROD060,3,372.26,1116.78
ITEM008161,ORD00713,PROD072,1,481.67,481.67
ITEM008162,ORD02922,PROD082,4,796.83,3187.32
ITEM008163,ORD04694,PROD097,4,148.75,595.0
ITEM008164,ORD999999,PROD047,3,777.02,2331.06
ITEM008165,ORD04179,PROD134,1,729.36,729.36
ITEM008166,ORD02919,PROD043,3,359.42,1078.26
ITEM008167,ORD00360,PROD082,1,736.51,736.51
ITEM008168,ORD04851,PROD048,4,595.48,2381.92
ITEM008169,ORD01744,PROD071,4,396.22,1584.88
ITEM008170,ORD01328,PROD073,2,519.23,1038.46
ITEM008171,ORD04407,PROD109,6,50.11,300.66
ITEM008172,ORD01790,PROD092,4,203.6,814.4
ITEM008173,ORD03693,PROD050,4,299.28,1197.12
ITEM008174,ORD04150,PROD149,5,732.84,3664.2
ITEM008175,ORD02674,PROD093,5,171.3,856.5
ITEM008176,ORD01665,PROD016,4,535.86,2143.44
ITEM008177,ORD00948,PROD035,5,642.13,3210.65
ITEM008178,ORD04547,PROD039,1,585.0,585.0
ITEM008179,ORD01458,PROD138,5,550.02,2750.1
ITEM008180,ORD03002,PROD142,5,385.32,1926.6
ITEM008181,ORD01009,PROD060,6,652.08,3912.48
ITEM008182,ORD03492,PROD102,4,93.57,374.28
ITEM008183,ORD02051,PROD039,5,251.13,1255.65
ITEM008184,ORD01852,PROD131,6,445.72,2674.32
ITEM008185,ORD03051,PROD072,1,319.94,319.94
ITEM008186,ORD02095,PROD057,3,312.95,938.85
ITEM008187,ORD01865,PROD081,4,365.42,1461.68
ITEM008188,ORD01205,PROD048,3,621.41,1864.23
ITEM008189,ORD04408,PROD100,2,545.13,1090.26
ITEM008190,ORD04171,PROD144,3,381.1,1143.3
ITEM008191,ORD00405,PROD9999,3,732.07,2196.21
ITEM008192,ORD01632,PROD102,1,385.27,385.27
ITEM008193,ORD01937,PROD002,4,355.43,1421.72
ITEM008194,ORD02345,PROD131,4,726.12,2904.48
ITEM008195,ORD04602,PROD066,6,453.02,2718.12
ITEM008196,ORD04206,PROD066,3,772.84,2318.52
ITEM008197,ORD04784,PROD076,6,313.91,1883.46
ITEM008198,ORD04485,PROD032,1,376.36,376.36
ITEM008199,ORD02304,PROD104,4,406.19,1624.76
ITEM008200,ORD04343,PROD021,1,564.05,564.05
ITEM008201,ORD00158,PROD134,3,666.24,1998.72
ITEM008202,ORD00883,PROD073,4,561.42,2245.68
ITEM008203,ORD01482,PROD102,2,507.37,1014.74
ITEM008204,ORD00027,PROD057,1,308.85,308.85
ITEM008205,ORD04050,PROD9999,4,670.83,2683.32
ITEM008206,ORD03282,PROD043,2,80.51,161.02
ITEM008207,ORD02744,PROD146,2,298.36,596.72
ITEM008208,ORD01643,PROD087,5,563.32,2816.6
ITEM008209,ORD02960,PROD149,4,325.67,1302.68
ITEM008210,ORD00711,PROD118,1,396.4,396.4
ITEM008211,ORD02300,PROD057,4,710.3,2841.2
ITEM008212,ORD01159,PROD023,5,378.22,1891.1
ITEM008213,ORD03196,PROD098,3,84.19,252.57
ITEM008214,ORD03369,PROD109,1,739.21,739.21
ITEM008215,ORD00335,PROD113,4,774.41,3097.64
ITEM008216,ORD00357,PROD031,1,112.95,112.95
ITEM008217,ORD03740,PROD028,2,432.08,864.16
ITEM008218,ORD01831,PROD052,6,778.72,4672.32
ITEM008219,ORD02806,PROD017,2,720.34,1440.68
ITEM008220,ORD02683,PROD009,3,374.15,1122.45
ITEM008221,ORD01841,PROD106,4,442.25,1769.0
ITEM008222,ORD00631,PROD113,2,546.64,1093.28
ITEM008223,ORD03100,PROD020,6,119.84,719.04
ITEM008224,ORD01889,PROD140,4,211.28,845.12
ITEM008225,ORD02961,PROD090,5,157.71,788.55
ITEM008226,ORD00964,PROD134,1,371.99,371.99
ITEM008227,ORD01740,PROD043,5,243.3,1216.5
ITEM008228,ORD03160,PROD002,4,465.42,1861.68
ITEM008229,ORD00867,PROD117,6,414.01,2484.06
ITEM008230,ORD00889,PROD084,1,423.0,423.0
ITEM008231,ORD04930,PROD051,5,733.13,3665.65
ITEM008232,ORD01069,PROD105,2,615.09,1230.18
ITEM008233,ORD04201,PROD140,1,462.02,462.02
ITEM008234,ORD04587,PROD055,5,688.51,3442.55
ITEM008235,ORD01195,PROD132,5,169.52,847.6
ITEM008236,ORD01316,PROD108,2,394.82,789.64
ITEM008237,ORD01155,PROD018,5,274.78,1373.9
ITEM008238,ORD00390,PROD138,6,419.86,2519.16
ITEM008239,ORD00790,PROD126,3,139.35,418.05
ITEM008240,ORD03668,PROD9999,1,783.25,783.25
ITEM008241,ORD00068,PROD055,2,262.25,524.5
ITEM008242,ORD04767,PROD028,4,189.22,756.88
ITEM008243,ORD04061,PROD137,1,53.86,53.86
ITEM008244,ORD04994,PROD111,4,173.63,694.52
ITEM008245,ORD03450,PROD100,1,409.2,409.2
ITEM008246,ORD04881,PROD140,5,596.4,2982.0
ITEM008247,ORD00333,PROD132,1,611.95,611.95
ITEM008248,ORD00415,PROD012,1,592.31,592.31
ITEM008249,ORD00728,PROD030,2,524.66,1049.32
ITEM008250,ORD00597,PROD140,1,467.0,467.0
ITEM008251,ORD01565,PROD004,6,204.46,1226.76
ITEM008252,ORD04571,PROD019,1,694.38,694.38
ITEM008253,ORD03951,PROD047,2,97.0,194.0
ITEM008254,ORD04071,PROD125,0,225.7,451.4
ITEM008255,ORD01500,PROD126,6,532.11,3192.66
ITEM008256,ORD00904,PROD057,1,337.49,337.49
ITEM008257,ORD04451,PROD014,5,367.15,1835.75
ITEM008258,ORD04879,PROD103,3,548.31,1644.93
ITEM008259,ORD02789,PROD050,3,245.85,737.55
ITEM008260,ORD02667,PROD028,6,581.86,3491.16
ITEM008261,ORD04629,PROD052,1,485.01,485.01
ITEM008262,ORD01727,PROD087,5,766.05,3830.25
ITEM008263,ORD00888,PROD112,1,656.27,656.27
ITEM008264,ORD02046,PROD116,6,483.69,2902.14
ITEM008265,ORD02561,PROD129,4,119.07,476.28
ITEM008266,ORD02721,PROD026,2,203.49,406.98
ITEM008267,ORD02781,PROD002,1,242.19,242.19
ITEM008268,ORD02199,PROD106,5,683.46,3417.3
ITEM008269,ORD03686,PROD021,2,198.9,397.8
ITEM008270,ORD00314,PROD036,3,682.78,2048.34
ITEM008271,ORD01673,PROD124,2,775.77,1551.54
ITEM008272,ORD00753,PROD084,3,513.43,1540.29
ITEM008273,ORD01635,PROD109,6,124.44,746.64
ITEM008274,ORD00851,PROD113,4,548.82,2195.28
ITEM008275,ORD00203,PROD002,5,340.81,1704.05
ITEM008276,ORD03949,PROD098,4,165.33,661.32
ITEM008277,ORD01830,PROD013,5,290.22,1451.1
ITEM008278,ORD04952,PROD002,4,404.24,1616.96
ITEM008279,ORD01745,PROD100,4,698.59,2794.36
ITEM008280,ORD04409,PROD140,3,345.81,1037.43
ITEM008281,ORD01896,PROD148,2,636.98,1273.96
ITEM008282,ORD04252,PROD123,5,595.71,2978.55
ITEM008283,ORD02296,PROD095,6,239.0,1434.0
ITEM008284,ORD01091,PROD098,1,340.25,340.25
ITEM008285,ORD01991,PROD048,2,477.02,954.04
ITEM008286,ORD02207,PROD018,5,249.33,1246.65
ITEM008287,ORD03546,PROD052,2,238.23,476.46
ITEM008288,ORD01702,PROD038,4,320.92,1283.68
ITEM008289,ORD01301,PROD150,4,134.58,538.32
ITEM008290,ORD01421,PROD052,1,217.8,217.8
ITEM008291,ORD999999,PROD064,6,606.01,3636.06
ITEM008292,ORD00635,PROD080,6,224.44,1346.64
ITEM008293,ORD00960,PROD056,2,489.38,978.76
ITEM008294,ORD02828,PROD026,1,463.8,463.8
ITEM008295,ORD04465,PROD125,4,553.99,2215.96
ITEM008296,ORD00284,PROD120,6,582.48,3494.88
ITEM008297,ORD01377,PROD138,3,224.79,674.37
ITEM008298,ORD04875,PROD004,4,640.03,2560.12
ITEM008299,ORD02010,PROD050,4,404.01,1616.04
ITEM008300,ORD03414,PROD028,6,64.24,385.44
ITEM008301,ORD03015,PROD051,3,512.19,1536.57
ITEM008302,ORD01187,PROD044,3,299.63,898.89
ITEM008303,ORD04663,PROD105,1,731.85,731.85
ITEM008304,ORD01952,PROD101,1,194.47,194.47
ITEM008305,ORD02728,PROD128,6,136.22,817.32
ITEM008306,ORD01233,PROD036,6,212.0,1272.0
ITEM008307,ORD04470,PROD112,1,96.31,96.31
ITEM008308,ORD00013,PROD003,5,340.37,1701.85
ITEM008309,ORD04814,PROD149,2,422.93,845.86
ITEM008310,ORD04308,PROD141,1,425.01,425.01
ITEM008311,ORD00432,PROD027,6,457.48,2744.88
ITEM008312,ORD00213,PROD036,6,596.33,3577.98
ITEM008313,ORD00852,PROD001,3,573.1,1719.3
ITEM008314,ORD02115,PROD118,2,619.93,1239.86
ITEM008315,ORD04662,PROD066,2,164.08,328.16
ITEM008316,ORD03260,PROD065,5,647.1,3235.5
ITEM008317,ORD01587,PROD119,6,131.45,788.7
ITEM008318,ORD01564,PROD093,6,787.95,4727.7
ITEM008319,ORD03520,PROD093,3,345.96,1037.88
ITEM008320,ORD01845,PROD019,4,70.48,281.92
ITEM008321,ORD01689,PROD028,1,182.43,182.43
ITEM008322,ORD03668,PROD082,2,403.06,806.12
ITEM008323,ORD00666,PROD034,1,583.42,583.42
ITEM008324,ORD02786,PROD093,1,270.61,270.61
ITEM008325,ORD04032,PROD071,2,453.22,906.44
ITEM008326,ORD999999,PROD130,6,197.66,1185.96
ITEM008327,ORD00726,PROD139,1,65.86,65.86
ITEM008328,ORD00452,PROD143,6,224.97,1349.82
ITEM008329,ORD04002,PROD054,6,563.59,3381.54
ITEM008330,ORD01737,PROD012,3,504.83,1514.49
ITEM008331,ORD04358,PROD029,3,548.22,1644.66
ITEM008332,ORD01285,PROD007,6,553.86,3323.16
ITEM008333,ORD00162,PROD039,4,408.97,1635.88
ITEM008334,ORD01493,PROD027,2,614.77,1229.54
ITEM008335,ORD01158,PROD089,6,545.7,3274.2
ITEM008336,ORD01102,PROD097,3,301.15,903.45
ITEM008337,ORD03253,PROD030,6,536.48,3218.88
ITEM008338,ORD00507,PROD134,5,132.47,662.35
ITEM008339,ORD03254,PROD095,3,110.42,331.26
ITEM008340,ORD01684,PROD051,2,167.57,335.14
ITEM008341,ORD00635,PROD019,1,386.41,386.41
ITEM008342,ORD02797,PROD078,1,762.58,762.58
ITEM008343,ORD04604,PROD026,3,651.59,1954.77
ITEM008344,ORD01580,PROD078,2,694.69,1389.38
ITEM008345,ORD04280,PROD113,6,559.09,3354.54
ITEM008346,ORD02117,PROD058,2,417.97,835.94
ITEM008347,ORD01277,PROD009,2,510.21,1020.42
ITEM008348,ORD03788,PROD115,2,798.25,1596.5
ITEM008349,ORD02531,PROD113,5,173.83,869.15
ITEM008350,ORD00876,PROD092,5,346.44,1732.2
ITEM008351,ORD03766,PROD112,1,362.89,362.89
ITEM008352,ORD03758,PROD109,3,731.93,2195.79
ITEM008353,ORD00252,PROD041,3,115.49,346.47
ITEM008354,ORD03523,PROD092,4,647.14,2588.56
ITEM008355,ORD00013,PROD035,4,243.71,974.84
ITEM008356,ORD01967,PROD119,1,435.98,435.98
ITEM008357,ORD00263,PROD094,1,354.08,354.08
ITEM008358,ORD01605,PROD079,6,702.08,4212.48
ITEM008359,ORD999999,PROD115,1,248.01,248.01
ITEM008360,ORD03501,PROD085,4,366.63,1466.52
ITEM008361,ORD04014,PROD115,6,198.95,1193.7
ITEM008362,ORD01805,PROD031,4,265.05,1060.2
ITEM008363,ORD02858,PROD123,1,511.01,511.01
ITEM008364,ORD02050,PROD140,2,388.37,776.74
ITEM008365,ORD03094,PROD019,4,257.33,1029.32
ITEM008366,ORD04537,PROD015,1,271.64,271.64
ITEM008367,ORD00041,PROD088,6,52.6,315.6
ITEM008368,ORD04879,PROD092,1,645.74,645.74
ITEM008369,ORD03050,PROD098,6,196.67,1180.02
ITEM008370,ORD02682,PROD150,6,714.44,4286.64
ITEM008371,ORD02781,PROD136,4,206.21,824.84
ITEM008372,ORD02212,PROD142,2,100.21,200.42
ITEM008373,ORD01686,PROD039,1,491.25,491.25
ITEM008374,ORD03819,PROD141,1,151.26,151.26
ITEM008375,ORD04072,PROD145,2,161.47,322.94
ITEM008376,ORD00339,PROD025,5,111.11,555.55
ITEM008377,ORD02988,PROD017,3,335.74,1007.22
ITEM008378,ORD03510,PROD066,4,161.11,644.44
ITEM008379,ORD01935,PROD066,2,331.74,663.48
ITEM008380,ORD00315,PROD123,6,674.21,4045.26
ITEM008381,ORD00029,PROD046,3,331.31,993.93
ITEM008382,ORD01630,PROD003,2,757.22,1514.44
ITEM008383,ORD00747,PROD015,5,505.67,2528.35
ITEM008384,ORD03398,PROD043,5,53.43,267.15
ITEM008385,ORD03949,PROD031,6,600.04,3600.24
ITEM008386,ORD02869,PROD122,4,257.3,1029.2
ITEM008387,ORD04877,PROD146,1,532.36,532.36
ITEM008388,ORD04935,PROD124,3,762.65,2287.95
ITEM008389,ORD01883,PROD054,6,335.22,2011.32
ITEM008390,ORD00024,PROD077,6,244.74,1468.44
ITEM008391,ORD01698,PROD010,5,362.31,1811.55
ITEM008392,ORD02869,PROD095,1,168.24,168.24
ITEM008393,ORD02889,PROD023,3,668.54,2005.62
ITEM008394,ORD01357,PROD135,4,376.64,1506.56
ITEM008395,ORD03078,PROD146,5,209.9,1049.5
ITEM008396,ORD02989,PROD106,2,410.59,821.18
ITEM008397,ORD00392,PROD129,1,533.14,533.14
ITEM008398,ORD03013,PROD007,4,433.61,1734.44
ITEM008399,ORD02081,PROD134,6,207.41,1244.46
ITEM008400,ORD04306,PROD058,4,129.38,517.52
ITEM008401,ORD02346,PROD076,6,229.84,1379.04
ITEM008402,ORD01781,PROD072,2,747.02,1494.04
ITEM008403,ORD04446,PROD021,6,730.03,4380.18
ITEM008404,ORD02499,PROD138,2,181.57,363.14
ITEM008405,ORD01564,PROD063,6,119.63,717.78
ITEM008406,ORD00188,PROD120,3,189.97,569.91
ITEM008407,ORD03252,PROD136,5,261.76,1308.8
ITEM008408,ORD02773,PROD103,5,313.11,1565.55
ITEM008409,ORD03970,PROD041,4,580.82,2323.28
ITEM008410,ORD01728,PROD022,2,701.65,1403.3
ITEM008411,ORD01330,PROD059,1,686.63,686.63
ITEM008412,ORD03344,PROD088,4,580.99,2323.96
ITEM008413,ORD04414,PROD056,2,421.63,843.26
ITEM008414,ORD03862,PROD145,4,735.42,2941.68
ITEM008415,ORD02013,PROD113,2,669.51,1339.02
ITEM008416,ORD04050,PROD9999,4,294.54,1178.16
ITEM008417,ORD00299,PROD131,3,459.26,1377.78
ITEM008418,ORD00573,PROD080,3,203.93,611.79
ITEM008419,ORD03577,PROD023,6,791.09,4746.54
ITEM008420,ORD04299,PROD006,5,339.9,1699.5
ITEM008421,ORD00465,PROD091,4,317.21,1268.84
ITEM008422,ORD02842,PROD064,1,508.54,508.54
ITEM008423,ORD04376,PROD118,6,62.15,372.9
ITEM008424,ORD02932,PROD035,6,213.43,1280.58
ITEM008425,ORD01961,PROD043,4,653.4,2613.6
ITEM008426,ORD01318,PROD088,5,634.13,3170.65
ITEM008427,ORD00966,PROD054,1,494.72,494.72
ITEM008428,ORD00605,PROD078,4,457.14,1828.56
ITEM008429,ORD01876,PROD024,3,305.26,915.78
ITEM008430,ORD00463,PROD126,4,520.07,2080.28
ITEM008431,ORD00528,PROD064,1,548.62,548.62
ITEM008432,ORD02049,PROD100,3,514.95,1544.85
ITEM008433,ORD03425,PROD131,1,183.59,183.59
ITEM008434,ORD03335,PROD072,5,451.87,2259.35
ITEM008435,ORD04919,PROD067,3,419.71,1259.13
ITEM008436,ORD04574,PROD118,6,230.51,1383.06
ITEM008437,ORD01500,PROD067,3,64.01,192.03
ITEM008438,ORD04944,PROD113,6,715.55,4293.3
ITEM008439,ORD02597,PROD124,4,504.29,2017.16
ITEM008440,ORD04664,PROD150,1,797.05,797.05
ITEM008441,ORD02382,PROD016,3,373.99,1121.97
ITEM008442,ORD00572,PROD029,4,120.33,481.32
ITEM008443,ORD01013,PROD006,1,418.94,418.94
ITEM008444,ORD02990,PROD125,4,543.96,2175.84
ITEM008445,ORD00385,PROD098,6,594.82,3568.92
ITEM008446,ORD02899,PROD034,4,403.56,1614.24
ITEM008447,ORD04174,PROD016,6,156.41,938.46
ITEM008448,ORD00601,PROD143,5,167.55,837.75
ITEM008449,ORD03900,PROD109,3,554.81,1664.43
ITEM008450,ORD01929,PROD080,3,451.25,1353.75
ITEM008451,ORD02215,PROD110,4,133.74,534.96
ITEM008452,ORD00169,PROD071,4,661.16,2644.64
ITEM008453,ORD01170,PROD021,2,623.46,1246.92
ITEM008454,ORD02721,PROD145,1,172.74,172.74
ITEM008455,ORD999999,PROD091,1,649.92,649.92
ITEM008456,ORD03381,PROD038,0,88.52,354.08
ITEM008457,ORD03796,PROD061,4,308.84,1235.36
ITEM008458,ORD03303,PROD063,2,173.3,346.6
ITEM008459,ORD00419,PROD117,5,207.19,1035.95
ITEM008460,ORD02453,PROD076,1,442.14,442.14
ITEM008461,ORD01129,PROD043,2,448.8,897.6
ITEM008462,ORD02274,PROD021,2,514.37,1028.74
ITEM008463,ORD02519,PROD084,1,406.31,406.31
ITEM008464,ORD04871,PROD001,2,602.47,1204.94
ITEM008465,ORD00670,PROD108,1,620.29,620.29
ITEM008466,ORD00500,PROD9999,2,726.96,1453.92
ITEM008467,ORD00372,PROD099,6,439.19,2635.14
ITEM008468,ORD01921,PROD028,2,384.54,769.08
ITEM008469,ORD00209,PROD134,5,179.02,895.1
ITEM008470,ORD00850,PROD147,5,745.21,3726.05
ITEM008471,ORD02968,PROD110,3,661.67,1985.01
ITEM008472,ORD00728,PROD073,4,519.16,2076.64
ITEM008473,ORD04433,PROD085,1,272.69,272.69
ITEM008474,ORD02385,PROD102,3,427.81,1283.43
ITEM008475,ORD01268,PROD029,2,697.42,1394.84
ITEM008476,ORD03156,PROD039,3,509.96,1529.88
ITEM008477,ORD02373,PROD149,4,245.08,980.32
ITEM008478,ORD04406,PROD128,4,689.76,2759.04
ITEM008479,ORD00598,PROD070,2,271.03,542.06
ITEM008480,ORD00720,PROD046,5,358.12,1790.6
ITEM008481,ORD04634,PROD135,3,244.21,732.63
ITEM008482,ORD03108,PROD119,4,158.82,635.28
ITEM008483,ORD00176,PROD149,2,669.85,1339.7
ITEM008484,ORD01159,PROD130,1,640.92,640.92
ITEM008485,ORD00736,PROD144,6,544.82,3268.92
ITEM008486,ORD02385,PROD037,6,341.59,2049.54
ITEM008487,ORD02511,PROD143,4,371.44,1485.76
ITEM008488,ORD02418,PROD091,5,609.6,3048.0
ITEM008489,ORD04948,PROD087,5,605.59,3027.95
ITEM008490,ORD00985,PROD055,5,136.31,681.55
ITEM008491,ORD02283,PROD044,2,220.01,440.02
ITEM008492,ORD00289,PROD095,2,238.57,477.14
ITEM008493,ORD00853,PROD044,3,84.2,252.6
ITEM008494,ORD04684,PROD134,2,376.45,752.9
ITEM008495,ORD02819,PROD038,2,698.35,1396.7
ITEM008496,ORD03941,PROD002,2,202.99,405.98
ITEM008497,ORD02178,PROD147,6,282.97,1697.82
ITEM008498,ORD03133,PROD001,1,537.78,537.78
ITEM008499,ORD03030,PROD069,3,774.86,2324.58
ITEM008500,ORD01445,PROD043,5,71.54,357.7
ITEM008501,ORD00680,PROD003,3,594.47,1783.41
ITEM008502,ORD01332,PROD045,5,81.46,407.3
ITEM008503,ORD01827,PROD133,6,521.42,3128.52
ITEM008504,ORD02597,PROD045,2,139.77,279.54
ITEM008505,ORD00003,PROD014,6,573.16,3438.96
ITEM008506,ORD02781,PROD140,3,607.84,1823.52
ITEM008507,ORD00818,PROD096,1,667.93,667.93
ITEM008508,ORD01453,PROD105,4,630.91,2523.64
ITEM008509,ORD04114,PROD106,3,57.43,172.29
ITEM008510,ORD04213,PROD085,3,607.15,1821.45
ITEM008511,ORD04628,PROD071,5,683.86,3419.3
ITEM008512,ORD04151,PROD127,1,715.95,715.95
ITEM008513,ORD01240,PROD125,3,539.34,1618.02
ITEM008514,ORD00561,PROD003,4,63.41,253.64
ITEM008515,ORD04831,PROD131,6,584.9,3509.4
ITEM008516,ORD03143,PROD071,2,591.48,1182.96
ITEM008517,ORD01843,PROD003,3,732.92,2198.76
ITEM008518,ORD00638,PROD106,2,798.21,1596.42
ITEM008519,ORD03685,PROD112,1,62.93,62.93
ITEM008520,ORD04241,PROD134,0,708.82,708.82
ITEM008521,ORD01726,PROD050,3,580.31,1740.93
ITEM008522,ORD03916,PROD048,5,782.15,3910.75
ITEM008523,ORD01644,PROD085,2,338.8,677.6
ITEM008524,ORD03388,PROD010,6,231.51,1389.06
ITEM008525,ORD03357,PROD133,6,203.49,1220.94
ITEM008526,ORD00599,PROD074,1,344.42,344.42
ITEM008527,ORD02864,PROD091,3,765.48,2296.44
ITEM008528,ORD02699,PROD037,6,313.91,1883.46
ITEM008529,ORD03493,PROD039,2,175.8,351.6
ITEM008530,ORD03971,PROD110,4,190.93,763.72
ITEM008531,ORD01117,PROD045,3,336.74,1010.22
ITEM008532,ORD04458,PROD027,1,92.51,92.51
ITEM008533,ORD03861,PROD127,5,116.6,583.0
ITEM008534,ORD03043,PROD059,6,371.79,2230.74
ITEM008535,ORD01086,PROD137,5,414.64,2073.2
ITEM008536,ORD03303,PROD013,6,298.96,1793.76
ITEM008537,ORD01908,PROD095,2,417.28,834.56
ITEM008538,ORD01750,PROD051,2,272.12,544.24
ITEM008539,ORD00958,PROD099,2,403.47,806.94
ITEM008540,ORD01990,PROD090,3,724.0,2172.0
ITEM008541,ORD02545,PROD039,2,657.64,1315.28
ITEM008542,ORD04353,PROD019,2,380.74,761.48
ITEM008543,ORD00973,PROD098,2,386.19,772.38
ITEM008544,ORD00004,PROD051,6,64.87,389.22
ITEM008545,ORD01929,PROD017,4,391.79,1567.16
ITEM008546,ORD01689,PROD024,3,777.17,2331.51
ITEM008547,ORD04782,PROD110,5,365.96,1829.8
ITEM008548,ORD04021,PROD059,2,705.58,1411.16
ITEM008549,ORD03287,PROD038,6,444.27,2665.62
ITEM008550,ORD03972,PROD011,4,51.37,205.48
ITEM008551,ORD02377,PROD081,5,212.12,1060.6
ITEM008552,ORD04268,PROD060,2,85.27,170.54
ITEM008553,ORD00241,PROD119,1,795.09,795.09
ITEM008554,ORD02515,PROD106,4,66.34,265.36
ITEM008555,ORD02224,PROD087,4,427.03,1708.12
ITEM008556,ORD03855,PROD053,6,54.15,324.9
ITEM008557,ORD03390,PROD146,4,60.09,240.36
ITEM008558,ORD04735,PROD093,3,186.69,560.07
ITEM008559,ORD03737,PROD094,1,753.98,753.98
ITEM008560,ORD999999,PROD030,1,496.99,496.99
ITEM008561,ORD02103,PROD059,4,160.19,640.76
ITEM008562,ORD01749,PROD037,3,194.35,583.05
ITEM008563,ORD00077,PROD128,1,494.96,494.96
ITEM008564,ORD03664,PROD107,6,386.69,2320.14
ITEM008565,ORD00804,PROD055,2,658.8,1317.6
ITEM008566,ORD03494,PROD104,3,430.46,1291.38
ITEM008567,ORD04681,PROD149,5,287.7,1438.5
ITEM008568,ORD04257,PROD039,6,297.67,1786.02
ITEM008569,ORD00621,PROD017,2,643.81,1287.62
ITEM008570,ORD02178,PROD135,4,768.47,3073.88
ITEM008571,ORD04324,PROD074,1,564.28,564.28
ITEM008572,ORD04216,PROD014,4,748.04,2992.16
ITEM008573,ORD00263,PROD122,5,727.28,3636.4
ITEM008574,ORD04255,PROD112,5,691.2,3456.0
ITEM008575,ORD02635,PROD125,1,753.56,753.56
ITEM008576,ORD01917,PROD051,1,491.62,491.62
ITEM008577,ORD03655,PROD061,4,780.69,3122.76
ITEM008578,ORD02507,PROD050,4,562.91,2251.64
ITEM008579,ORD01786,PROD027,4,154.06,616.24
ITEM008580,ORD01656,PROD041,6,62.32,373.92
ITEM008581,ORD03323,PROD125,1,741.0,741.0
ITEM008582,ORD01868,PROD107,1,508.81,508.81
ITEM008583,ORD01171,PROD052,3,436.44,1309.32
ITEM008584,ORD02663,PROD124,1,697.66,697.66
ITEM008585,ORD02154,PROD063,6,745.99,4475.94
ITEM008586,ORD01935,PROD063,5,61.07,305.35
ITEM008587,ORD01292,PROD103,3,556.71,1670.13
ITEM008588,ORD00985,PROD059,4,663.15,2652.6
ITEM008589,ORD04650,PROD095,3,541.45,1624.35
ITEM008590,ORD01809,PROD074,5,165.37,826.85
ITEM008591,ORD01448,PROD004,1,304.43,304.43
ITEM008592,ORD02942,PROD123,5,293.45,1467.25
ITEM008593,ORD02760,PROD083,2,565.15,1130.3
ITEM008594,ORD04173,PROD062,5,59.11,295.55
ITEM008595,ORD04547,PROD107,6,404.16,2424.96
ITEM008596,ORD02952,PROD010,1,439.47,439.47
ITEM008597,ORD04033,PROD105,0,104.27,312.81
ITEM008598,ORD04164,PROD064,3,94.07,282.21
ITEM008599,ORD03812,PROD027,1,736.94,736.94
ITEM008600,ORD03789,PROD110,5,673.56,3367.8
ITEM008601,ORD01439,PROD035,6,190.08,1140.48
ITEM008602,ORD01674,PROD079,4,303.18,1212.72
ITEM008603,ORD01454,PROD119,6,127.47,764.82
ITEM008604,ORD01701,PROD145,5,458.69,2293.45
ITEM008605,ORD01450,PROD071,4,126.07,504.28
ITEM008606,ORD02345,PROD108,5,608.16,3040.8
ITEM008607,ORD00335,PROD005,4,512.86,2051.44
ITEM008608,ORD04205,PROD006,5,615.35,3076.75
ITEM008609,ORD00921,PROD111,4,175.5,702.0
ITEM008610,ORD01073,PROD110,4,305.7,1222.8
ITEM008611,ORD02225,PROD088,5,113.18,565.9
ITEM008612,ORD03168,PROD144,3,511.29,1533.87
ITEM008613,ORD03037,PROD041,3,792.62,2377.86
ITEM008614,ORD02983,PROD129,2,291.87,583.74
ITEM008615,ORD04364,PROD104,4,553.43,2213.72
ITEM008616,ORD02708,PROD023,3,204.68,614.04
ITEM008617,ORD04646,PROD024,4,255.32,1021.28
ITEM008618,ORD04692,PROD044,3,704.07,2112.21
ITEM008619,ORD03383,PROD119,5,364.01,1820.05
ITEM008620,ORD02699,PROD139,1,266.84,266.84
ITEM008621,ORD03772,PROD066,3,169.91,509.73
ITEM008622,ORD00885,PROD009,1,643.2,643.2
ITEM008623,ORD999999,PROD015,1,404.51,404.51
ITEM008624,ORD01865,PROD051,3,787.91,2363.73
ITEM008625,ORD03864,PROD059,2,790.63,1581.26
ITEM008626,ORD01246,PROD003,2,479.16,958.32
ITEM008627,ORD02032,PROD103,4,156.54,626.16
ITEM008628,ORD01256,PROD148,4,299.81,1199.24
ITEM008629,ORD03981,PROD016,4,540.09,2160.36
ITEM008630,ORD00870,PROD109,4,135.65,542.6
ITEM008631,ORD02877,PROD015,2,473.76,947.52
ITEM008632,ORD04127,PROD135,2,632.97,1265.94
ITEM008633,ORD02195,PROD028,3,504.74,1514.22
ITEM008634,ORD02180,PROD081,2,296.11,592.22
ITEM008635,ORD02716,PROD033,3,189.88,569.64
ITEM008636,ORD03531,PROD9999,5,270.49,1352.45
ITEM008637,ORD999999,PROD029,4,743.91,2975.64
ITEM008638,ORD03103,PROD017,3,99.62,298.86
ITEM008639,ORD01188,PROD023,2,477.61,955.22
ITEM008640,ORD02969,PROD054,1,66.98,66.98
ITEM008641,ORD01551,PROD113,4,662.16,2648.64
ITEM008642,ORD04891,PROD090,1,356.23,356.23
ITEM008643,ORD02273,PROD054,5,181.29,906.45
ITEM008644,ORD00773,PROD089,3,242.62,727.86
ITEM008645,ORD02477,PROD013,1,483.86,483.86
ITEM008646,ORD00857,PROD149,1,582.55,582.55
ITEM008647,ORD01645,PROD016,4,738.49,2953.96
ITEM008648,ORD03674,PROD048,5,568.73,2843.65
ITEM008649,ORD03973,PROD061,6,216.44,1298.64
ITEM008650,ORD00904,PROD108,1,355.5,355.5
ITEM008651,ORD03894,PROD092,4,129.78,519.12
ITEM008652,ORD00983,PROD037,1,140.82,140.82
ITEM008653,ORD01915,PROD141,4,295.2,1180.8
ITEM008654,ORD00698,PROD145,1,168.44,168.44
ITEM008655,ORD02446,PROD121,3,440.5,1321.5
ITEM008656,ORD04178,PROD049,4,216.19,864.76
ITEM008657,ORD01752,PROD101,5,202.1,1010.5
ITEM008658,ORD01625,PROD088,3,646.64,1939.92
ITEM008659,ORD02101,PROD147,6,745.55,4473.3
ITEM008660,ORD01682,PROD117,1,176.85,176.85
ITEM008661,ORD04090,PROD016,2,291.15,582.3
ITEM008662,ORD00668,PROD127,6,179.37,1076.22
ITEM008663,ORD999999,PROD064,6,227.11,1362.66
ITEM008664,ORD02496,PROD061,4,197.16,788.64
ITEM008665,ORD00406,PROD109,2,166.6,333.2
ITEM008666,ORD04536,PROD149,3,566.42,1699.26
ITEM008667,ORD04538,PROD133,4,642.57,2570.28
ITEM008668,ORD03993,PROD147,6,300.16,1800.96
ITEM008669,ORD04592,PROD137,2,393.85,787.7
ITEM008670,ORD01703,PROD108,6,575.18,3451.08
ITEM008671,ORD03326,PROD103,2,141.14,282.28
ITEM008672,ORD02302,PROD017,1,341.79,341.79
ITEM008673,ORD999999,PROD138,2,312.16,624.32
ITEM008674,ORD03461,PROD121,3,298.6,895.8
ITEM008675,ORD04805,PROD001,2,638.0,1276.0
ITEM008676,ORD03562,PROD065,5,213.26,1066.3
ITEM008677,ORD03057,PROD050,4,493.95,1975.8
ITEM008678,ORD00764,PROD073,3,53.06,159.18
ITEM008679,ORD02766,PROD022,4,764.57,3058.28
ITEM008680,ORD03091,PROD025,4,697.66,2790.64
ITEM008681,ORD00512,PROD108,1,315.85,315.85
ITEM008682,ORD00288,PROD057,4,325.26,1301.04
ITEM008683,ORD00472,PROD054,1,120.64,120.64
ITEM008684,ORD02064,PROD028,4,501.73,2006.92
ITEM008685,ORD01179,PROD090,2,184.8,369.6
ITEM008686,ORD00931,PROD137,6,251.64,1509.84
ITEM008687,ORD999999,PROD093,2,73.59,147.18
ITEM008688,ORD02340,PROD138,6,143.69,862.14
ITEM008689,ORD02104,PROD092,4,763.36,3053.44
ITEM008690,ORD04821,PROD061,5,464.77,2323.85
ITEM008691,ORD04519,PROD002,5,592.6,2963.0
ITEM008692,ORD04420,PROD030,5,517.37,2586.85
ITEM008693,ORD02372,PROD044,2,693.33,1386.66
ITEM008694,ORD03687,PROD109,5,796.97,3984.85
ITEM008695,ORD00466,PROD035,1,211.09,211.09
ITEM008696,ORD00616,PROD117,1,477.26,477.26
ITEM008697,ORD01784,PROD100,3,502.51,1507.53
ITEM008698,ORD00491,PROD007,4,500.93,2003.72
ITEM008699,ORD00250,PROD150,6,243.27,1459.62
ITEM008700,ORD01181,PROD108,5,195.8,979.0
ITEM008701,ORD00086,PROD032,1,172.42,172.42
ITEM008702,ORD01324,PROD059,4,501.85,2007.4
ITEM008703,ORD02141,PROD118,5,253.76,1268.8
ITEM008704,ORD01303,PROD116,6,502.17,3013.02
ITEM008705,ORD02801,PROD119,3,749.03,2247.09
ITEM008706,ORD04370,PROD057,6,403.26,2419.56
ITEM008707,ORD01619,PROD092,4,261.73,1046.92
ITEM008708,ORD03429,PROD095,2,580.98,1161.96
ITEM008709,ORD02013,PROD096,1,250.73,250.73
ITEM008710,ORD999999,PROD148,2,704.62,1409.24
ITEM008711,ORD00393,PROD114,3,286.84,860.52
ITEM008712,ORD01079,PROD044,5,351.19,1755.95
ITEM008713,ORD01258,PROD011,2,321.07,642.14
ITEM008714,ORD999999,PROD006,4,426.51,1706.04
ITEM008715,ORD03257,PROD065,6,572.75,3436.5
ITEM008716,ORD02253,PROD010,2,147.35,294.7
ITEM008717,ORD02331,PROD033,4,413.33,1653.32
ITEM008718,ORD02318,PROD139,3,548.42,1645.26
ITEM008719,ORD04439,PROD026,1,695.86,695.86
ITEM008720,ORD03131,PROD047,2,182.32,364.64
ITEM008721,ORD02059,PROD066,1,579.46,579.46
ITEM008722,ORD02775,PROD095,6,279.83,1678.98
ITEM008723,ORD00927,PROD063,2,444.55,889.1
ITEM008724,ORD01648,PROD091,5,488.21,2441.05
ITEM008725,ORD00743,PROD017,1,258.66,258.66
ITEM008726,ORD02577,PROD121,5,192.25,961.25
ITEM008727,ORD00855,PROD123,6,413.73,2482.38
ITEM008728,ORD00075,PROD058,4,266.12,1064.48
ITEM008729,ORD00937,PROD079,1,474.35,474.35
ITEM008730,ORD01257,PROD107,2,480.35,960.7
ITEM008731,ORD02713,PROD068,2,69.72,139.44
ITEM008732,ORD04071,PROD115,6,462.39,2774.34
ITEM008733,ORD03408,PROD001,1,507.96,507.96
ITEM008734,ORD01006,PROD110,1,77.31,77.31
ITEM008735,ORD02491,PROD110,5,190.17,950.85
ITEM008736,ORD00551,PROD035,5,799.73,3998.65
ITEM008737,ORD01152,PROD073,6,92.17,553.02
ITEM008738,ORD02550,PROD054,5,763.64,3818.2
ITEM008739,ORD01269,PROD031,2,154.9,309.8
ITEM008740,ORD04268,PROD127,0,607.47,1214.94
ITEM008741,ORD01795,PROD123,3,393.88,1181.64
ITEM008742,ORD02634,PROD106,1,328.37,328.37
ITEM008743,ORD03050,PROD094,2,780.02,1560.04
ITEM008744,ORD01559,PROD134,6,621.74,3730.44
ITEM008745,ORD04762,PROD106,2,615.22,1230.44
ITEM008746,ORD02307,PROD018,3,523.68,1571.04
ITEM008747,ORD02706,PROD114,2,686.37,1372.74
ITEM008748,ORD04431,PROD093,1,271.59,271.59
ITEM008749,ORD01457,PROD100,4,773.73,3094.92
ITEM008750,ORD00781,PROD015,1,689.08,689.08
ITEM008751,ORD03181,PROD005,2,87.01,174.02
ITEM008752,ORD00065,PROD098,5,527.19,2635.95
ITEM008753,ORD04359,PROD121,6,705.79,4234.74
ITEM008754,ORD00112,PROD098,1,636.58,636.58
ITEM008755,ORD999999,PROD087,2,109.59,219.18
ITEM008756,ORD02168,PROD010,6,489.38,2936.28
ITEM008757,ORD02562,PROD050,2,455.57,911.14
ITEM008758,ORD04122,PROD068,6,542.26,3253.56
ITEM008759,ORD04532,PROD068,4,372.6,1490.4
ITEM008760,ORD04150,PROD139,3,534.73,1604.19
ITEM008761,ORD00382,PROD078,2,462.27,924.54
ITEM008762,ORD03594,PROD054,3,68.65,205.95
ITEM008763,ORD999999,PROD9999,2,617.84,1235.68
ITEM008764,ORD999999,PROD075,6,87.16,522.96
ITEM008765,ORD02806,PROD035,3,671.64,2014.92
ITEM008766,ORD02457,PROD084,2,119.41,238.82
ITEM008767,ORD04394,PROD130,3,234.86,704.58
ITEM008768,ORD02385,PROD096,5,68.73,343.65
ITEM008769,ORD02253,PROD090,5,105.36,526.8
ITEM008770,ORD999999,PROD079,1,104.89,104.89
ITEM008771,ORD00446,PROD080,1,298.8,298.8
ITEM008772,ORD01062,PROD020,6,786.55,4719.3
ITEM008773,ORD00135,PROD054,6,587.34,3524.04
ITEM008774,ORD04709,PROD083,3,442.97,1328.91
ITEM008775,ORD03499,PROD058,6,527.48,3164.88
ITEM008776,ORD03797,PROD031,5,602.8,3014.0
ITEM008777,ORD01949,PROD092,5,569.28,2846.4
ITEM008778,ORD01699,PROD106,4,672.01,2688.04
ITEM008779,ORD00611,PROD012,5,59.77,298.85
ITEM008780,ORD04578,PROD143,4,646.46,2585.84
ITEM008781,ORD03946,PROD138,2,407.67,815.34
ITEM008782,ORD04492,PROD009,2,190.29,380.58
ITEM008783,ORD03913,PROD024,4,214.92,859.68
ITEM008784,ORD03453,PROD009,5,681.99,3409.95
ITEM008785,ORD01191,PROD030,4,419.26,1677.04
ITEM008786,ORD02929,PROD113,4,641.84,2567.36
ITEM008787,ORD04332,PROD024,4,143.55,574.2
ITEM008788,ORD01618,PROD128,1,431.51,431.51
ITEM008789,ORD04309,PROD137,4,360.72,1442.88
ITEM008790,ORD02140,PROD003,4,326.45,1305.8
ITEM008791,ORD03606,PROD112,1,165.45,165.45
ITEM008792,ORD01382,PROD003,2,584.47,1168.94
ITEM008793,ORD00460,PROD097,1,281.53,281.53
ITEM008794,ORD01021,PROD145,3,756.83,2270.49
ITEM008795,ORD01655,PROD9999,4,328.57,1314.28
ITEM008796,ORD00288,PROD112,3,313.57,940.71
ITEM008797,ORD03699,PROD134,2,145.97,291.94
ITEM008798,ORD00160,PROD040,6,564.82,3388.92
ITEM008799,ORD01244,PROD023,6,226.8,1360.8
ITEM008800,ORD04227,PROD114,2,636.78,1273.56
ITEM008801,ORD00458,PROD085,3,81.02,243.06
ITEM008802,ORD01252,PROD086,1,142.1,142.1
ITEM008803,ORD01758,PROD045,6,382.02,2292.12
ITEM008804,ORD03004,PROD090,1,735.09,735.09
ITEM008805,ORD04057,PROD105,2,368.48,736.96
ITEM008806,ORD00772,PROD143,4,407.38,1629.52
ITEM008807,ORD02654,PROD140,2,133.59,267.18
ITEM008808,ORD00258,PROD074,3,92.69,278.07
ITEM008809,ORD02396,PROD014,2,633.07,1266.14
ITEM008810,ORD02469,PROD090,6,759.3,4555.8
ITEM008811,ORD04889,PROD057,1,709.62,709.62
ITEM008812,ORD01879,PROD045,6,63.34,380.04
ITEM008813,ORD00475,PROD9999,6,82.71,496.26
ITEM008814,ORD02529,PROD106,5,783.28,3916.4
ITEM008815,ORD04240,PROD136,2,285.07,570.14
ITEM008816,ORD04672,PROD020,1,352.73,352.73
ITEM008817,ORD01024,PROD085,5,668.1,3340.5
ITEM008818,ORD04174,PROD007,1,354.34,354.34
ITEM008819,ORD03736,PROD078,5,593.53,2967.65
ITEM008820,ORD02890,PROD092,5,638.6,3193.0
ITEM008821,ORD02800,PROD048,6,213.44,1280.64
ITEM008822,ORD02124,PROD047,3,738.5,2215.5
ITEM008823,ORD04003,PROD114,5,381.35,1906.75
ITEM008824,ORD02668,PROD032,3,562.8,1688.4
ITEM008825,ORD03335,PROD089,1,106.24,106.24
ITEM008826,ORD02544,PROD024,3,587.51,1762.53
ITEM008827,ORD00241,PROD060,5,570.47,2852.35
ITEM008828,ORD02100,PROD123,5,701.64,3508.2
ITEM008829,ORD03241,PROD056,6,67.08,402.48
ITEM008830,ORD01437,PROD098,2,484.51,969.02
ITEM008831,ORD04774,PROD063,2,564.57,1129.14
ITEM008832,ORD04732,PROD011,5,562.97,2814.85
ITEM008833,ORD04388,PROD119,2,392.13,784.26
ITEM008834,ORD00949,PROD038,1,52.92,52.92
ITEM008835,ORD00588,PROD104,6,534.6,3207.6
ITEM008836,ORD03630,PROD150,2,161.86,323.72
ITEM008837,ORD04470,PROD025,4,470.64,1882.56
ITEM008838,ORD03793,PROD098,4,404.7,1618.8
ITEM008839,ORD02635,PROD131,4,150.66,602.64
ITEM008840,ORD02405,PROD124,2,594.45,1188.9
ITEM008841,ORD03735,PROD144,3,797.65,2392.95
ITEM008842,ORD00195,PROD035,3,333.31,999.93
ITEM008843,ORD03863,PROD138,2,122.73,245.46
ITEM008844,ORD01490,PROD048,2,727.64,1455.28
ITEM008845,ORD00923,PROD142,2,421.73,843.46
ITEM008846,ORD03559,PROD148,6,488.99,2933.94
ITEM008847,ORD03912,PROD123,1,499.49,499.49
ITEM008848,ORD03696,PROD003,4,425.47,1701.88
ITEM008849,ORD01984,PROD103,4,696.88,2787.52
ITEM008850,ORD03019,PROD037,4,259.23,1036.92
ITEM008851,ORD04432,PROD048,2,450.21,900.42
ITEM008852,ORD03503,PROD135,4,103.62,414.48
ITEM008853,ORD00238,PROD080,2,196.22,392.44
ITEM008854,ORD00423,PROD030,4,368.34,1473.36
ITEM008855,ORD03555,PROD080,6,440.97,2645.82
ITEM008856,ORD01983,PROD056,2,163.11,326.22
ITEM008857,ORD01375,PROD147,1,432.94,432.94
ITEM008858,ORD03988,PROD136,1,750.72,750.72
ITEM008859,ORD04425,PROD012,2,75.79,151.58
ITEM008860,ORD04917,PROD047,2,600.0,1200.0
ITEM008861,ORD03145,PROD037,1,526.79,526.79
ITEM008862,ORD01494,PROD010,2,560.85,1121.7
ITEM008863,ORD999999,PROD100,5,100.53,502.65
ITEM008864,ORD00996,PROD050,6,335.54,2013.24
ITEM008865,ORD01064,PROD130,2,305.38,610.76
ITEM008866,ORD00364,PROD042,4,180.78,723.12
ITEM008867,ORD00724,PROD102,4,641.02,2564.08
ITEM008868,ORD01945,PROD079,5,563.42,2817.1
ITEM008869,ORD02989,PROD041,5,382.03,1910.15
ITEM008870,ORD03858,PROD012,4,373.66,1494.64
ITEM008871,ORD01418,PROD026,1,404.77,404.77
ITEM008872,ORD04978,PROD072,4,698.93,2795.72
ITEM008873,ORD04190,PROD030,2,760.28,1520.56
ITEM008874,ORD01862,PROD055,0,372.2,372.2
ITEM008875,ORD01644,PROD041,2,607.04,1214.08
ITEM008876,ORD01283,PROD078,5,399.8,1999.0
ITEM008877,ORD03142,PROD116,6,260.16,1560.96
ITEM008878,ORD00843,PROD032,3,571.88,1715.64
ITEM008879,ORD01340,PROD018,3,666.2,1998.6
ITEM008880,ORD03551,PROD031,3,522.81,1568.43
ITEM008881,ORD04411,PROD125,4,390.74,1562.96
ITEM008882,ORD04907,PROD104,2,330.07,660.14
ITEM008883,ORD04921,PROD008,5,106.53,532.65
ITEM008884,ORD04379,PROD066,2,99.3,198.6
ITEM008885,ORD00281,PROD134,2,362.08,724.16
ITEM008886,ORD01627,PROD097,3,295.29,885.87
ITEM008887,ORD02585,PROD145,2,266.96,533.92
ITEM008888,ORD04386,PROD112,3,299.35,898.05
ITEM008889,ORD03236,PROD017,1,246.56,246.56
ITEM008890,ORD03881,PROD078,3,50.93,152.79
ITEM008891,ORD00840,PROD131,1,138.81,138.81
ITEM008892,ORD02968,PROD001,1,491.31,491.31
ITEM008893,ORD02837,PROD131,3,246.75,740.25
ITEM008894,ORD02511,PROD121,5,765.83,3829.15
ITEM008895,ORD00994,PROD123,4,531.48,2125.92
ITEM008896,ORD00257,PROD116,5,790.31,3951.55
ITEM008897,ORD04474,PROD103,1,341.75,341.75
ITEM008898,ORD01274,PROD122,6,356.56,2139.36
ITEM008899,ORD03864,PROD082,3,610.59,1831.77
ITEM008900,ORD03890,PROD107,6,730.93,4385.58
ITEM008901,ORD02264,PROD137,4,590.7,2362.8
ITEM008902,ORD04442,PROD041,2,278.32,556.64
ITEM008903,ORD01121,PROD060,4,702.38,2809.52
ITEM008904,ORD00477,PROD116,5,722.4,3612.0
ITEM008905,ORD04559,PROD010,2,380.92,761.84
ITEM008906,ORD999999,PROD077,1,455.91,455.91
ITEM008907,ORD03178,PROD093,5,63.64,318.2
ITEM008908,ORD01466,PROD111,4,84.39,337.56
ITEM008909,ORD03301,PROD139,6,163.46,980.76
ITEM008910,ORD04049,PROD072,1,659.9,659.9
ITEM008911,ORD02703,PROD145,2,566.96,1133.92
ITEM008912,ORD00763,PROD056,4,257.99,1031.96
ITEM008913,ORD03653,PROD028,2,155.99,311.98
ITEM008914,ORD02523,PROD113,4,193.12,772.48
ITEM008915,ORD04993,PROD038,6,675.67,4054.02
ITEM008916,ORD01977,PROD144,2,395.8,791.6
ITEM008917,ORD00015,PROD058,3,209.41,628.23
ITEM008918,ORD02097,PROD090,3,518.58,1555.74
ITEM008919,ORD02469,PROD068,4,459.68,1838.72
ITEM008920,ORD00908,PROD027,1,363.05,363.05
ITEM008921,ORD04513,PROD111,4,310.19,1240.76
ITEM008922,ORD03740,PROD126,1,85.31,85.31
ITEM008923,ORD02123,PROD119,3,191.03,573.09
ITEM008924,ORD03482,PROD018,5,200.8,1004.0
ITEM008925,ORD02070,PROD103,2,682.73,1365.46
ITEM008926,ORD03174,PROD149,5,102.76,513.8
ITEM008927,ORD03249,PROD107,1,783.64,783.64
ITEM008928,ORD01927,PROD024,1,380.23,380.23
ITEM008929,ORD02514,PROD051,5,148.03,740.15
ITEM008930,ORD01251,PROD127,5,444.28,2221.4
ITEM008931,ORD00994,PROD010,5,111.28,556.4
ITEM008932,ORD02025,PROD110,1,684.18,684.18
ITEM008933,ORD02462,PROD147,2,467.16,934.32
ITEM008934,ORD00009,PROD044,1,716.15,716.15
ITEM008935,ORD01392,PROD027,1,641.99,641.99
ITEM008936,ORD01375,PROD091,3,404.88,1214.64
ITEM008937,ORD03874,PROD012,6,523.78,3142.68
ITEM008938,ORD02299,PROD136,2,183.22,366.44
ITEM008939,ORD04856,PROD094,1,579.93,579.93
ITEM008940,ORD03993,PROD027,6,58.68,352.08
ITEM008941,ORD02713,PROD026,5,462.56,2312.8
ITEM008942,ORD00479,PROD055,4,169.97,679.88
ITEM008943,ORD02236,PROD9999,2,657.45,1314.9
ITEM008944,ORD02333,PROD004,4,618.76,2475.04
ITEM008945,ORD01972,PROD115,6,300.73,1804.38
ITEM008946,ORD00463,PROD044,4,786.69,3146.76
ITEM008947,ORD03925,PROD130,3,505.17,1515.51
ITEM008948,ORD00764,PROD112,2,212.05,424.1
ITEM008949,ORD04124,PROD051,5,565.84,2829.2
ITEM008950,ORD02092,PROD097,1,328.01,328.01
ITEM008951,ORD04077,PROD043,4,424.45,1697.8
ITEM008952,ORD00776,PROD041,5,635.78,3178.9
ITEM008953,ORD04226,PROD075,4,110.07,440.28
ITEM008954,ORD00059,PROD052,4,758.64,3034.56
ITEM008955,ORD03175,PROD044,2,81.01,162.02
ITEM008956,ORD03464,PROD032,2,446.61,893.22
ITEM008957,ORD03744,PROD040,1,158.1,158.1
ITEM008958,ORD01238,PROD045,3,160.4,481.2
ITEM008959,ORD00161,PROD029,2,777.39,1554.78
ITEM008960,ORD02300,PROD121,3,591.03,1773.09
ITEM008961,ORD03514,PROD108,1,204.11,204.11
ITEM008962,ORD03321,PROD087,3,348.54,1045.62
ITEM008963,ORD00994,PROD025,2,504.9,1009.8
ITEM008964,ORD02979,PROD114,1,665.09,665.09
ITEM008965,ORD02882,PROD118,6,494.61,2967.66
ITEM008966,ORD02863,PROD103,4,427.76,1711.04
ITEM008967,ORD01522,PROD090,5,102.94,514.7
ITEM008968,ORD04521,PROD125,1,772.9,772.9
ITEM008969,ORD03990,PROD123,1,289.34,289.34
ITEM008970,ORD03187,PROD067,3,311.82,935.46
ITEM008971,ORD00695,PROD008,3,111.17,333.51
ITEM008972,ORD02744,PROD029,4,697.39,2789.56
ITEM008973,ORD02818,PROD033,2,629.08,1258.16
ITEM008974,ORD04710,PROD108,3,172.59,517.77
ITEM008975,ORD02727,PROD110,0,692.58,692.58
ITEM008976,ORD00723,PROD002,4,754.27,3017.08
ITEM008977,ORD04836,PROD075,2,458.5,917.0
ITEM008978,ORD04672,PROD064,6,64.4,386.4
ITEM008979,ORD02364,PROD039,6,74.66,447.96
ITEM008980,ORD00099,PROD070,2,143.21,286.42
ITEM008981,ORD00267,PROD020,3,781.8,2345.4
ITEM008982,ORD00437,PROD138,3,266.62,799.86
ITEM008983,ORD02565,PROD063,6,313.79,1882.74
ITEM008984,ORD00397,PROD091,4,717.26,2869.04
ITEM008985,ORD02279,PROD055,6,251.65,1509.9
ITEM008986,ORD02431,PROD064,5,438.31,2191.55
ITEM008987,ORD01354,PROD092,1,607.74,607.74
ITEM008988,ORD02474,PROD105,6,400.26,2401.56
ITEM008989,ORD04062,PROD149,4,221.02,884.08
ITEM008990,ORD03924,PROD006,3,633.36,1900.08
ITEM008991,ORD04968,PROD043,2,585.41,1170.82
ITEM008992,ORD04995,PROD017,0,651.2,3907.2
ITEM008993,ORD03862,PROD099,2,126.05,252.1
ITEM008994,ORD01356,PROD090,4,227.26,909.04
ITEM008995,ORD04194,PROD105,5,720.27,3601.35
ITEM008996,ORD01521,PROD015,2,269.24,538.48
ITEM008997,ORD03460,PROD073,2,667.29,1334.58
ITEM008998,ORD03038,PROD033,5,140.95,704.75
ITEM008999,ORD02216,PROD014,2,610.53,1221.06
ITEM009000,ORD04756,PROD038,2,141.58,283.16
ITEM009001,ORD00790,PROD122,3,766.53,2299.59
ITEM009002,ORD00237,PROD022,4,168.09,672.36
ITEM009003,ORD04375,PROD028,6,180.89,1085.34
ITEM009004,ORD02927,PROD013,5,546.77,2733.85
ITEM009005,ORD03895,PROD006,4,624.26,2497.04
ITEM009006,ORD999999,PROD124,2,325.31,650.62
ITEM009007,ORD01140,PROD076,6,131.13,786.78
ITEM009008,ORD04124,PROD059,6,612.4,3674.4
ITEM009009,ORD02738,PROD119,2,144.76,289.52
ITEM009010,ORD01184,PROD114,3,651.68,1955.04
ITEM009011,ORD04150,PROD006,3,289.89,869.67
ITEM009012,ORD02087,PROD025,5,640.16,3200.8
ITEM009013,ORD02595,PROD108,1,775.5,775.5
ITEM009014,ORD999999,PROD129,3,162.61,487.83
ITEM009015,ORD02348,PROD081,5,281.01,1405.05
ITEM009016,ORD00540,PROD098,1,256.85,256.85
ITEM009017,ORD03862,PROD148,1,761.95,761.95
ITEM009018,ORD03016,PROD081,5,369.5,1847.5
ITEM009019,ORD00948,PROD127,3,735.67,2207.01
ITEM009020,ORD01907,PROD118,5,113.16,565.8
ITEM009021,ORD01123,PROD102,3,239.46,718.38
ITEM009022,ORD04511,PROD011,4,518.02,2072.08
ITEM009023,ORD03660,PROD094,6,509.92,3059.52
ITEM009024,ORD02496,PROD120,5,699.28,3496.4
ITEM009025,ORD03546,PROD148,6,50.78,304.68
ITEM009026,ORD999999,PROD043,1,412.07,412.07
ITEM009027,ORD04467,PROD040,2,58.53,117.06
ITEM009028,ORD03695,PROD132,6,144.92,869.52
ITEM009029,ORD00286,PROD099,3,468.99,1406.97
ITEM009030,ORD02541,PROD105,2,438.36,876.72
ITEM009031,ORD01543,PROD139,6,84.88,509.28
ITEM009032,ORD04692,PROD065,5,137.2,686.0
ITEM009033,ORD01255,PROD038,2,472.1,944.2
ITEM009034,ORD01542,PROD104,2,684.87,1369.74
ITEM009035,ORD02957,PROD125,5,72.82,364.1
ITEM009036,ORD00348,PROD020,4,222.79,891.16
ITEM009037,ORD00959,PROD147,5,550.27,2751.35
ITEM009038,ORD01452,PROD134,6,768.93,4613.58
ITEM009039,ORD04528,PROD053,1,160.26,160.26
ITEM009040,ORD04782,PROD135,2,563.99,1127.98
ITEM009041,ORD00263,PROD053,3,279.31,837.93
ITEM009042,ORD04409,PROD109,5,219.06,1095.3
ITEM009043,ORD01405,PROD037,4,573.74,2294.96
ITEM009044,ORD02140,PROD142,1,640.45,640.45
ITEM009045,ORD02427,PROD055,3,564.76,1694.28
ITEM009046,ORD01761,PROD052,4,706.03,2824.12
ITEM009047,ORD999999,PROD006,3,762.3,2286.9
ITEM009048,ORD00306,PROD043,3,113.09,339.27
ITEM009049,ORD03717,PROD020,3,710.28,2130.84
ITEM009050,ORD01369,PROD128,6,90.4,542.4
ITEM009051,ORD00255,PROD117,3,720.27,2160.81
ITEM009052,ORD00821,PROD126,5,632.1,3160.5
ITEM009053,ORD04936,PROD145,2,559.74,1119.48
ITEM009054,ORD01333,PROD118,1,379.68,379.68
ITEM009055,ORD01949,PROD063,3,671.11,2013.33
ITEM009056,ORD04693,PROD099,1,88.27,88.27
ITEM009057,ORD00145,PROD103,2,554.67,1109.34
ITEM009058,ORD02613,PROD150,2,704.67,1409.34
ITEM009059,ORD02727,PROD112,6,542.61,3255.66
ITEM009060,ORD03742,PROD013,4,158.07,632.28
ITEM009061,ORD00735,PROD113,2,248.36,496.72
ITEM009062,ORD01773,PROD010,2,159.87,319.74
ITEM009063,ORD00087,PROD106,4,746.03,2984.12
ITEM009064,ORD04696,PROD119,1,283.9,283.9
ITEM009065,ORD00775,PROD109,2,154.51,309.02
ITEM009066,ORD01995,PROD017,2,594.74,1189.48
ITEM009067,ORD03178,PROD011,4,714.23,2856.92
ITEM009068,ORD00945,PROD109,5,143.37,716.85
ITEM009069,ORD02052,PROD072,6,771.36,4628.16
ITEM009070,ORD01584,PROD110,3,790.85,2372.55
ITEM009071,ORD04588,PROD031,2,312.05,624.1
ITEM009072,ORD03072,PROD109,3,221.68,665.04
ITEM009073,ORD00364,PROD054,1,707.2,707.2
ITEM009074,ORD04010,PROD129,6,485.34,2912.04
ITEM009075,ORD00375,PROD074,2,271.78,543.56
ITEM009076,ORD03214,PROD120,1,589.68,589.68
ITEM009077,ORD03032,PROD046,3,523.51,1570.53
ITEM009078,ORD03298,PROD053,1,252.28,252.28
ITEM009079,ORD01579,PROD122,1,457.61,457.61
ITEM009080,ORD04588,PROD078,5,134.99,674.95
ITEM009081,ORD03677,PROD119,3,665.99,1997.97
ITEM009082,ORD00910,PROD063,2,518.34,1036.68
ITEM009083,ORD04479,PROD031,3,407.62,1222.86
ITEM009084,ORD01812,PROD079,1,101.58,101.58
ITEM009085,ORD04352,PROD138,2,696.6,1393.2
ITEM009086,ORD01158,PROD005,4,717.91,2871.64
ITEM009087,ORD03339,PROD105,5,762.41,3812.05
ITEM009088,ORD04437,PROD9999,6,598.25,3589.5
ITEM009089,ORD999999,PROD130,2,246.63,493.26
ITEM009090,ORD01652,PROD091,1,262.83,262.83
ITEM009091,ORD00467,PROD094,3,186.08,558.24
ITEM009092,ORD999999,PROD027,3,595.71,1787.13
ITEM009093,ORD00214,PROD147,4,171.04,684.16
ITEM009094,ORD03197,PROD001,2,706.67,1413.34
ITEM009095,ORD03572,PROD071,2,369.77,739.54
ITEM009096,ORD01559,PROD076,5,137.31,686.55
ITEM009097,ORD04705,PROD109,3,55.7,167.1
ITEM009098,ORD02769,PROD085,5,325.91,1629.55
ITEM009099,ORD02601,PROD023,5,239.96,1199.8
ITEM009100,ORD04449,PROD051,1,127.06,127.06
ITEM009101,ORD00436,PROD108,5,499.15,2495.75
ITEM009102,ORD03352,PROD118,1,795.51,795.51
ITEM009103,ORD00738,PROD037,2,798.67,1597.34
ITEM009104,ORD03219,PROD054,5,737.21,3686.05
ITEM009105,ORD04048,PROD003,6,752.38,4514.28
ITEM009106,ORD00370,PROD085,6,181.89,1091.34
ITEM009107,ORD04325,PROD025,6,411.11,2466.66
ITEM009108,ORD00220,PROD117,2,239.33,478.66
ITEM009109,ORD03734,PROD037,2,728.31,1456.62
ITEM009110,ORD01993,PROD021,3,166.7,500.1
ITEM009111,ORD04310,PROD027,1,547.06,547.06
ITEM009112,ORD00156,PROD129,6,756.81,4540.86
ITEM009113,ORD02197,PROD012,3,325.04,975.12
ITEM009114,ORD00662,PROD050,5,147.29,736.45
ITEM009115,ORD02883,PROD123,3,133.9,401.7
ITEM009116,ORD03247,PROD034,4,725.41,2901.64
ITEM009117,ORD04869,PROD046,6,116.87,701.22
ITEM009118,ORD03722,PROD042,4,86.95,347.8
ITEM009119,ORD02682,PROD056,6,170.48,1022.88
ITEM009120,ORD03355,PROD071,3,329.54,988.62
ITEM009121,ORD03179,PROD130,4,405.47,1621.88
ITEM009122,ORD04024,PROD146,5,690.06,3450.3
ITEM009123,ORD00030,PROD122,3,541.59,1624.77
ITEM009124,ORD03563,PROD032,6,383.99,2303.94
ITEM009125,ORD00987,PROD006,3,72.09,216.27
ITEM009126,ORD04926,PROD071,4,168.78,675.12
ITEM009127,ORD02355,PROD026,4,475.71,1902.84
ITEM009128,ORD00844,PROD057,4,752.76,3011.04
ITEM009129,ORD03262,PROD146,5,198.69,993.45
ITEM009130,ORD03766,PROD052,2,606.44,1212.88
ITEM009131,ORD04433,PROD055,5,660.04,3300.2
ITEM009132,ORD03781,PROD084,1,251.94,251.94
ITEM009133,ORD00148,PROD013,4,636.15,2544.6
ITEM009134,ORD04998,PROD121,5,662.52,3312.6
ITEM009135,ORD04916,PROD010,4,69.15,276.6
ITEM009136,ORD02260,PROD045,1,226.41,226.41
ITEM009137,ORD04757,PROD122,6,796.83,4780.98
ITEM009138,ORD01566,PROD129,3,472.45,1417.35
ITEM009139,ORD02813,PROD046,2,105.19,210.38
ITEM009140,ORD01086,PROD138,4,659.91,2639.64
ITEM009141,ORD00613,PROD083,6,698.8,4192.8
ITEM009142,ORD04721,PROD090,1,428.56,428.56
ITEM009143,ORD01640,PROD059,6,296.56,1779.36
ITEM009144,ORD03161,PROD027,1,400.22,400.22
ITEM009145,ORD02069,PROD036,1,682.24,682.24
ITEM009146,ORD00458,PROD142,4,291.61,1166.44
ITEM009147,ORD02576,PROD125,0,299.04,1196.16
ITEM009148,ORD00633,PROD046,3,306.17,918.51
ITEM009149,ORD01865,PROD075,3,785.33,2355.99
ITEM009150,ORD02879,PROD095,3,372.29,1116.87
ITEM009151,ORD03961,PROD022,6,532.56,3195.36
ITEM009152,ORD04367,PROD071,4,72.58,290.32
ITEM009153,ORD03240,PROD143,1,651.28,651.28
ITEM009154,ORD04473,PROD006,1,201.29,201.29
ITEM009155,ORD04694,PROD087,3,788.95,2366.85
ITEM009156,ORD00600,PROD049,2,262.86,525.72
ITEM009157,ORD02237,PROD003,4,218.15,872.6
ITEM009158,ORD04956,PROD065,1,505.71,505.71
ITEM009159,ORD00819,PROD037,3,746.68,2240.04
ITEM009160,ORD00653,PROD101,6,110.67,664.02
ITEM009161,ORD04289,PROD123,4,689.28,2757.12
ITEM009162,ORD04060,PROD144,2,524.0,1048.0
ITEM009163,ORD02910,PROD030,1,758.19,758.19
ITEM009164,ORD03685,PROD132,4,755.02,3020.08
ITEM009165,ORD01966,PROD120,5,231.7,1158.5
ITEM009166,ORD03354,PROD116,4,229.76,919.04
ITEM009167,ORD03247,PROD031,4,725.86,2903.44
ITEM009168,ORD02528,PROD061,2,413.41,826.82
ITEM009169,ORD04233,PROD003,5,309.17,1545.85
ITEM009170,ORD02512,PROD002,3,430.13,1290.39
ITEM009171,ORD00487,PROD018,5,622.97,3114.85
ITEM009172,ORD04315,PROD066,3,187.19,561.57
ITEM009173,ORD03810,PROD087,2,119.49,238.98
ITEM009174,ORD04832,PROD073,2,640.86,1281.72
ITEM009175,ORD999999,PROD137,5,626.45,3132.25
ITEM009176,ORD00788,PROD028,4,87.2,348.8
ITEM009177,ORD03179,PROD113,3,230.53,691.59
ITEM009178,ORD01782,PROD044,4,68.82,275.28
ITEM009179,ORD04149,PROD021,6,206.95,1241.7
ITEM009180,ORD03945,PROD150,3,734.12,2202.36
ITEM009181,ORD01006,PROD145,5,365.13,1825.65
ITEM009182,ORD01002,PROD031,6,642.63,3855.78
ITEM009183,ORD04209,PROD065,4,329.36,1317.44
ITEM009184,ORD01713,PROD012,0,64.71,258.84
ITEM009185,ORD01422,PROD128,3,500.95,1502.85
ITEM009186,ORD00109,PROD088,6,715.79,4294.74
ITEM009187,ORD02027,PROD079,5,384.61,1923.05
ITEM009188,ORD03862,PROD009,4,673.69,2694.76
ITEM009189,ORD02423,PROD130,3,634.14,1902.42
ITEM009190,ORD01466,PROD075,4,665.2,2660.8
ITEM009191,ORD03574,PROD134,5,54.25,271.25
ITEM009192,ORD00734,PROD001,4,473.78,1895.12
ITEM009193,ORD02446,PROD028,6,73.55,441.3
ITEM009194,ORD00879,PROD117,4,637.15,2548.6
ITEM009195,ORD01056,PROD098,5,592.83,2964.15
ITEM009196,ORD02000,PROD022,1,89.77,89.77
ITEM009197,ORD00730,PROD002,2,433.5,867.0
ITEM009198,ORD03361,PROD031,4,721.23,2884.92
ITEM009199,ORD999999,PROD074,1,262.68,262.68
ITEM009200,ORD02379,PROD111,1,635.87,635.87
ITEM009201,ORD00544,PROD126,4,402.06,1608.24
ITEM009202,ORD02668,PROD133,6,377.48,2264.88
ITEM009203,ORD01262,PROD9999,3,731.57,2194.71
ITEM009204,ORD02529,PROD012,4,616.95,2467.8
ITEM009205,ORD00494,PROD001,6,567.37,3404.22
ITEM009206,ORD02041,PROD100,5,755.41,3777.05
ITEM009207,ORD01126,PROD103,3,281.07,843.21
ITEM009208,ORD00090,PROD097,5,530.12,2650.6
ITEM009209,ORD04847,PROD128,4,591.57,2366.28
ITEM009210,ORD00266,PROD008,3,401.2,1203.6
ITEM009211,ORD02682,PROD068,3,308.51,925.53
ITEM009212,ORD03319,PROD084,4,83.87,335.48
ITEM009213,ORD04651,PROD9999,5,177.68,888.4
ITEM009214,ORD04499,PROD049,3,323.44,970.32
ITEM009215,ORD00777,PROD058,5,91.69,458.45
ITEM009216,ORD04337,PROD9999,2,178.07,356.14
ITEM009217,ORD01355,PROD077,6,561.5,3369.0
ITEM009218,ORD04994,PROD076,4,633.7,2534.8
ITEM009219,ORD03524,PROD076,2,298.77,597.54
ITEM009220,ORD01977,PROD014,5,383.71,1918.55
ITEM009221,ORD00605,PROD114,5,281.7,1408.5
ITEM009222,ORD04822,PROD062,1,762.26,762.26
ITEM009223,ORD01133,PROD088,1,598.15,598.15
ITEM009224,ORD00826,PROD127,4,233.31,933.24
ITEM009225,ORD04300,PROD007,5,464.41,2322.05
ITEM009226,ORD04428,PROD065,4,185.34,741.36
ITEM009227,ORD02988,PROD052,4,456.76,1827.04
ITEM009228,ORD04324,PROD130,4,442.01,1768.04
ITEM009229,ORD04744,PROD057,4,399.79,1599.16
ITEM009230,ORD01743,PROD045,5,556.52,2782.6
ITEM009231,ORD03954,PROD092,3,785.51,2356.53
ITEM009232,ORD01756,PROD131,3,531.91,1595.73
ITEM009233,ORD999999,PROD122,1,586.18,586.18
ITEM009234,ORD999999,PROD149,3,101.85,305.55
ITEM009235,ORD02313,PROD138,5,180.94,904.7
ITEM009236,ORD01382,PROD009,4,636.4,2545.6
ITEM009237,ORD03322,PROD055,4,751.84,3007.36
ITEM009238,ORD01891,PROD028,2,80.22,160.44
ITEM009239,ORD02921,PROD091,4,564.69,2258.76
ITEM009240,ORD04742,PROD059,3,549.11,1647.33
ITEM009241,ORD04638,PROD018,3,428.42,1285.26
ITEM009242,ORD02957,PROD072,1,131.6,131.6
ITEM009243,ORD04016,PROD112,2,582.8,1165.6
ITEM009244,ORD03634,PROD056,2,219.09,438.18
ITEM009245,ORD00771,PROD014,4,128.53,514.12
ITEM009246,ORD02070,PROD048,5,175.31,876.55
ITEM009247,ORD01128,PROD101,5,272.27,1361.35
ITEM009248,ORD03117,PROD014,3,357.57,1072.71
ITEM009249,ORD01147,PROD132,4,223.43,893.72
ITEM009250,ORD03443,PROD092,6,464.67,2788.02
ITEM009251,ORD03082,PROD009,4,148.1,592.4
ITEM009252,ORD04166,PROD141,2,471.59,943.18
ITEM009253,ORD02584,PROD062,1,598.93,598.93
ITEM009254,ORD04889,PROD033,2,667.75,1335.5
ITEM009255,ORD04810,PROD018,4,475.09,1900.36
ITEM009256,ORD02151,PROD104,5,268.54,1342.7
ITEM009257,ORD01452,PROD115,2,535.03,1070.06
ITEM009258,ORD02437,PROD117,4,306.97,1227.88
ITEM009259,ORD03363,PROD132,2,305.82,611.64
ITEM009260,ORD01182,PROD149,1,334.9,334.9
ITEM009261,ORD01526,PROD102,4,440.86,1763.44
ITEM009262,ORD01422,PROD091,4,354.6,1418.4
ITEM009263,ORD01499,PROD011,4,382.51,1530.04
ITEM009264,ORD04476,PROD051,3,613.19,1839.57
ITEM009265,ORD02606,PROD142,6,730.38,4382.28
ITEM009266,ORD02762,PROD004,4,121.75,487.0
ITEM009267,ORD02347,PROD069,5,647.26,3236.3
ITEM009268,ORD00014,PROD074,5,734.81,3674.05
ITEM009269,ORD03477,PROD143,6,549.24,3295.44
ITEM009270,ORD02650,PROD106,6,171.03,1026.18
ITEM009271,ORD01536,PROD084,4,484.7,1938.8
ITEM009272,ORD02454,PROD116,2,705.42,1410.84
ITEM009273,ORD02446,PROD102,4,193.91,775.64
ITEM009274,ORD00320,PROD024,2,159.98,319.96
ITEM009275,ORD01939,PROD087,6,637.99,3827.94
ITEM009276,ORD02996,PROD9999,6,791.68,4750.08
ITEM009277,ORD999999,PROD065,1,739.53,739.53
ITEM009278,ORD01471,PROD084,4,412.04,1648.16
ITEM009279,ORD03975,PROD123,1,450.1,450.1
ITEM009280,ORD04797,PROD140,3,755.05,2265.15
ITEM009281,ORD04695,PROD117,6,182.61,1095.66
ITEM009282,ORD01431,PROD9999,1,777.49,777.49
ITEM009283,ORD02903,PROD9999,1,650.31,650.31
ITEM009284,ORD03501,PROD123,2,381.47,762.94
ITEM009285,ORD03432,PROD143,1,281.79,281.79
ITEM009286,ORD03806,PROD065,4,256.14,1024.56
ITEM009287,ORD00400,PROD035,3,247.3,741.9
ITEM009288,ORD00429,PROD045,4,204.57,818.28
ITEM009289,ORD03113,PROD013,4,407.59,1630.36
ITEM009290,ORD00222,PROD058,2,420.24,840.48
ITEM009291,ORD04453,PROD039,0,309.39,1237.56
ITEM009292,ORD00340,PROD106,1,267.43,267.43
ITEM009293,ORD03299,PROD9999,2,240.49,480.98
ITEM009294,ORD01988,PROD053,6,593.23,3559.38
ITEM009295,ORD01663,PROD091,3,689.49,2068.47
ITEM009296,ORD00218,PROD134,4,117.83,471.32
ITEM009297,ORD03109,PROD131,1,509.84,509.84
ITEM009298,ORD02304,PROD143,2,389.03,778.06
ITEM009299,ORD00271,PROD097,2,142.79,285.58
ITEM009300,ORD00554,PROD149,3,157.66,472.98
ITEM009301,ORD02866,PROD056,5,708.08,3540.4
ITEM009302,ORD02354,PROD042,5,796.15,3980.75
ITEM009303,ORD02145,PROD042,4,557.02,2228.08
ITEM009304,ORD03042,PROD121,3,263.45,790.35
ITEM009305,ORD00360,PROD073,1,226.42,226.42
ITEM009306,ORD02905,PROD036,1,283.62,283.62
ITEM009307,ORD04754,PROD058,2,151.28,302.56
ITEM009308,ORD00077,PROD101,6,295.5,1773.0
ITEM009309,ORD00785,PROD064,1,263.48,263.48
ITEM009310,ORD00581,PROD027,4,133.71,534.84
ITEM009311,ORD01973,PROD058,5,489.56,2447.8
ITEM009312,ORD03021,PROD141,1,344.97,344.97
ITEM009313,ORD01372,PROD050,4,320.47,1281.88
ITEM009314,ORD00462,PROD092,2,441.47,882.94
ITEM009315,ORD00538,PROD038,4,135.11,540.44
ITEM009316,ORD01804,PROD043,6,195.71,1174.26
ITEM009317,ORD04453,PROD031,6,140.8,844.8
ITEM009318,ORD03006,PROD035,4,355.66,1422.64
ITEM009319,ORD00331,PROD008,1,435.59,435.59
ITEM009320,ORD04731,PROD077,4,152.05,608.2
ITEM009321,ORD00260,PROD072,2,549.01,1098.02
ITEM009322,ORD999999,PROD061,3,277.71,833.13
ITEM009323,ORD04148,PROD004,1,680.89,680.89
ITEM009324,ORD04992,PROD048,1,66.59,66.59
ITEM009325,ORD00625,PROD140,2,589.24,1178.48
ITEM009326,ORD00324,PROD068,2,560.6,1121.2
ITEM009327,ORD04679,PROD006,4,774.11,3096.44
ITEM009328,ORD02477,PROD061,5,279.77,1398.85
ITEM009329,ORD03555,PROD029,5,432.4,2162.0
ITEM009330,ORD01845,PROD121,4,545.19,2180.76
ITEM009331,ORD01146,PROD051,2,501.04,1002.08
ITEM009332,ORD03276,PROD078,4,300.37,1201.48
ITEM009333,ORD03705,PROD121,3,392.51,1177.53
ITEM009334,ORD01156,PROD003,3,411.73,1235.19
ITEM009335,ORD03985,PROD105,6,222.82,1336.92
ITEM009336,ORD02459,PROD125,2,139.77,279.54
ITEM009337,ORD04429,PROD129,2,346.29,692.58
ITEM009338,ORD02818,PROD009,1,322.42,322.42
ITEM009339,ORD01736,PROD081,2,133.47,266.94
ITEM009340,ORD04183,PROD079,6,419.05,2514.3
ITEM009341,ORD01997,PROD071,6,142.08,852.48
ITEM009342,ORD02741,PROD114,6,505.48,3032.88
ITEM009343,ORD00048,PROD9999,5,665.89,3329.45
ITEM009344,ORD02062,PROD067,1,484.16,484.16
ITEM009345,ORD01432,PROD022,2,103.69,207.38
ITEM009346,ORD03057,PROD023,5,200.38,1001.9
ITEM009347,ORD02573,PROD019,4,352.0,1408.0
ITEM009348,ORD01392,PROD018,6,299.22,1795.32
ITEM009349,ORD00887,PROD143,3,125.73,377.19
ITEM009350,ORD03467,PROD072,5,351.59,1757.95
ITEM009351,ORD04706,PROD076,1,584.49,584.49
ITEM009352,ORD04152,PROD087,4,529.67,2118.68
ITEM009353,ORD03721,PROD029,3,151.8,455.4
ITEM009354,ORD03490,PROD041,4,635.49,2541.96
ITEM009355,ORD03423,PROD009,5,102.66,513.3
ITEM009356,ORD03922,PROD090,4,583.37,2333.48
ITEM009357,ORD999999,PROD018,5,84.41,422.05
ITEM009358,ORD04923,PROD100,3,487.34,1462.02
ITEM009359,ORD04074,PROD101,2,504.73,1009.46
ITEM009360,ORD02713,PROD146,3,788.46,2365.38
ITEM009361,ORD03766,PROD124,6,110.6,663.6
ITEM009362,ORD02935,PROD101,2,709.04,1418.08
ITEM009363,ORD00323,PROD9999,4,612.36,2449.44
ITEM009364,ORD04488,PROD145,1,292.67,292.67
ITEM009365,ORD04915,PROD083,5,558.89,2794.45
ITEM009366,ORD02935,PROD049,5,389.61,1948.05
ITEM009367,ORD03688,PROD005,1,722.47,722.47
ITEM009368,ORD01101,PROD105,2,487.41,974.82
ITEM009369,ORD03360,PROD110,3,396.93,1190.79
ITEM009370,ORD01133,PROD126,6,492.02,2952.12
ITEM009371,ORD01700,PROD125,4,81.37,325.48
ITEM009372,ORD01915,PROD121,3,799.52,2398.56
ITEM009373,ORD01986,PROD041,1,454.28,454.28
ITEM009374,ORD03559,PROD057,2,228.24,456.48
ITEM009375,ORD03566,PROD071,1,737.99,737.99
ITEM009376,ORD00849,PROD032,2,478.95,957.9
ITEM009377,ORD04212,PROD112,6,725.43,4352.58
ITEM009378,ORD01513,PROD149,1,286.03,286.03
ITEM009379,ORD03545,PROD081,1,320.88,320.88
ITEM009380,ORD01825,PROD067,5,613.52,3067.6
ITEM009381,ORD02703,PROD088,0,432.85,865.7
ITEM009382,ORD02485,PROD104,4,552.02,2208.08
ITEM009383,ORD03719,PROD143,5,366.53,1832.65
ITEM009384,ORD01234,PROD089,5,501.4,2507.0
ITEM009385,ORD01359,PROD083,2,561.63,1123.26
ITEM009386,ORD00835,PROD046,2,685.64,1371.28
ITEM009387,ORD03355,PROD136,5,178.95,894.75
ITEM009388,ORD00400,PROD054,4,745.87,2983.48
ITEM009389,ORD00710,PROD062,2,341.83,683.66
ITEM009390,ORD01911,PROD058,6,599.48,3596.88
ITEM009391,ORD01059,PROD137,2,266.06,532.12
ITEM009392,ORD03890,PROD015,2,155.09,310.18
ITEM009393,ORD02097,PROD013,2,627.03,1254.06
ITEM009394,ORD01677,PROD082,2,426.15,852.3
ITEM009395,ORD02598,PROD135,6,129.7,778.2
ITEM009396,ORD01860,PROD100,3,419.25,1257.75
ITEM009397,ORD00309,PROD044,4,221.65,886.6
ITEM009398,ORD02308,PROD021,6,456.23,2737.38
ITEM009399,ORD999999,PROD088,5,578.18,2890.9
ITEM009400,ORD01824,PROD012,2,438.05,876.1
ITEM009401,ORD04900,PROD085,3,500.37,1501.11
ITEM009402,ORD04897,PROD099,2,652.29,1304.58
ITEM009403,ORD03273,PROD009,1,741.91,741.91
ITEM009404,ORD04474,PROD118,2,565.45,1130.9
ITEM009405,ORD02114,PROD143,4,568.71,2274.84
ITEM009406,ORD03034,PROD134,4,92.18,368.72
ITEM009407,ORD03640,PROD012,4,587.15,2348.6
ITEM009408,ORD03031,PROD067,4,347.99,1391.96
ITEM009409,ORD02086,PROD065,4,778.92,3115.68
ITEM009410,ORD03072,PROD015,6,582.9,3497.4
ITEM009411,ORD04093,PROD050,4,532.94,2131.76
ITEM009412,ORD00477,PROD083,4,463.87,1855.48
ITEM009413,ORD00208,PROD128,6,456.31,2737.86
ITEM009414,ORD03123,PROD018,1,76.51,76.51
ITEM009415,ORD02414,PROD067,6,281.45,1688.7
ITEM009416,ORD01859,PROD112,4,368.25,1473.0
ITEM009417,ORD00710,PROD115,2,694.47,1388.94
ITEM009418,ORD03357,PROD061,5,407.16,2035.8
ITEM009419,ORD00604,PROD083,1,150.38,150.38
ITEM009420,ORD02539,PROD098,4,697.09,2788.36
ITEM009421,ORD00273,PROD015,1,691.61,691.61
ITEM009422,ORD00376,PROD145,6,354.29,2125.74
ITEM009423,ORD00194,PROD074,6,473.49,2840.94
ITEM009424,ORD03088,PROD138,6,466.46,2798.76
ITEM009425,ORD00872,PROD053,4,710.59,2842.36
ITEM009426,ORD04527,PROD067,2,586.64,1173.28
ITEM009427,ORD02726,PROD087,3,477.32,1431.96
ITEM009428,ORD02627,PROD100,3,589.63,1768.89
ITEM009429,ORD02280,PROD143,2,563.17,1126.34
ITEM009430,ORD04773,PROD121,3,728.83,2186.49
ITEM009431,ORD03638,PROD010,2,584.55,1169.1
ITEM009432,ORD02131,PROD089,4,311.71,1246.84
ITEM009433,ORD02571,PROD089,1,192.5,192.5
ITEM009434,ORD00769,PROD090,6,133.84,803.04
ITEM009435,ORD01543,PROD051,5,272.06,1360.3
ITEM009436,ORD03686,PROD032,5,662.05,3310.25
ITEM009437,ORD02145,PROD020,5,108.27,541.35
ITEM009438,ORD01408,PROD147,1,503.2,503.2
ITEM009439,ORD01328,PROD019,5,632.21,3161.05
ITEM009440,ORD00107,PROD050,4,386.07,1544.28
ITEM009441,ORD02506,PROD097,2,626.64,1253.28
ITEM009442,ORD00591,PROD130,3,65.05,195.15
ITEM009443,ORD01264,PROD121,2,741.03,1482.06
ITEM009444,ORD04362,PROD070,5,134.79,673.95
ITEM009445,ORD00950,PROD102,1,611.65,611.65
ITEM009446,ORD04407,PROD113,3,415.12,1245.36
ITEM009447,ORD04110,PROD149,2,679.86,1359.72
ITEM009448,ORD01527,PROD037,4,662.43,2649.72
ITEM009449,ORD02161,PROD073,3,236.48,709.44
ITEM009450,ORD03582,PROD013,2,75.95,151.9
ITEM009451,ORD999999,PROD090,1,227.9,227.9
ITEM009452,ORD04767,PROD072,5,434.91,2174.55
ITEM009453,ORD00836,PROD067,1,771.19,771.19
ITEM009454,ORD02179,PROD111,1,350.73,350.73
ITEM009455,ORD00618,PROD128,2,763.38,1526.76
ITEM009456,ORD03440,PROD107,1,252.18,252.18
ITEM009457,ORD04212,PROD004,2,776.28,1552.56
ITEM009458,ORD00833,PROD149,5,230.16,1150.8
ITEM009459,ORD01263,PROD072,1,680.92,680.92
ITEM009460,ORD04630,PROD046,1,152.32,152.32
ITEM009461,ORD04337,PROD086,4,729.91,2919.64
ITEM009462,ORD00610,PROD005,1,80.72,80.72
ITEM009463,ORD04614,PROD125,1,214.25,214.25
ITEM009464,ORD03057,PROD087,2,567.17,1134.34
ITEM009465,ORD00556,PROD125,5,99.71,498.55
ITEM009466,ORD03188,PROD149,5,704.15,3520.75
ITEM009467,ORD00283,PROD067,1,384.53,384.53
ITEM009468,ORD04975,PROD028,4,448.42,1793.68
ITEM009469,ORD02556,PROD129,6,609.78,3658.68
ITEM009470,ORD01771,PROD119,6,157.54,945.24
ITEM009471,ORD00888,PROD065,4,739.51,2958.04
ITEM009472,ORD00050,PROD074,6,798.86,4793.16
ITEM009473,ORD01285,PROD005,4,563.96,2255.84
ITEM009474,ORD04100,PROD129,3,448.68,1346.04
ITEM009475,ORD04908,PROD015,6,550.3,3301.8
ITEM009476,ORD02051,PROD092,2,461.82,923.64
ITEM009477,ORD00236,PROD027,6,283.77,1702.62
ITEM009478,ORD04665,PROD140,3,396.33,1188.99
ITEM009479,ORD01786,PROD058,3,143.29,429.87
ITEM009480,ORD01808,PROD029,3,69.74,209.22
ITEM009481,ORD03536,PROD041,6,642.07,3852.42
ITEM009482,ORD01004,PROD130,1,774.71,774.71
ITEM009483,ORD04132,PROD125,2,206.97,413.94
ITEM009484,ORD02689,PROD127,4,493.68,1974.72
ITEM009485,ORD02420,PROD124,6,784.69,4708.14
ITEM009486,ORD02166,PROD056,6,698.51,4191.06
ITEM009487,ORD00315,PROD029,5,175.0,875.0
ITEM009488,ORD02967,PROD9999,6,755.7,4534.2
ITEM009489,ORD02087,PROD062,6,281.62,1689.72
ITEM009490,ORD00257,PROD026,1,343.87,343.87
ITEM009491,ORD00295,PROD038,1,621.17,621.17
ITEM009492,ORD02106,PROD014,4,673.21,2692.84
ITEM009493,ORD01280,PROD146,2,603.58,1207.16
ITEM009494,ORD02644,PROD063,2,137.83,275.66
ITEM009495,ORD04608,PROD095,5,126.88,634.4
ITEM009496,ORD03075,PROD139,1,560.6,560.6
ITEM009497,ORD04936,PROD109,1,368.11,368.11
ITEM009498,ORD01268,PROD039,6,574.05,3444.3
ITEM009499,ORD04491,PROD010,5,569.25,2846.25
ITEM009500,ORD02796,PROD013,6,766.47,4598.82
ITEM009501,ORD04551,PROD115,2,133.12,266.24
ITEM009502,ORD999999,PROD084,3,667.77,2003.31
ITEM009503,ORD00177,PROD9999,1,199.03,199.03
ITEM009504,ORD04175,PROD078,3,598.72,1796.16
ITEM009505,ORD03603,PROD146,4,437.01,1748.04
ITEM009506,ORD02644,PROD145,3,374.39,1123.17
ITEM009507,ORD00615,PROD123,3,697.79,2093.37
ITEM009508,ORD04835,PROD039,6,114.61,687.66
ITEM009509,ORD00767,PROD037,4,278.31,1113.24
ITEM009510,ORD04956,PROD148,3,510.15,1530.45
ITEM009511,ORD03741,PROD068,2,259.93,519.86
ITEM009512,ORD03423,PROD040,6,731.5,4389.0
ITEM009513,ORD01436,PROD150,3,418.96,1256.88
ITEM009514,ORD02714,PROD052,6,361.48,2168.88
ITEM009515,ORD01795,PROD132,3,758.97,2276.91
ITEM009516,ORD02307,PROD035,6,615.03,3690.18
ITEM009517,ORD02446,PROD079,5,99.08,495.4
ITEM009518,ORD03722,PROD146,2,555.24,1110.48
ITEM009519,ORD00009,PROD009,5,84.36,421.8
ITEM009520,ORD01743,PROD064,6,66.93,401.58
ITEM009521,ORD00551,PROD093,6,227.42,1364.52
ITEM009522,ORD04761,PROD072,4,596.7,2386.8
ITEM009523,ORD02018,PROD083,3,446.99,1340.97
ITEM009524,ORD02260,PROD062,4,248.53,994.12
ITEM009525,ORD02408,PROD011,5,549.43,2747.15
ITEM009526,ORD01171,PROD113,2,249.19,498.38
ITEM009527,ORD04690,PROD045,2,268.85,537.7
ITEM009528,ORD02387,PROD059,4,790.15,3160.6
ITEM009529,ORD04066,PROD036,6,753.97,4523.82
ITEM009530,ORD02217,PROD009,6,198.58,1191.48
ITEM009531,ORD01821,PROD146,6,304.72,1828.32
ITEM009532,ORD01358,PROD018,4,696.95,2787.8
ITEM009533,ORD02154,PROD094,5,686.49,3432.45
ITEM009534,ORD02722,PROD117,5,749.49,3747.45
ITEM009535,ORD00253,PROD060,5,286.84,1434.2
ITEM009536,ORD01884,PROD043,2,414.7,829.4
ITEM009537,ORD03292,PROD079,3,406.86,1220.58
ITEM009538,ORD02926,PROD119,4,63.5,254.0
ITEM009539,ORD00311,PROD150,2,308.23,616.46
ITEM009540,ORD01469,PROD140,2,99.98,199.96
ITEM009541,ORD01159,PROD145,3,141.62,424.86
ITEM009542,ORD01786,PROD053,1,468.7,468.7
ITEM009543,ORD02984,PROD085,3,384.71,1154.13
ITEM009544,ORD01029,PROD144,3,208.14,624.42
ITEM009545,ORD01183,PROD021,6,419.28,2515.68
ITEM009546,ORD00888,PROD038,5,87.18,435.9
ITEM009547,ORD01821,PROD066,2,633.41,1266.82
ITEM009548,ORD03699,PROD081,2,338.07,676.14
ITEM009549,ORD01824,PROD050,2,419.61,839.22
ITEM009550,ORD00360,PROD130,3,112.62,337.86
ITEM009551,ORD01108,PROD031,2,203.22,406.44
ITEM009552,ORD00015,PROD005,1,242.26,242.26
ITEM009553,ORD00441,PROD090,6,731.84,4391.04
ITEM009554,ORD01104,PROD034,2,679.24,1358.48
ITEM009555,ORD00247,PROD114,2,797.72,1595.44
ITEM009556,ORD04319,PROD073,3,95.91,287.73
ITEM009557,ORD01349,PROD145,6,650.42,3902.52
ITEM009558,ORD00733,PROD060,4,283.73,1134.92
ITEM009559,ORD00987,PROD025,6,213.72,1282.32
ITEM009560,ORD01232,PROD120,6,99.46,596.76
ITEM009561,ORD03209,PROD052,6,297.92,1787.52
ITEM009562,ORD01841,PROD076,1,451.8,451.8
ITEM009563,ORD01297,PROD048,4,796.92,3187.68
ITEM009564,ORD02247,PROD028,1,78.39,78.39
ITEM009565,ORD02264,PROD045,6,304.36,1826.16
ITEM009566,ORD01504,PROD122,6,762.39,4574.34
ITEM009567,ORD00652,PROD064,1,456.17,456.17
ITEM009568,ORD00716,PROD123,1,560.82,560.82
ITEM009569,ORD02346,PROD144,2,436.21,872.42
ITEM009570,ORD01409,PROD048,4,105.88,423.52
ITEM009571,ORD04957,PROD030,1,440.57,440.57
ITEM009572,ORD04046,PROD058,1,311.42,311.42
ITEM009573,ORD04624,PROD103,3,740.77,2222.31
ITEM009574,ORD00861,PROD073,3,244.4,733.2
ITEM009575,ORD02334,PROD078,1,142.46,142.46
ITEM009576,ORD02538,PROD125,4,168.48,673.92
ITEM009577,ORD03132,PROD126,5,595.08,2975.4
ITEM009578,ORD00204,PROD007,3,379.54,1138.62
ITEM009579,ORD04789,PROD049,5,149.16,745.8
ITEM009580,ORD01827,PROD002,2,421.93,843.86
ITEM009581,ORD03713,PROD043,4,737.39,2949.56
ITEM009582,ORD04110,PROD004,5,129.61,648.05
ITEM009583,ORD01054,PROD062,6,407.07,2442.42
ITEM009584,ORD00079,PROD004,5,118.88,594.4
ITEM009585,ORD999999,PROD106,5,295.04,1475.2
ITEM009586,ORD01334,PROD070,5,148.64,743.2
ITEM009587,ORD03398,PROD068,6,205.18,1231.08
ITEM009588,ORD04942,PROD122,5,75.4,377.0
ITEM009589,ORD00084,PROD013,3,675.57,2026.71
ITEM009590,ORD03406,PROD105,4,527.24,2108.96
ITEM009591,ORD02260,PROD108,6,687.77,4126.62
ITEM009592,ORD04065,PROD032,4,385.72,1542.88
ITEM009593,ORD01500,PROD078,6,362.52,2175.12
ITEM009594,ORD01471,PROD140,4,785.66,3142.64
ITEM009595,ORD03255,PROD119,4,403.89,1615.56
ITEM009596,ORD00904,PROD064,1,772.45,772.45
ITEM009597,ORD01847,PROD137,3,349.2,1047.6
ITEM009598,ORD00335,PROD068,6,360.29,2161.74
ITEM009599,ORD00781,PROD137,6,795.71,4774.26
ITEM009600,ORD02964,PROD099,3,227.42,682.26
ITEM009601,ORD00858,PROD027,2,216.4,432.8
ITEM009602,ORD04995,PROD099,4,757.91,3031.64
ITEM009603,ORD00420,PROD001,4,530.35,2121.4
ITEM009604,ORD01021,PROD132,6,727.61,4365.66
ITEM009605,ORD02507,PROD016,4,159.19,636.76
ITEM009606,ORD04827,PROD072,6,673.79,4042.74
ITEM009607,ORD00656,PROD084,4,707.39,2829.56
ITEM009608,ORD01332,PROD097,4,560.08,2240.32
ITEM009609,ORD04756,PROD099,6,122.71,736.26
ITEM009610,ORD00479,PROD039,1,661.46,661.46
ITEM009611,ORD02513,PROD129,3,429.18,1287.54
ITEM009612,ORD00747,PROD131,1,72.05,72.05
ITEM009613,ORD02220,PROD137,4,365.35,1461.4
ITEM009614,ORD01888,PROD147,5,464.41,2322.05
ITEM009615,ORD03495,PROD105,4,610.68,2442.72
ITEM009616,ORD00522,PROD123,4,580.4,2321.6
ITEM009617,ORD01310,PROD027,5,709.91,3549.55
ITEM009618,ORD04664,PROD055,5,58.83,294.15
ITEM009619,ORD00745,PROD029,1,418.43,418.43
ITEM009620,ORD00875,PROD009,2,131.83,263.66
ITEM009621,ORD999999,PROD122,5,475.86,2379.3
ITEM009622,ORD00908,PROD115,4,782.73,3130.92
ITEM009623,ORD04769,PROD106,1,197.97,197.97
ITEM009624,ORD00504,PROD097,1,137.22,137.22
ITEM009625,ORD01334,PROD100,2,488.33,976.66
ITEM009626,ORD00761,PROD150,4,651.84,2607.36
ITEM009627,ORD04741,PROD124,5,83.41,417.05
ITEM009628,ORD04482,PROD027,3,89.71,269.13
ITEM009629,ORD00559,PROD085,1,219.43,219.43
ITEM009630,ORD03033,PROD144,1,130.2,130.2
ITEM009631,ORD00709,PROD013,6,198.04,1188.24
ITEM009632,ORD02376,PROD097,3,784.45,2353.35
ITEM009633,ORD01215,PROD073,3,630.24,1890.72
ITEM009634,ORD03832,PROD062,1,776.7,776.7
ITEM009635,ORD02759,PROD022,3,128.27,384.81
ITEM009636,ORD00899,PROD055,5,525.85,2629.25
ITEM009637,ORD01036,PROD131,3,780.86,2342.58
ITEM009638,ORD01835,PROD015,4,194.06,776.24
ITEM009639,ORD01959,PROD141,1,709.66,709.66
ITEM009640,ORD01253,PROD058,5,561.69,2808.45
ITEM009641,ORD01778,PROD109,3,170.75,512.25
ITEM009642,ORD04931,PROD9999,6,443.66,2661.96
ITEM009643,ORD02685,PROD126,4,665.74,2662.96
ITEM009644,ORD02452,PROD044,0,55.1,330.6
ITEM009645,ORD00659,PROD9999,1,663.07,663.07
ITEM009646,ORD04450,PROD002,5,115.56,577.8
ITEM009647,ORD01650,PROD037,4,338.83,1355.32
ITEM009648,ORD02510,PROD116,6,448.34,2690.04
ITEM009649,ORD00097,PROD045,6,585.85,3515.1
ITEM009650,ORD00584,PROD102,4,400.39,1601.56
ITEM009651,ORD01400,PROD014,1,310.51,310.51
ITEM009652,ORD04513,PROD117,5,246.45,1232.25
ITEM009653,ORD04737,PROD023,1,352.19,352.19
ITEM009654,ORD02325,PROD113,6,433.57,2601.42
ITEM009655,ORD01486,PROD087,5,489.88,2449.4
ITEM009656,ORD00784,PROD069,3,199.11,597.33
ITEM009657,ORD02096,PROD097,4,100.59,402.36
ITEM009658,ORD02964,PROD057,6,229.38,1376.28
ITEM009659,ORD04492,PROD149,2,388.11,776.22
ITEM009660,ORD04719,PROD040,6,417.31,2503.86
ITEM009661,ORD02471,PROD050,3,278.6,835.8
ITEM009662,ORD03382,PROD150,3,171.3,513.9
ITEM009663,ORD00540,PROD115,6,435.94,2615.64
ITEM009664,ORD00728,PROD071,3,375.42,1126.26
ITEM009665,ORD02720,PROD117,1,537.4,537.4
ITEM009666,ORD04384,PROD148,2,616.77,1233.54
ITEM009667,ORD03145,PROD042,4,231.9,927.6
ITEM009668,ORD00646,PROD134,6,118.49,710.94
ITEM009669,ORD04834,PROD012,6,429.35,2576.1
ITEM009670,ORD00456,PROD125,6,700.74,4204.44
ITEM009671,ORD04053,PROD106,2,731.11,1462.22
ITEM009672,ORD00766,PROD017,1,145.4,145.4
ITEM009673,ORD00104,PROD023,6,256.7,1540.2
ITEM009674,ORD01063,PROD145,6,148.26,889.56
ITEM009675,ORD04157,PROD030,3,198.52,595.56
ITEM009676,ORD03961,PROD092,5,542.21,2711.05
ITEM009677,ORD02844,PROD080,1,380.26,380.26
ITEM009678,ORD03533,PROD138,3,395.23,1185.69
ITEM009679,ORD01072,PROD9999,1,739.77,739.77
ITEM009680,ORD04690,PROD123,6,289.16,1734.96
ITEM009681,ORD03379,PROD118,4,103.49,413.96
ITEM009682,ORD00372,PROD121,6,71.46,428.76
ITEM009683,ORD02846,PROD129,2,667.64,1335.28
ITEM009684,ORD01017,PROD015,0,483.11,483.11
ITEM009685,ORD01113,PROD024,6,383.88,2303.28
ITEM009686,ORD03518,PROD023,4,207.39,829.56
ITEM009687,ORD04924,PROD032,1,752.63,752.63
ITEM009688,ORD02930,PROD070,5,455.47,2277.35
ITEM009689,ORD03937,PROD100,1,185.99,185.99
ITEM009690,ORD01462,PROD050,5,446.43,2232.15
ITEM009691,ORD04936,PROD122,4,397.78,1591.12
ITEM009692,ORD04978,PROD121,2,377.4,754.8
ITEM009693,ORD00565,PROD143,5,162.29,811.45
ITEM009694,ORD00543,PROD105,6,709.26,4255.56
ITEM009695,ORD01367,PROD080,2,299.97,599.94
ITEM009696,ORD01910,PROD025,5,576.18,2880.9
ITEM009697,ORD01810,PROD042,5,643.07,3215.35
ITEM009698,ORD02284,PROD120,1,67.77,67.77
ITEM009699,ORD02379,PROD086,1,484.12,484.12
ITEM009700,ORD04882,PROD107,5,394.1,1970.5
ITEM009701,ORD03410,PROD044,4,602.6,2410.4
ITEM009702,ORD03788,PROD010,5,619.22,3096.1
ITEM009703,ORD01384,PROD075,6,483.29,2899.74
ITEM009704,ORD02750,PROD103,2,590.41,1180.82
ITEM009705,ORD03499,PROD047,3,690.81,2072.43
ITEM009706,ORD02292,PROD098,5,671.74,3358.7
ITEM009707,ORD03555,PROD107,1,558.05,558.05
ITEM009708,ORD00927,PROD031,2,688.57,1377.14
ITEM009709,ORD02748,PROD019,4,317.64,1270.56
ITEM009710,ORD01466,PROD086,1,303.39,303.39
ITEM009711,ORD02199,PROD085,1,562.54,562.54
ITEM009712,ORD04896,PROD141,5,78.85,394.25
ITEM009713,ORD02263,PROD086,4,394.11,1576.44
ITEM009714,ORD00001,PROD083,3,508.37,1525.11
ITEM009715,ORD02580,PROD131,5,544.16,2720.8
ITEM009716,ORD00278,PROD143,5,703.49,3517.45
ITEM009717,ORD01585,PROD107,3,559.66,1678.98
ITEM009718,ORD04201,PROD125,3,298.83,896.49
ITEM009719,ORD01985,PROD048,4,664.03,2656.12
ITEM009720,ORD02398,PROD081,2,515.05,1030.1
ITEM009721,ORD03319,PROD026,3,181.85,545.55
ITEM009722,ORD03701,PROD045,1,158.58,158.58
ITEM009723,ORD00219,PROD106,3,784.58,2353.74
ITEM009724,ORD00295,PROD136,3,575.39,1726.17
ITEM009725,ORD00073,PROD004,1,707.2,707.2
ITEM009726,ORD02347,PROD053,2,200.49,400.98
ITEM009727,ORD02889,PROD093,3,131.19,393.57
ITEM009728,ORD00135,PROD062,5,721.03,3605.15
ITEM009729,ORD04176,PROD069,4,59.34,237.36
ITEM009730,ORD03397,PROD114,3,719.07,2157.21
ITEM009731,ORD02334,PROD127,4,484.98,1939.92
ITEM009732,ORD04487,PROD119,6,365.53,2193.18
ITEM009733,ORD00684,PROD020,1,461.47,461.47
ITEM009734,ORD04155,PROD018,4,501.59,2006.36
ITEM009735,ORD02275,PROD035,6,266.39,1598.34
ITEM009736,ORD00180,PROD136,4,388.68,1554.72
ITEM009737,ORD01030,PROD056,3,386.98,1160.94
ITEM009738,ORD00239,PROD038,1,240.39,240.39
ITEM009739,ORD00291,PROD054,3,182.49,547.47
ITEM009740,ORD01620,PROD139,4,692.39,2769.56
ITEM009741,ORD04010,PROD014,1,612.55,612.55
ITEM009742,ORD04573,PROD016,3,329.61,988.83
ITEM009743,ORD03372,PROD119,6,555.46,3332.76
ITEM009744,ORD02903,PROD091,3,424.64,1273.92
ITEM009745,ORD02035,PROD064,4,686.48,2745.92
ITEM009746,ORD04240,PROD018,1,283.17,283.17
ITEM009747,ORD01064,PROD120,3,394.96,1184.88
ITEM009748,ORD01234,PROD059,2,281.46,562.92
ITEM009749,ORD00516,PROD137,2,413.72,827.44
ITEM009750,ORD01431,PROD072,6,363.23,2179.38
ITEM009751,ORD00923,PROD064,1,470.07,470.07
ITEM009752,ORD00076,PROD096,2,628.81,1257.62
ITEM009753,ORD03445,PROD071,4,357.78,1431.12
ITEM009754,ORD01757,PROD142,5,196.24,981.2
ITEM009755,ORD02422,PROD073,4,53.05,212.2
ITEM009756,ORD02720,PROD043,6,487.94,2927.64
ITEM009757,ORD01814,PROD017,5,755.49,3777.45
ITEM009758,ORD01926,PROD056,5,460.71,2303.55
ITEM009759,ORD03930,PROD069,3,235.98,707.94
ITEM009760,ORD01774,PROD076,5,201.14,1005.7
ITEM009761,ORD04903,PROD106,1,513.09,513.09
ITEM009762,ORD999999,PROD061,1,661.53,661.53
ITEM009763,ORD00402,PROD136,5,238.5,1192.5
ITEM009764,ORD03902,PROD082,6,73.44,440.64
ITEM009765,ORD02684,PROD069,3,202.54,607.62
ITEM009766,ORD04517,PROD012,2,749.74,1499.48
ITEM009767,ORD03077,PROD087,4,119.53,478.12
ITEM009768,ORD04216,PROD037,3,479.74,1439.22
ITEM009769,ORD04027,PROD054,5,196.71,983.55
ITEM009770,ORD01752,PROD078,3,343.49,1030.47
ITEM009771,ORD00935,PROD076,2,259.03,518.06
ITEM009772,ORD02082,PROD005,3,356.42,1069.26
ITEM009773,ORD03100,PROD135,4,57.86,231.44
ITEM009774,ORD03786,PROD147,4,643.85,2575.4
ITEM009775,ORD01308,PROD033,5,732.41,3662.05
ITEM009776,ORD02158,PROD015,6,517.84,3107.04
ITEM009777,ORD01684,PROD133,3,598.89,1796.67
ITEM009778,ORD04946,PROD017,1,339.39,339.39
ITEM009779,ORD00263,PROD104,5,195.8,979.0
ITEM009780,ORD02524,PROD103,3,723.85,2171.55
ITEM009781,ORD00099,PROD068,4,463.12,1852.48
ITEM009782,ORD00811,PROD101,5,366.99,1834.95
ITEM009783,ORD04861,PROD049,2,130.15,260.3
ITEM009784,ORD01514,PROD115,5,419.5,2097.5
ITEM009785,ORD04344,PROD127,2,616.02,1232.04
ITEM009786,ORD04676,PROD150,3,762.29,2286.87
ITEM009787,ORD01977,PROD045,2,371.01,742.02
ITEM009788,ORD02662,PROD073,2,53.59,107.18
ITEM009789,ORD03134,PROD066,3,710.31,2130.93
ITEM009790,ORD03847,PROD075,5,217.8,1089.0
ITEM009791,ORD04659,PROD089,2,520.94,1041.88
ITEM009792,ORD01431,PROD021,3,699.79,2099.37
ITEM009793,ORD01425,PROD070,4,399.86,1599.44
ITEM009794,ORD03187,PROD063,3,344.8,1034.4
ITEM009795,ORD04306,PROD135,2,459.02,918.04
ITEM009796,ORD01864,PROD081,0,714.89,1429.78
ITEM009797,ORD03049,PROD007,1,782.99,782.99
ITEM009798,ORD00140,PROD120,6,796.07,4776.42
ITEM009799,ORD00902,PROD079,5,299.08,1495.4
ITEM009800,ORD02369,PROD072,3,582.94,1748.82
ITEM009801,ORD03927,PROD110,1,558.03,558.03
ITEM009802,ORD00759,PROD014,2,646.08,1292.16
ITEM009803,ORD01385,PROD149,4,156.75,627.0
ITEM009804,ORD03167,PROD030,1,334.27,334.27
ITEM009805,ORD00467,PROD036,6,129.11,774.66
ITEM009806,ORD03623,PROD026,4,89.71,358.84
ITEM009807,ORD02559,PROD108,1,641.21,641.21
ITEM009808,ORD00062,PROD021,1,153.73,153.73
ITEM009809,ORD03378,PROD037,5,308.63,1543.15
ITEM009810,ORD04377,PROD004,1,187.4,187.4
ITEM009811,ORD01958,PROD011,3,715.87,2147.61
ITEM009812,ORD01443,PROD059,5,222.29,1111.45
ITEM009813,ORD03864,PROD148,2,388.74,777.48
ITEM009814,ORD02125,PROD090,4,778.59,3114.36
ITEM009815,ORD04064,PROD109,5,379.72,1898.6
ITEM009816,ORD02442,PROD087,3,84.71,254.13
ITEM009817,ORD01559,PROD117,2,698.48,1396.96
ITEM009818,ORD04419,PROD9999,5,749.8,3749.0
ITEM009819,ORD03836,PROD045,4,763.33,3053.32
ITEM009820,ORD01272,PROD133,0,170.19,850.95
ITEM009821,ORD03848,PROD053,5,89.31,446.55
ITEM009822,ORD04261,PROD108,3,550.33,1650.99
ITEM009823,ORD02289,PROD102,5,150.1,750.5
ITEM009824,ORD02102,PROD145,1,795.39,795.39
ITEM009825,ORD00481,PROD134,1,555.94,555.94
ITEM009826,ORD00886,PROD147,4,596.6,2386.4
ITEM009827,ORD00607,PROD098,1,687.89,687.89
ITEM009828,ORD00549,PROD081,5,292.5,1462.5
ITEM009829,ORD04104,PROD025,3,661.23,1983.69
ITEM009830,ORD01235,PROD117,1,254.99,254.99
ITEM009831,ORD00162,PROD010,6,251.06,1506.36
ITEM009832,ORD03371,PROD126,2,507.66,1015.32
ITEM009833,ORD04997,PROD004,2,101.56,203.12
ITEM009834,ORD00418,PROD125,5,645.27,3226.35
ITEM009835,ORD04046,PROD038,3,441.54,1324.62
ITEM009836,ORD03738,PROD077,3,340.49,1021.47
ITEM009837,ORD02252,PROD093,2,466.37,932.74
ITEM009838,ORD03673,PROD115,2,124.22,248.44
ITEM009839,ORD01202,PROD9999,4,329.21,1316.84
ITEM009840,ORD03858,PROD025,2,551.94,1103.88
ITEM009841,ORD02148,PROD067,1,300.62,300.62
ITEM009842,ORD00017,PROD076,6,359.14,2154.84
ITEM009843,ORD03973,PROD029,6,718.81,4312.86
ITEM009844,ORD01119,PROD115,3,559.09,1677.27
ITEM009845,ORD01203,PROD005,1,611.28,611.28
ITEM009846,ORD01689,PROD068,3,683.23,2049.69
ITEM009847,ORD02625,PROD102,6,757.32,4543.92
ITEM009848,ORD02295,PROD031,2,269.68,539.36
ITEM009849,ORD01130,PROD9999,6,150.54,903.24
ITEM009850,ORD03827,PROD021,1,50.09,50.09
ITEM009851,ORD02099,PROD036,6,68.28,409.68
ITEM009852,ORD02785,PROD026,3,640.14,1920.42
ITEM009853,ORD01497,PROD032,6,692.44,4154.64
ITEM009854,ORD00478,PROD010,3,679.8,2039.4
ITEM009855,ORD00508,PROD111,6,372.2,2233.2
ITEM009856,ORD02242,PROD123,1,331.13,331.13
ITEM009857,ORD02303,PROD011,2,661.22,1322.44
ITEM009858,ORD04592,PROD073,2,208.6,417.2
ITEM009859,ORD03175,PROD092,3,152.37,457.11
ITEM009860,ORD00199,PROD057,1,277.17,277.17
ITEM009861,ORD03823,PROD045,5,268.7,1343.5
ITEM009862,ORD02964,PROD085,4,533.23,2132.92
ITEM009863,ORD01913,PROD026,6,354.04,2124.24
ITEM009864,ORD04494,PROD114,3,76.46,229.38
ITEM009865,ORD02917,PROD011,4,183.06,732.24
ITEM009866,ORD04759,PROD036,6,648.61,3891.66
ITEM009867,ORD00081,PROD029,1,344.92,344.92
ITEM009868,ORD02389,PROD119,4,687.0,2748.0
ITEM009869,ORD03451,PROD052,2,282.53,565.06
ITEM009870,ORD04529,PROD031,3,116.62,349.86
ITEM009871,ORD02250,PROD036,5,438.48,2192.4
ITEM009872,ORD00327,PROD105,2,484.15,968.3
ITEM009873,ORD01405,PROD044,6,406.51,2439.06
ITEM009874,ORD01201,PROD063,6,117.29,703.74
ITEM009875,ORD02251,PROD018,1,751.51,751.51
ITEM009876,ORD00432,PROD098,1,414.91,414.91
ITEM009877,ORD00568,PROD065,2,404.79,809.58
ITEM009878,ORD02724,PROD058,2,659.86,1319.72
ITEM009879,ORD02709,PROD045,6,346.77,2080.62
ITEM009880,ORD01671,PROD022,3,109.88,329.64
ITEM009881,ORD04025,PROD040,1,645.34,645.34
ITEM009882,ORD01160,PROD061,6,253.17,1519.02
ITEM009883,ORD01688,PROD9999,5,303.87,1519.35
ITEM009884,ORD02082,PROD048,4,302.77,1211.08
ITEM009885,ORD02260,PROD104,5,758.76,3793.8
ITEM009886,ORD02763,PROD9999,5,740.26,3701.3
ITEM009887,ORD03626,PROD142,5,789.69,3948.45
ITEM009888,ORD00161,PROD047,3,424.09,1272.27
ITEM009889,ORD00456,PROD043,1,156.52,156.52
ITEM009890,ORD01975,PROD067,3,207.73,623.19
ITEM009891,ORD03078,PROD113,6,364.61,2187.66
ITEM009892,ORD01817,PROD027,6,654.97,3929.82
ITEM009893,ORD03757,PROD112,6,103.05,618.3
ITEM009894,ORD01631,PROD063,6,97.92,587.52
ITEM009895,ORD01773,PROD055,5,658.23,3291.15
ITEM009896,ORD04190,PROD051,3,163.18,489.54
ITEM009897,ORD03638,PROD149,3,72.39,217.17
ITEM009898,ORD02658,PROD105,5,62.68,313.4
ITEM009899,ORD00546,PROD149,1,403.5,403.5
ITEM009900,ORD02507,PROD050,4,132.05,528.2
ITEM009901,ORD03520,PROD123,5,206.44,1032.2
ITEM009902,ORD03222,PROD012,1,609.01,609.01
ITEM009903,ORD02746,PROD140,6,696.7,4180.2
ITEM009904,ORD04212,PROD069,3,162.59,487.77
ITEM009905,ORD03738,PROD134,5,313.87,1569.35
ITEM009906,ORD02930,PROD125,4,338.08,1352.32
ITEM009907,ORD03041,PROD049,1,299.29,299.29
ITEM009908,ORD00345,PROD044,3,204.28,612.84
ITEM009909,ORD05000,PROD050,6,219.61,1317.66
ITEM009910,ORD03426,PROD024,1,519.88,519.88
ITEM009911,ORD02378,PROD051,6,427.7,2566.2
ITEM009912,ORD01101,PROD074,3,684.04,2052.12
ITEM009913,ORD03152,PROD020,4,234.09,936.36
ITEM009914,ORD01415,PROD111,3,99.52,298.56
ITEM009915,ORD02411,PROD025,1,418.01,418.01
ITEM009916,ORD01805,PROD078,5,366.42,1832.1
ITEM009917,ORD02115,PROD126,5,571.46,2857.3
ITEM009918,ORD02607,PROD035,1,549.61,549.61
ITEM009919,ORD02096,PROD064,3,673.49,2020.47
ITEM009920,ORD00349,PROD030,4,335.17,1340.68
ITEM009921,ORD03816,PROD075,3,88.89,266.67
ITEM009922,ORD00625,PROD132,6,417.73,2506.38
ITEM009923,ORD03011,PROD060,2,745.87,1491.74
ITEM009924,ORD01377,PROD045,2,737.96,1475.92
ITEM009925,ORD00418,PROD110,1,794.98,794.98
ITEM009926,ORD02781,PROD006,2,553.24,1106.48
ITEM009927,ORD01144,PROD9999,6,445.99,2675.94
ITEM009928,ORD02055,PROD133,1,117.3,117.3
ITEM009929,ORD04867,PROD101,6,776.44,4658.64
ITEM009930,ORD02408,PROD133,6,450.62,2703.72
ITEM009931,ORD01816,PROD029,3,275.39,826.17
ITEM009932,ORD04610,PROD109,3,513.11,1539.33
ITEM009933,ORD999999,PROD056,2,443.12,886.24
ITEM009934,ORD03263,PROD056,3,635.21,1905.63
ITEM009935,ORD02200,PROD104,4,371.29,1485.16
ITEM009936,ORD03599,PROD069,1,506.16,506.16
ITEM009937,ORD02214,PROD079,2,145.9,291.8
ITEM009938,ORD04836,PROD143,2,334.65,669.3
ITEM009939,ORD04133,PROD064,4,681.62,2726.48
ITEM009940,ORD03768,PROD087,4,207.07,828.28
ITEM009941,ORD02338,PROD146,6,677.76,4066.56
ITEM009942,ORD00483,PROD088,1,248.64,248.64
ITEM009943,ORD00629,PROD026,2,153.05,306.1
ITEM009944,ORD00499,PROD013,4,675.98,2703.92
ITEM009945,ORD01372,PROD084,5,425.07,2125.35
ITEM009946,ORD04529,PROD006,6,351.7,2110.2
ITEM009947,ORD04519,PROD034,5,312.52,1562.6
ITEM009948,ORD01769,PROD022,5,751.19,3755.95
ITEM009949,ORD02177,PROD128,4,472.64,1890.56
ITEM009950,ORD02054,PROD081,6,265.44,1592.64
ITEM009951,ORD00290,PROD081,2,211.27,422.54
ITEM009952,ORD04900,PROD078,6,777.55,4665.3
ITEM009953,ORD03392,PROD149,5,763.36,3816.8
ITEM009954,ORD03081,PROD041,6,180.2,1081.2
ITEM009955,ORD03335,PROD002,3,437.49,1312.47
ITEM009956,ORD04373,PROD006,6,673.92,4043.52
ITEM009957,ORD01899,PROD030,1,660.2,660.2
ITEM009958,ORD01450,PROD084,5,762.17,3810.85
ITEM009959,ORD04050,PROD038,2,672.3,1344.6
ITEM009960,ORD00143,PROD141,0,699.48,2797.92
ITEM009961,ORD02230,PROD122,3,629.4,1888.2
ITEM009962,ORD04640,PROD025,1,176.26,176.26
ITEM009963,ORD01443,PROD128,3,159.54,478.62
ITEM009964,ORD03915,PROD139,2,608.96,1217.92
ITEM009965,ORD03411,PROD126,1,385.79,385.79
ITEM009966,ORD03479,PROD019,4,237.9,951.6
ITEM009967,ORD04389,PROD087,2,665.96,1331.92
ITEM009968,ORD02488,PROD071,1,623.29,623.29
ITEM009969,ORD03590,PROD010,3,492.65,1477.95
ITEM009970,ORD03430,PROD140,3,337.17,1011.51
ITEM009971,ORD00763,PROD026,1,272.69,272.69
ITEM009972,ORD03160,PROD034,4,571.4,2285.6
ITEM009973,ORD03074,PROD052,3,89.01,267.03
ITEM009974,ORD00518,PROD040,2,311.12,622.24
ITEM009975,ORD00557,PROD104,1,492.09,492.09
ITEM009976,ORD03821,PROD056,5,59.8,299.0
ITEM009977,ORD02285,PROD020,2,220.35,440.7
ITEM009978,ORD04545,PROD002,5,731.58,3657.9
ITEM009979,ORD00613,PROD079,5,764.32,3821.6
ITEM009980,ORD04397,PROD094,4,306.8,1227.2
ITEM009981,ORD02541,PROD040,6,328.02,1968.12
ITEM009982,ORD00007,PROD050,6,527.6,3165.6
ITEM009983,ORD04476,PROD070,3,333.03,999.09
ITEM009984,ORD01089,PROD024,6,208.68,1252.08
ITEM009985,ORD00993,PROD038,4,401.75,1607.0
ITEM009986,ORD04829,PROD088,2,278.08,556.16
ITEM009987,ORD04687,PROD117,2,373.66,747.32
ITEM009988,ORD02347,PROD108,5,111.82,559.1
ITEM009989,ORD02791,PROD027,1,65.77,65.77
ITEM009990,ORD01870,PROD104,1,346.29,346.29
ITEM009991,ORD04477,PROD057,5,185.15,925.75
ITEM009992,ORD02240,PROD033,6,764.0,4584.0
ITEM009993,ORD01472,PROD023,5,439.52,2197.6
ITEM009994,ORD03533,PROD122,6,292.26,1753.56
ITEM009995,ORD00635,PROD063,4,799.82,3199.28
ITEM009996,ORD04028,PROD106,3,688.35,2065.05
ITEM009997,ORD03732,PROD142,6,400.08,2400.48
ITEM009998,ORD02688,PROD037,5,399.71,1998.55
ITEM009999,ORD03593,PROD058,1,603.34,603.34
ITEM010000,ORD04469,PROD143,2,164.17,328.34
ITEM010001,ORD01881,PROD052,4,663.3,2653.2
ITEM010002,ORD00227,PROD020,1,237.41,237.41
ITEM010003,ORD00168,PROD024,2,310.59,621.18
ITEM010004,ORD02820,PROD014,2,714.84,1429.68
ITEM010005,ORD03344,PROD128,1,714.4,714.4
ITEM010006,ORD02474,PROD099,5,605.6,3028.0
ITEM010007,ORD04233,PROD005,3,225.73,677.19
ITEM010008,ORD03181,PROD064,5,195.05,975.25
ITEM010009,ORD01418,PROD018,2,539.62,1079.24
ITEM010010,ORD02931,PROD006,5,439.35,2196.75
ITEM010011,ORD02342,PROD100,4,53.61,214.44
ITEM010012,ORD999999,PROD102,6,622.06,3732.36
ITEM010013,ORD01110,PROD9999,6,722.51,4335.06
ITEM010014,ORD02115,PROD097,4,778.53,3114.12
ITEM010015,ORD03930,PROD078,1,699.13,699.13
ITEM010016,ORD00308,PROD119,5,722.09,3610.45
ITEM010017,ORD02986,PROD057,4,431.44,1725.76
ITEM010018,ORD01935,PROD049,1,448.25,448.25
ITEM010019,ORD01582,PROD150,2,290.54,581.08
ITEM010020,ORD03160,PROD025,4,553.61,2214.44
ITEM010021,ORD04554,PROD110,1,410.82,410.82
ITEM010022,ORD03567,PROD145,3,491.93,1475.79
ITEM010023,ORD04638,PROD023,5,277.8,1389.0
ITEM010024,ORD04826,PROD012,4,456.46,1825.84
ITEM010025,ORD02915,PROD050,2,325.85,651.7
ITEM010026,ORD02386,PROD137,2,516.7,1033.4
ITEM010027,ORD02115,PROD147,1,142.09,142.09
ITEM010028,ORD00893,PROD089,2,59.23,118.46
ITEM010029,ORD02160,PROD116,3,225.15,675.45
ITEM010030,ORD04058,PROD142,3,752.99,2258.97
ITEM010031,ORD00397,PROD008,4,201.49,805.96
ITEM010032,ORD00199,PROD078,1,634.89,634.89
ITEM010033,ORD03145,PROD078,5,165.74,828.7
ITEM010034,ORD04317,PROD106,2,338.32,676.64
ITEM010035,ORD04153,PROD132,5,246.86,1234.3
ITEM010036,ORD04843,PROD055,4,582.21,2328.84
ITEM010037,ORD00467,PROD116,3,728.14,2184.42
ITEM010038,ORD04291,PROD052,4,379.61,1518.44
ITEM010039,ORD00965,PROD049,3,546.97,1640.91
ITEM010040,ORD03847,PROD121,4,296.93,1187.72
ITEM010041,ORD01412,PROD046,2,406.94,813.88
ITEM010042,ORD03641,PROD114,3,443.93,1331.79
ITEM010043,ORD02545,PROD060,2,90.28,180.56
ITEM010044,ORD01105,PROD126,6,576.55,3459.3
ITEM010045,ORD04299,PROD118,4,60.04,240.16
ITEM010046,ORD00601,PROD040,1,476.77,476.77
ITEM010047,ORD01054,PROD023,4,305.47,1221.88
ITEM010048,ORD04127,PROD131,5,609.52,3047.6
ITEM010049,ORD01807,PROD092,4,612.35,2449.4
ITEM010050,ORD01410,PROD002,6,301.34,1808.04
ITEM010051,ORD00562,PROD057,5,595.82,2979.1
ITEM010052,ORD02587,PROD066,4,637.12,2548.48
ITEM010053,ORD02670,PROD087,3,659.56,1978.68
ITEM010054,ORD00144,PROD092,4,485.3,1941.2
ITEM010055,ORD04140,PROD099,2,347.03,694.06
ITEM010056,ORD03115,PROD019,4,675.13,2700.52
ITEM010057,ORD02229,PROD078,3,281.6,844.8
ITEM010058,ORD02110,PROD088,3,242.29,726.87
ITEM010059,ORD01069,PROD150,1,684.61,684.61
ITEM010060,ORD04644,PROD040,4,551.76,2207.04
ITEM010061,ORD03548,PROD141,2,507.68,1015.36
ITEM010062,ORD04045,PROD076,1,214.63,214.63
ITEM010063,ORD02859,PROD140,2,542.34,1084.68
ITEM010064,ORD02085,PROD094,3,398.04,1194.12
ITEM010065,ORD03086,PROD010,2,770.68,1541.36
ITEM010066,ORD04462,PROD111,5,673.72,3368.6
ITEM010067,ORD04438,PROD049,5,219.01,1095.05
ITEM010068,ORD01524,PROD045,5,336.77,1683.85
ITEM010069,ORD04056,PROD083,3,371.09,1113.27
ITEM010070,ORD04455,PROD032,4,118.09,472.36
ITEM010071,ORD02919,PROD032,2,767.08,1534.16
ITEM010072,ORD03988,PROD006,1,781.73,781.73
ITEM010073,ORD04980,PROD037,1,571.33,571.33
ITEM010074,ORD999999,PROD140,2,405.61,811.22
ITEM010075,ORD03781,PROD103,2,309.46,618.92
ITEM010076,ORD00608,PROD081,1,126.65,126.65
ITEM010077,ORD03483,PROD127,6,401.98,2411.88
ITEM010078,ORD04476,PROD084,1,552.84,552.84
ITEM010079,ORD00951,PROD066,1,394.36,394.36
ITEM010080,ORD02069,PROD007,6,448.54,2691.24
ITEM010081,ORD03376,PROD083,1,616.67,616.67
ITEM010082,ORD04544,PROD076,4,283.79,1135.16
ITEM010083,ORD04597,PROD065,1,407.5,407.5
ITEM010084,ORD00802,PROD143,3,184.8,554.4
ITEM010085,ORD03859,PROD139,2,262.51,525.02
ITEM010086,ORD01680,PROD008,5,638.76,3193.8
ITEM010087,ORD03779,PROD076,4,142.98,571.92
ITEM010088,ORD03000,PROD124,4,192.47,769.88
ITEM010089,ORD02623,PROD108,2,419.46,838.92
ITEM010090,ORD03150,PROD074,1,300.47,300.47
ITEM010091,ORD02115,PROD053,4,194.02,776.08
ITEM010092,ORD01151,PROD133,5,244.74,1223.7
ITEM010093,ORD03971,PROD096,6,524.5,3147.0
ITEM010094,ORD04167,PROD118,6,73.3,439.8
ITEM010095,ORD00747,PROD126,4,366.13,1464.52
ITEM010096,ORD03965,PROD023,3,430.66,1291.98
ITEM010097,ORD01519,PROD125,1,67.95,67.95
ITEM010098,ORD03719,PROD027,3,335.44,1006.32
ITEM010099,ORD00588,PROD021,5,386.39,1931.95
ITEM010100,ORD03250,PROD027,5,606.88,3034.4
ITEM010101,ORD02669,PROD9999,1,174.11,174.11
ITEM010102,ORD01686,PROD086,4,711.08,2844.32
ITEM010103,ORD04180,PROD015,4,487.66,1950.64
ITEM010104,ORD04113,PROD077,3,705.24,2115.72
ITEM010105,ORD03739,PROD114,6,532.77,3196.62
ITEM010106,ORD02537,PROD099,6,439.46,2636.76
ITEM010107,ORD03327,PROD067,3,789.46,2368.38
ITEM010108,ORD01801,PROD117,5,221.77,1108.85
ITEM010109,ORD01505,PROD147,6,742.63,4455.78
ITEM010110,ORD02746,PROD075,4,773.13,3092.52
ITEM010111,ORD02908,PROD054,3,375.66,1126.98
ITEM010112,ORD01763,PROD045,1,720.46,720.46
ITEM010113,ORD01996,PROD115,2,194.56,389.12
ITEM010114,ORD00691,PROD087,3,360.67,1082.01
ITEM010115,ORD01672,PROD068,3,391.87,1175.61
ITEM010116,ORD01633,PROD050,1,293.13,293.13
ITEM010117,ORD01955,PROD018,2,299.71,599.42
ITEM010118,ORD04545,PROD047,4,539.1,2156.4
ITEM010119,ORD04520,PROD013,4,58.89,235.56
ITEM010120,ORD00452,PROD9999,5,125.05,625.25
ITEM010121,ORD00228,PROD078,5,213.46,1067.3
ITEM010122,ORD04724,PROD029,2,182.46,364.92
ITEM010123,ORD01526,PROD071,4,294.57,1178.28
ITEM010124,ORD03390,PROD071,4,63.29,253.16
ITEM010125,ORD04525,PROD036,6,211.14,1266.84
ITEM010126,ORD00154,PROD131,3,610.16,1830.48
ITEM010127,ORD00737,PROD068,5,101.08,505.4
ITEM010128,ORD02280,PROD9999,5,620.3,3101.5
ITEM010129,ORD04121,PROD143,4,752.3,3009.2
ITEM010130,ORD02220,PROD144,1,555.49,555.49
ITEM010131,ORD02122,PROD041,3,386.02,1158.06
ITEM010132,ORD01674,PROD026,3,479.54,1438.62
ITEM010133,ORD03975,PROD036,5,524.05,2620.25
ITEM010134,ORD03669,PROD118,2,152.51,305.02
ITEM010135,ORD02162,PROD134,4,721.61,2886.44
ITEM010136,ORD04132,PROD005,4,768.14,3072.56
ITEM010137,ORD00398,PROD029,2,582.5,1165.0
ITEM010138,ORD04771,PROD066,5,214.09,1070.45
ITEM010139,ORD00813,PROD9999,0,436.85,1747.4
ITEM010140,ORD04385,PROD096,5,577.47,2887.35
ITEM010141,ORD02028,PROD137,4,254.13,1016.52
ITEM010142,ORD04721,PROD055,1,326.5,326.5
ITEM010143,ORD02788,PROD067,2,622.45,1244.9
ITEM010144,ORD00593,PROD046,3,404.94,1214.82
ITEM010145,ORD04838,PROD116,2,443.64,887.28
ITEM010146,ORD02464,PROD115,5,622.09,3110.45
ITEM010147,ORD04936,PROD036,5,612.61,3063.05
ITEM010148,ORD999999,PROD102,6,687.65,4125.9
ITEM010149,ORD04554,PROD031,2,741.41,1482.82
ITEM010150,ORD04962,PROD139,2,558.01,1116.02
ITEM010151,ORD00654,PROD013,5,396.14,1980.7
ITEM010152,ORD02783,PROD080,5,348.3,1741.5
ITEM010153,ORD00544,PROD085,6,461.49,2768.94
ITEM010154,ORD04932,PROD056,5,734.06,3670.3
ITEM010155,ORD00701,PROD009,5,205.08,1025.4
ITEM010156,ORD02622,PROD114,5,514.48,2572.4
ITEM010157,ORD04637,PROD100,5,218.35,1091.75
ITEM010158,ORD04850,PROD092,2,179.36,358.72
ITEM010159,ORD00502,PROD146,1,519.53,519.53
ITEM010160,ORD02888,PROD054,4,201.63,806.52
ITEM010161,ORD04771,PROD002,6,439.29,2635.74
ITEM010162,ORD00513,PROD048,4,401.85,1607.4
ITEM010163,ORD02610,PROD090,5,183.27,916.35
ITEM010164,ORD04203,PROD086,6,170.99,1025.94
ITEM010165,ORD00068,PROD033,5,626.06,3130.3
ITEM010166,ORD00355,PROD105,4,674.48,2697.92
ITEM010167,ORD04287,PROD014,4,538.24,2152.96
ITEM010168,ORD04423,PROD138,4,541.8,2167.2
ITEM010169,ORD02099,PROD010,3,518.22,1554.66
ITEM010170,ORD00222,PROD117,4,287.53,1150.12
ITEM010171,ORD04948,PROD149,4,489.4,1957.6
ITEM010172,ORD03146,PROD043,5,394.71,1973.55
ITEM010173,ORD03755,PROD076,2,548.6,1097.2
ITEM010174,ORD04071,PROD139,5,246.79,1233.95
ITEM010175,ORD03342,PROD124,4,674.33,2697.32
ITEM010176,ORD00751,PROD059,2,323.06,646.12
ITEM010177,ORD04009,PROD044,3,296.34,889.02
ITEM010178,ORD04294,PROD123,3,190.22,570.66
ITEM010179,ORD04087,PROD071,4,191.79,767.16
ITEM010180,ORD02920,PROD126,1,655.92,655.92
ITEM010181,ORD04936,PROD083,1,551.45,551.45
ITEM010182,ORD02876,PROD025,3,582.7,1748.1
ITEM010183,ORD02314,PROD075,5,511.08,2555.4
ITEM010184,ORD04395,PROD028,2,206.47,412.94
ITEM010185,ORD00199,PROD140,3,265.57,796.71
ITEM010186,ORD00972,PROD017,4,721.25,2885.0
ITEM010187,ORD01089,PROD091,5,656.53,3282.65
ITEM010188,ORD02960,PROD130,5,602.29,3011.45
ITEM010189,ORD04198,PROD034,4,601.46,2405.84
ITEM010190,ORD03005,PROD084,1,469.83,469.83
ITEM010191,ORD04683,PROD031,6,484.05,2904.3
ITEM010192,ORD01495,PROD118,1,328.62,328.62
ITEM010193,ORD00230,PROD077,1,598.62,598.62
ITEM010194,ORD00083,PROD058,6,693.33,4159.98
ITEM010195,ORD01638,PROD110,2,53.49,106.98
ITEM010196,ORD00774,PROD123,6,210.05,1260.3
ITEM010197,ORD02138,PROD085,3,63.52,190.56
ITEM010198,ORD02803,PROD018,1,799.69,799.69
ITEM010199,ORD02217,PROD029,1,392.4,392.4
ITEM010200,ORD999999,PROD034,1,356.89,356.89
ITEM010201,ORD00405,PROD039,4,396.06,1584.24
ITEM010202,ORD00218,PROD009,1,233.7,233.7
ITEM010203,ORD00441,PROD068,6,753.85,4523.1
ITEM010204,ORD00580,PROD135,4,368.41,1473.64
ITEM010205,ORD03525,PROD144,2,719.19,1438.38
ITEM010206,ORD03082,PROD108,4,457.84,1831.36
ITEM010207,ORD01777,PROD021,2,139.25,278.5
ITEM010208,ORD02396,PROD095,2,542.33,1084.66
ITEM010209,ORD02458,PROD117,1,225.77,225.77
ITEM010210,ORD02290,PROD128,6,691.87,4151.22
ITEM010211,ORD04637,PROD097,3,409.07,1227.21
ITEM010212,ORD01114,PROD078,1,664.1,664.1
ITEM010213,ORD01461,PROD115,4,554.38,2217.52
ITEM010214,ORD04818,PROD004,6,162.83,976.98
ITEM010215,ORD00494,PROD053,4,465.26,1861.04
ITEM010216,ORD00046,PROD011,3,515.19,1545.57
ITEM010217,ORD01184,PROD123,3,529.02,1587.06
ITEM010218,ORD01604,PROD031,5,156.01,780.05
ITEM010219,ORD02817,PROD136,6,86.68,520.08
ITEM010220,ORD00607,PROD052,6,617.34,3704.04
ITEM010221,ORD02605,PROD009,4,67.12,268.48
ITEM010222,ORD01110,PROD038,4,220.69,882.76
ITEM010223,ORD03011,PROD095,1,496.75,496.75
ITEM010224,ORD04444,PROD135,1,617.36,617.36
ITEM010225,ORD02704,PROD099,3,258.12,774.36
ITEM010226,ORD03804,PROD084,4,691.74,2766.96
ITEM010227,ORD02588,PROD011,1,741.19,741.19
ITEM010228,ORD04330,PROD123,2,411.51,823.02
ITEM010229,ORD04054,PROD118,2,588.19,1176.38
ITEM010230,ORD00480,PROD125,6,71.8,430.8
ITEM010231,ORD03091,PROD126,3,270.9,812.7
ITEM010232,ORD02039,PROD041,4,416.69,1666.76
ITEM010233,ORD02951,PROD137,2,231.01,462.02
ITEM010234,ORD01378,PROD148,3,794.34,2383.02
ITEM010235,ORD03861,PROD025,3,331.92,995.76
ITEM010236,ORD03733,PROD057,1,326.84,326.84
ITEM010237,ORD04150,PROD015,5,491.4,2457.0
ITEM010238,ORD04044,PROD141,6,112.18,673.08
ITEM010239,ORD04078,PROD048,2,449.85,899.7
ITEM010240,ORD04221,PROD9999,1,254.48,254.48
ITEM010241,ORD04792,PROD016,3,206.08,618.24
ITEM010242,ORD02555,PROD126,3,663.14,1989.42
ITEM010243,ORD02849,PROD040,5,492.29,2461.45
ITEM010244,ORD03266,PROD132,1,176.2,176.2
ITEM010245,ORD01010,PROD074,6,426.52,2559.12
ITEM010246,ORD03357,PROD013,6,124.12,744.72
ITEM010247,ORD02841,PROD057,5,278.99,1394.95
ITEM010248,ORD03128,PROD124,3,268.68,806.04
ITEM010249,ORD03426,PROD096,3,284.5,853.5
ITEM010250,ORD02451,PROD037,5,432.3,2161.5
ITEM010251,ORD04348,PROD064,2,590.17,1180.34
ITEM010252,ORD00778,PROD128,4,513.15,2052.6
ITEM010253,ORD01730,PROD006,5,554.04,2770.2
ITEM010254,ORD01422,PROD086,5,383.68,1918.4
ITEM010255,ORD03544,PROD002,5,292.9,1464.5
ITEM010256,ORD04494,PROD082,6,740.27,4441.62
ITEM010257,ORD02165,PROD033,4,221.4,885.6
ITEM010258,ORD02405,PROD057,6,259.83,1558.98
ITEM010259,ORD00678,PROD068,4,451.67,1806.68
ITEM010260,ORD01433,PROD057,5,562.95,2814.75
ITEM010261,ORD03752,PROD087,2,303.86,607.72
ITEM010262,ORD02503,PROD9999,1,642.68,642.68
ITEM010263,ORD04134,PROD039,4,560.82,2243.28
ITEM010264,ORD03608,PROD082,5,428.62,2143.1
ITEM010265,ORD01986,PROD145,5,796.32,3981.6
ITEM010266,ORD03375,PROD114,2,130.9,261.8
ITEM010267,ORD00873,PROD030,2,775.98,1551.96
ITEM010268,ORD00849,PROD080,4,397.41,1589.64
ITEM010269,ORD03004,PROD054,1,681.04,681.04
ITEM010270,ORD01887,PROD098,3,178.3,534.9
ITEM010271,ORD03719,PROD039,3,82.78,248.34
ITEM010272,ORD03741,PROD068,4,408.19,1632.76
ITEM010273,ORD03708,PROD024,2,304.59,609.18
ITEM010274,ORD00883,PROD144,5,683.2,3416.0
ITEM010275,ORD04431,PROD028,5,342.83,1714.15
ITEM010276,ORD00748,PROD116,2,794.09,1588.18
ITEM010277,ORD00973,PROD013,6,51.31,307.86
ITEM010278,ORD00539,PROD9999,1,758.15,758.15
ITEM010279,ORD02304,PROD048,2,558.91,1117.82
ITEM010280,ORD03365,PROD121,1,664.83,664.83
ITEM010281,ORD02730,PROD128,1,538.35,538.35
ITEM010282,ORD03147,PROD144,5,340.35,1701.75
ITEM010283,ORD00540,PROD006,4,230.83,923.32
ITEM010284,ORD02210,PROD018,2,237.69,475.38
ITEM010285,ORD03323,PROD143,2,626.49,1252.98
ITEM010286,ORD04837,PROD061,2,518.67,1037.34
ITEM010287,ORD999999,PROD136,1,150.04,150.04
ITEM010288,ORD01067,PROD047,3,164.64,493.92
ITEM010289,ORD00698,PROD070,3,113.39,340.17
ITEM010290,ORD02372,PROD001,4,158.8,635.2
ITEM010291,ORD02899,PROD124,3,250.45,751.35
ITEM010292,ORD01984,PROD046,3,604.4,1813.2
ITEM010293,ORD04151,PROD147,3,304.78,914.34
ITEM010294,ORD01898,PROD042,3,225.78,677.34
ITEM010295,ORD02188,PROD137,5,794.52,3972.6
ITEM010296,ORD01496,PROD001,3,208.76,626.28
ITEM010297,ORD02371,PROD145,5,177.73,888.65
ITEM010298,ORD04375,PROD079,3,417.97,1253.91
ITEM010299,ORD01414,PROD140,1,132.84,132.84
ITEM010300,ORD00797,PROD039,5,202.72,1013.6
ITEM010301,ORD03936,PROD053,4,430.98,1723.92
ITEM010302,ORD01572,PROD129,1,349.62,349.62
ITEM010303,ORD02008,PROD090,6,528.4,3170.4
ITEM010304,ORD00370,PROD076,6,253.76,1522.56
ITEM010305,ORD04305,PROD112,6,286.95,1721.7
ITEM010306,ORD01690,PROD022,6,510.41,3062.46
ITEM010307,ORD04552,PROD134,0,453.71,1361.13
ITEM010308,ORD03108,PROD134,4,246.09,984.36
ITEM010309,ORD04187,PROD038,2,196.57,393.14
ITEM010310,ORD03230,PROD107,3,244.97,734.91
ITEM010311,ORD04185,PROD084,6,460.5,2763.0
ITEM010312,ORD03078,PROD108,3,135.9,407.7
ITEM010313,ORD01144,PROD137,2,760.75,1521.5
ITEM010314,ORD01854,PROD034,3,79.9,239.7
ITEM010315,ORD03127,PROD090,5,353.91,1769.55
ITEM010316,ORD03320,PROD022,5,182.09,910.45
ITEM010317,ORD02924,PROD143,1,494.88,494.88
ITEM010318,ORD01921,PROD128,5,605.69,3028.45
ITEM010319,ORD00165,PROD042,2,74.95,149.9
ITEM010320,ORD00280,PROD075,3,789.45,2368.35
ITEM010321,ORD00353,PROD078,2,605.11,1210.22
ITEM010322,ORD02745,PROD110,6,535.02,3210.12
ITEM010323,ORD04234,PROD141,5,291.95,1459.75
ITEM010324,ORD02448,PROD071,1,717.15,717.15
ITEM010325,ORD03435,PROD022,3,335.0,1005.0
ITEM010326,ORD00797,PROD091,4,788.62,3154.48
ITEM010327,ORD01685,PROD065,6,570.27,3421.62
ITEM010328,ORD01973,PROD114,2,770.23,1540.46
ITEM010329,ORD03105,PROD139,3,81.97,245.91
ITEM010330,ORD03915,PROD022,6,581.23,3487.38
ITEM010331,ORD04632,PROD128,2,650.12,1300.24
ITEM010332,ORD01828,PROD140,5,450.8,2254.0
ITEM010333,ORD00355,PROD016,4,99.51,398.04
ITEM010334,ORD04476,PROD018,4,378.36,1513.44
ITEM010335,ORD02661,PROD071,6,741.51,4449.06
ITEM010336,ORD01549,PROD114,1,615.8,615.8
ITEM010337,ORD03378,PROD066,1,793.95,793.95
ITEM010338,ORD03506,PROD007,3,513.34,1540.02
ITEM010339,ORD00883,PROD041,3,600.17,1800.51
ITEM010340,ORD04913,PROD075,5,381.58,1907.9
ITEM010341,ORD01137,PROD098,1,229.48,229.48
ITEM010342,ORD00423,PROD031,1,740.87,740.87
ITEM010343,ORD01268,PROD120,3,77.22,231.66
ITEM010344,ORD04400,PROD039,1,433.56,433.56
ITEM010345,ORD01074,PROD056,3,360.67,1082.01
ITEM010346,ORD02557,PROD046,1,354.22,354.22
ITEM010347,ORD00398,PROD126,5,297.21,1486.05
ITEM010348,ORD04253,PROD010,2,82.84,165.68
ITEM010349,ORD01631,PROD143,6,778.38,4670.28
ITEM010350,ORD01027,PROD024,1,269.59,269.59
ITEM010351,ORD01040,PROD072,5,553.13,2765.65
ITEM010352,ORD999999,PROD048,6,309.75,1858.5
ITEM010353,ORD03847,PROD050,2,651.76,1303.52
ITEM010354,ORD02221,PROD106,3,382.31,1146.93
ITEM010355,ORD03304,PROD056,2,181.13,362.26
ITEM010356,ORD00799,PROD084,3,426.38,1279.14
ITEM010357,ORD01575,PROD004,2,663.93,1327.86
ITEM010358,ORD04663,PROD040,6,423.82,2542.92
ITEM010359,ORD00806,PROD081,1,772.47,772.47
ITEM010360,ORD04830,PROD025,4,141.92,567.68
ITEM010361,ORD00779,PROD090,5,180.01,900.05
ITEM010362,ORD01787,PROD008,1,508.36,508.36
ITEM010363,ORD02354,PROD041,5,51.15,255.75
ITEM010364,ORD01652,PROD110,1,408.54,408.54
ITEM010365,ORD02746,PROD030,4,519.46,2077.84
ITEM010366,ORD00708,PROD051,2,362.18,724.36
ITEM010367,ORD03766,PROD125,6,263.86,1583.16
ITEM010368,ORD00701,PROD032,5,68.15,340.75
ITEM010369,ORD00001,PROD071,2,532.39,1064.78
ITEM010370,ORD04208,PROD047,4,523.44,2093.76
ITEM010371,ORD00774,PROD021,3,516.85,1550.55
ITEM010372,ORD04776,PROD005,6,568.87,3413.22
ITEM010373,ORD03544,PROD127,6,61.03,366.18
ITEM010374,ORD01582,PROD097,1,89.32,89.32
ITEM010375,ORD00239,PROD006,2,775.4,1550.8
ITEM010376,ORD01000,PROD031,5,258.63,1293.15
ITEM010377,ORD02613,PROD054,4,603.66,2414.64
ITEM010378,ORD01304,PROD124,4,499.55,1998.2
ITEM010379,ORD00157,PROD096,3,225.04,675.12
ITEM010380,ORD03878,PROD086,1,246.51,246.51
ITEM010381,ORD01448,PROD051,3,635.8,1907.4
ITEM010382,ORD01762,PROD024,5,385.71,1928.55
ITEM010383,ORD03020,PROD012,2,286.11,572.22
ITEM010384,ORD02946,PROD086,3,537.23,1611.69
ITEM010385,ORD00674,PROD072,3,514.18,1542.54
ITEM010386,ORD02744,PROD036,2,312.77,625.54
ITEM010387,ORD02963,PROD033,5,88.06,440.3
ITEM010388,ORD03122,PROD008,1,171.04,171.04
ITEM010389,ORD00084,PROD092,6,671.68,4030.08
ITEM010390,ORD03262,PROD087,6,738.69,4432.14
ITEM010391,ORD04755,PROD119,5,682.28,3411.4
ITEM010392,ORD02198,PROD046,1,510.8,510.8
ITEM010393,ORD00474,PROD049,3,480.39,1441.17
ITEM010394,ORD01387,PROD003,5,369.85,1849.25
ITEM010395,ORD01932,PROD053,4,774.94,3099.76
ITEM010396,ORD02369,PROD064,1,416.71,416.71
ITEM010397,ORD00006,PROD078,5,137.27,686.35
ITEM010398,ORD04293,PROD143,6,605.73,3634.38
ITEM010399,ORD02017,PROD119,5,675.29,3376.45
ITEM010400,ORD00042,PROD087,2,646.73,1293.46
ITEM010401,ORD01090,PROD012,4,579.68,2318.72
ITEM010402,ORD02547,PROD064,4,739.41,2957.64
ITEM010403,ORD02355,PROD141,5,713.47,3567.35
ITEM010404,ORD999999,PROD119,5,679.99,3399.95
ITEM010405,ORD01473,PROD010,2,175.63,351.26
ITEM010406,ORD02046,PROD086,3,107.54,322.62
ITEM010407,ORD03473,PROD128,2,354.0,708.0
ITEM010408,ORD02630,PROD049,2,284.56,569.12
ITEM010409,ORD03997,PROD009,5,446.05,2230.25
ITEM010410,ORD04908,PROD126,5,202.17,1010.85
ITEM010411,ORD04352,PROD012,2,296.5,593.0
ITEM010412,ORD01866,PROD114,4,786.46,3145.84
ITEM010413,ORD02646,PROD135,1,754.54,754.54
ITEM010414,ORD01264,PROD067,1,351.65,351.65
ITEM010415,ORD02509,PROD126,6,455.61,2733.66
ITEM010416,ORD02122,PROD017,3,773.84,2321.52
ITEM010417,ORD01573,PROD107,2,632.29,1264.58
ITEM010418,ORD03449,PROD062,5,59.6,298.0
ITEM010419,ORD02303,PROD046,2,562.5,1125.0
ITEM010420,ORD00670,PROD054,0,52.68,210.72
ITEM010421,ORD00682,PROD101,1,123.63,123.63
ITEM010422,ORD04999,PROD025,4,478.69,1914.76
ITEM010423,ORD03547,PROD073,4,149.75,599.0
ITEM010424,ORD01038,PROD043,2,119.35,238.7
ITEM010425,ORD03870,PROD052,2,457.76,915.52
ITEM010426,ORD00855,PROD068,3,286.25,858.75
ITEM010427,ORD02308,PROD094,5,782.72,3913.6
ITEM010428,ORD04980,PROD020,1,554.28,554.28
ITEM010429,ORD00672,PROD030,4,526.85,2107.4
ITEM010430,ORD02971,PROD073,1,658.98,658.98
ITEM010431,ORD03730,PROD037,1,431.9,431.9
ITEM010432,ORD01639,PROD140,2,326.07,652.14
ITEM010433,ORD03573,PROD140,5,666.18,3330.9
ITEM010434,ORD03383,PROD039,1,495.34,495.34
ITEM010435,ORD02083,PROD076,4,750.52,3002.08
ITEM010436,ORD01901,PROD102,6,52.41,314.46
ITEM010437,ORD01741,PROD034,5,160.88,804.4
ITEM010438,ORD04462,PROD065,3,204.94,614.82
ITEM010439,ORD03106,PROD132,4,182.45,729.8
ITEM010440,ORD00240,PROD022,6,80.52,483.12
ITEM010441,ORD01425,PROD078,2,393.54,787.08
ITEM010442,ORD04640,PROD095,6,314.63,1887.78
ITEM010443,ORD01863,PROD148,4,183.4,733.6
ITEM010444,ORD04823,PROD093,3,153.03,459.09
ITEM010445,ORD02146,PROD092,4,616.19,2464.76
ITEM010446,ORD02929,PROD148,4,304.62,1218.48
ITEM010447,ORD01357,PROD146,3,598.04,1794.12
ITEM010448,ORD999999,PROD108,2,294.19,588.38
ITEM010449,ORD02029,PROD042,3,702.22,2106.66
ITEM010450,ORD00720,PROD094,5,686.39,3431.95
ITEM010451,ORD03597,PROD018,5,614.82,3074.1
ITEM010452,ORD04095,PROD058,2,433.26,866.52
ITEM010453,ORD02896,PROD034,6,53.74,322.44
ITEM010454,ORD02537,PROD036,2,577.69,1155.38
ITEM010455,ORD03737,PROD074,1,101.22,101.22
ITEM010456,ORD01231,PROD035,2,594.82,1189.64
ITEM010457,ORD00123,PROD082,5,583.37,2916.85
ITEM010458,ORD00777,PROD076,6,756.96,4541.76
ITEM010459,ORD02010,PROD019,5,301.92,1509.6
ITEM010460,ORD04283,PROD045,2,517.82,1035.64
ITEM010461,ORD04901,PROD008,1,355.37,355.37
ITEM010462,ORD00814,PROD010,1,358.39,358.39
ITEM010463,ORD00731,PROD095,2,459.79,919.58
ITEM010464,ORD03867,PROD074,3,121.33,363.99
ITEM010465,ORD02397,PROD025,4,629.15,2516.6
ITEM010466,ORD01569,PROD017,3,144.76,434.28
ITEM010467,ORD04624,PROD056,6,503.63,3021.78
ITEM010468,ORD04724,PROD125,3,693.26,2079.78
ITEM010469,ORD02716,PROD057,6,479.36,2876.16
ITEM010470,ORD01812,PROD137,4,302.11,1208.44
ITEM010471,ORD999999,PROD113,5,714.62,3573.1
ITEM010472,ORD01553,PROD005,6,772.22,4633.32
ITEM010473,ORD00918,PROD088,4,781.27,3125.08
ITEM010474,ORD00447,PROD119,5,306.88,1534.4
ITEM010475,ORD04072,PROD032,3,721.92,2165.76
ITEM010476,ORD04506,PROD111,1,452.99,452.99
ITEM010477,ORD03854,PROD099,6,144.36,866.16
ITEM010478,ORD03252,PROD034,3,161.74,485.22
ITEM010479,ORD02885,PROD140,5,783.13,3915.65
ITEM010480,ORD01425,PROD092,6,586.13,3516.78
ITEM010481,ORD02344,PROD092,2,757.44,1514.88
ITEM010482,ORD00235,PROD076,1,469.88,469.88
ITEM010483,ORD03934,PROD048,6,519.24,3115.44
ITEM010484,ORD00588,PROD051,1,515.4,515.4
ITEM010485,ORD00314,PROD080,2,744.8,1489.6
ITEM010486,ORD03697,PROD123,4,499.7,1998.8
ITEM010487,ORD00371,PROD060,1,793.99,793.99
ITEM010488,ORD04659,PROD112,5,305.15,1525.75
ITEM010489,ORD01219,PROD070,5,418.86,2094.3
ITEM010490,ORD02505,PROD097,4,579.13,2316.52
ITEM010491,ORD03866,PROD123,4,570.97,2283.88
ITEM010492,ORD03623,PROD022,1,707.9,707.9
ITEM010493,ORD03381,PROD113,1,223.81,223.81
ITEM010494,ORD02727,PROD015,6,137.12,822.72
ITEM010495,ORD03422,PROD099,4,410.98,1643.92
ITEM010496,ORD01410,PROD050,5,68.33,341.65
ITEM010497,ORD02572,PROD097,1,113.71,113.71
ITEM010498,ORD02839,PROD054,1,250.87,250.87
ITEM010499,ORD01556,PROD071,4,721.14,2884.56
ITEM010500,ORD02813,PROD006,6,520.45,3122.7
ITEM010501,ORD00831,PROD086,4,462.19,1848.76
ITEM010502,ORD02502,PROD008,3,374.54,1123.62
ITEM010503,ORD02185,PROD006,5,244.04,1220.2
ITEM010504,ORD01212,PROD047,5,438.8,2194.0
ITEM010505,ORD01441,PROD089,2,648.43,1296.86
ITEM010506,ORD00479,PROD129,4,75.09,300.36
ITEM010507,ORD01359,PROD144,4,89.0,356.0
ITEM010508,ORD04748,PROD116,1,472.73,472.73
ITEM010509,ORD04726,PROD071,1,469.81,469.81
ITEM010510,ORD03192,PROD087,3,57.38,172.14
ITEM010511,ORD04273,PROD032,5,386.16,1930.8
ITEM010512,ORD01754,PROD119,3,222.93,668.79
ITEM010513,ORD04153,PROD011,6,86.09,516.54
ITEM010514,ORD03922,PROD014,1,645.79,645.79
ITEM010515,ORD01349,PROD150,1,106.9,106.9
ITEM010516,ORD01737,PROD051,3,116.77,350.31
ITEM010517,ORD03930,PROD025,2,655.92,1311.84
ITEM010518,ORD01063,PROD069,2,561.63,1123.26
ITEM010519,ORD02057,PROD001,5,759.11,3795.55
ITEM010520,ORD01106,PROD104,5,778.97,3894.85
ITEM010521,ORD02634,PROD143,1,206.79,206.79
ITEM010522,ORD999999,PROD084,3,602.58,1807.74
ITEM010523,ORD01318,PROD120,1,403.77,403.77
ITEM010524,ORD00210,PROD072,4,159.78,639.12
ITEM010525,ORD04809,PROD017,3,611.09,1833.27
ITEM010526,ORD00020,PROD048,5,348.85,1744.25
ITEM010527,ORD00331,PROD042,3,255.6,766.8
ITEM010528,ORD00533,PROD139,2,618.02,1236.04
ITEM010529,ORD03230,PROD043,4,460.9,1843.6
ITEM010530,ORD00695,PROD025,4,490.11,1960.44
ITEM010531,ORD00499,PROD076,3,657.01,1971.03
ITEM010532,ORD04288,PROD142,3,335.39,1006.17
ITEM010533,ORD02520,PROD143,3,502.87,1508.61
ITEM010534,ORD999999,PROD142,4,682.76,2731.04
ITEM010535,ORD03406,PROD099,6,331.88,1991.28
ITEM010536,ORD01354,PROD100,3,492.93,1478.79
ITEM010537,ORD00095,PROD042,4,678.1,2712.4
ITEM010538,ORD01975,PROD148,5,792.63,3963.15
ITEM010539,ORD03193,PROD148,4,789.74,3158.96
ITEM010540,ORD00748,PROD003,1,729.54,729.54
ITEM010541,ORD00073,PROD002,4,147.81,591.24
ITEM010542,ORD04087,PROD074,6,463.41,2780.46
ITEM010543,ORD02545,PROD050,5,362.66,1813.3
ITEM010544,ORD00646,PROD020,6,604.6,3627.6
ITEM010545,ORD01091,PROD013,5,234.08,1170.4
ITEM010546,ORD03182,PROD125,3,555.03,1665.09
ITEM010547,ORD04587,PROD126,4,592.45,2369.8
ITEM010548,ORD03719,PROD009,6,493.25,2959.5
ITEM010549,ORD00056,PROD138,6,663.05,3978.3
ITEM010550,ORD00114,PROD013,6,189.16,1134.96
ITEM010551,ORD02013,PROD048,2,676.22,1352.44
ITEM010552,ORD00152,PROD099,3,668.17,2004.51
ITEM010553,ORD02412,PROD002,5,636.9,3184.5
ITEM010554,ORD02546,PROD045,6,728.0,4368.0
ITEM010555,ORD04235,PROD143,2,87.54,175.08
ITEM010556,ORD04909,PROD021,5,123.6,618.0
ITEM010557,ORD01911,PROD027,4,147.95,591.8
ITEM010558,ORD01705,PROD040,3,635.73,1907.19
ITEM010559,ORD04453,PROD058,5,148.31,741.55
ITEM010560,ORD01759,PROD063,5,510.11,2550.55
ITEM010561,ORD01312,PROD138,5,393.92,1969.6
ITEM010562,ORD00961,PROD119,2,469.43,938.86
ITEM010563,ORD00026,PROD113,1,230.48,230.48
ITEM010564,ORD02206,PROD145,1,281.18,281.18
ITEM010565,ORD00281,PROD020,5,769.23,3846.15
ITEM010566,ORD01633,PROD097,5,726.58,3632.9
ITEM010567,ORD03284,PROD067,5,134.42,672.1
ITEM010568,ORD00424,PROD065,2,780.63,1561.26
ITEM010569,ORD02172,PROD121,1,684.7,684.7
ITEM010570,ORD02909,PROD132,1,88.15,88.15
ITEM010571,ORD03810,PROD043,6,181.31,1087.86
ITEM010572,ORD03824,PROD092,1,665.06,665.06
ITEM010573,ORD00477,PROD133,3,455.52,1366.56
ITEM010574,ORD05000,PROD060,6,310.2,1861.2
ITEM010575,ORD02792,PROD112,4,457.99,1831.96
ITEM010576,ORD01744,PROD115,2,539.1,1078.2
ITEM010577,ORD01529,PROD073,2,215.63,431.26
ITEM010578,ORD01178,PROD101,6,77.15,462.9
ITEM010579,ORD00065,PROD137,1,310.96,310.96
ITEM010580,ORD04305,PROD070,4,767.76,3071.04
ITEM010581,ORD02331,PROD044,6,683.7,4102.2
ITEM010582,ORD00398,PROD106,6,117.03,702.18
ITEM010583,ORD00994,PROD135,4,142.65,570.6
ITEM010584,ORD02119,PROD082,6,254.65,1527.9
ITEM010585,ORD00406,PROD122,5,159.85,799.25
ITEM010586,ORD00871,PROD115,6,116.45,698.7
ITEM010587,ORD04852,PROD093,5,718.08,3590.4
ITEM010588,ORD04661,PROD037,3,529.29,1587.87
ITEM010589,ORD03551,PROD053,3,694.63,2083.89
ITEM010590,ORD00404,PROD072,4,421.18,1684.72
ITEM010591,ORD00513,PROD099,4,359.14,1436.56
ITEM010592,ORD03528,PROD116,4,626.25,2505.0
ITEM010593,ORD03878,PROD130,1,521.16,521.16
ITEM010594,ORD03707,PROD111,2,195.44,390.88
ITEM010595,ORD04426,PROD007,5,104.96,524.8
ITEM010596,ORD04936,PROD150,5,574.15,2870.75
ITEM010597,ORD02436,PROD006,2,381.94,763.88
ITEM010598,ORD04445,PROD056,1,450.87,450.87
ITEM010599,ORD02101,PROD109,6,762.8,4576.8
ITEM010600,ORD02966,PROD144,3,696.19,2088.57
ITEM010601,ORD02739,PROD094,6,124.08,744.48
ITEM010602,ORD999999,PROD083,2,85.82,171.64
ITEM010603,ORD00780,PROD063,1,672.86,672.86
ITEM010604,ORD03320,PROD110,2,65.14,130.28
ITEM010605,ORD01115,PROD040,3,69.88,209.64
ITEM010606,ORD02561,PROD098,5,387.86,1939.3
ITEM010607,ORD02414,PROD002,4,390.4,1561.6
ITEM010608,ORD00682,PROD118,4,572.43,2289.72
ITEM010609,ORD02646,PROD029,6,627.11,3762.66
ITEM010610,ORD03360,PROD044,5,334.52,1672.6
ITEM010611,ORD01977,PROD090,3,326.94,980.82
ITEM010612,ORD01630,PROD117,4,171.12,684.48
ITEM010613,ORD03181,PROD138,6,108.15,648.9
ITEM010614,ORD02199,PROD113,6,78.71,472.26
ITEM010615,ORD02661,PROD066,6,373.02,2238.12
ITEM010616,ORD03030,PROD108,1,795.5,795.5
ITEM010617,ORD02642,PROD137,4,637.49,2549.96
ITEM010618,ORD04450,PROD078,1,406.63,406.63
ITEM010619,ORD01021,PROD132,4,531.58,2126.32
ITEM010620,ORD03632,PROD129,5,758.65,3793.25
ITEM010621,ORD00024,PROD056,5,600.61,3003.05
ITEM010622,ORD03783,PROD024,1,445.14,445.14
ITEM010623,ORD999999,PROD027,5,255.76,1278.8
ITEM010624,ORD02244,PROD055,1,547.93,547.93
ITEM010625,ORD04341,PROD043,5,409.63,2048.15
ITEM010626,ORD00981,PROD059,3,500.97,1502.91
ITEM010627,ORD02747,PROD015,3,160.1,480.3
ITEM010628,ORD00656,PROD143,6,437.94,2627.64
ITEM010629,ORD03318,PROD100,5,670.59,3352.95
ITEM010630,ORD03321,PROD052,4,246.75,987.0
ITEM010631,ORD01572,PROD037,4,423.95,1695.8
ITEM010632,ORD04187,PROD001,2,54.42,108.84
ITEM010633,ORD02738,PROD139,5,193.43,967.15
ITEM010634,ORD02800,PROD105,2,83.63,167.26
ITEM010635,ORD04530,PROD055,6,323.62,1941.72
ITEM010636,ORD02685,PROD004,4,73.84,295.36
ITEM010637,ORD02864,PROD141,2,574.48,1148.96
ITEM010638,ORD00423,PROD085,2,538.78,1077.56
ITEM010639,ORD03263,PROD078,2,193.99,387.98
ITEM010640,ORD00851,PROD089,6,108.6,651.6
ITEM010641,ORD02292,PROD024,2,255.17,510.34
ITEM010642,ORD03695,PROD094,6,391.06,2346.36
ITEM010643,ORD04777,PROD113,6,412.18,2473.08
ITEM010644,ORD03268,PROD111,1,179.61,179.61
ITEM010645,ORD04558,PROD146,5,246.11,1230.55
ITEM010646,ORD02927,PROD084,3,587.29,1761.87
ITEM010647,ORD00577,PROD075,6,750.73,4504.38
ITEM010648,ORD04362,PROD023,1,247.96,247.96
ITEM010649,ORD03831,PROD032,6,487.12,2922.72
ITEM010650,ORD00532,PROD061,3,672.76,2018.28
ITEM010651,ORD03110,PROD135,5,439.27,2196.35
ITEM010652,ORD04422,PROD141,3,413.4,1240.2
ITEM010653,ORD02184,PROD075,2,125.68,251.36
ITEM010654,ORD03583,PROD078,2,155.64,311.28
ITEM010655,ORD04006,PROD047,1,622.62,622.62
ITEM010656,ORD01335,PROD082,4,433.26,1733.04
ITEM010657,ORD01060,PROD045,3,66.39,199.17
ITEM010658,ORD02498,PROD123,4,750.67,3002.68
ITEM010659,ORD01129,PROD088,2,79.98,159.96
ITEM010660,ORD04428,PROD114,5,637.21,3186.05
ITEM010661,ORD02653,PROD031,1,288.63,288.63
ITEM010662,ORD04627,PROD040,3,277.07,831.21
ITEM010663,ORD04829,PROD138,2,512.78,1025.56
ITEM010664,ORD02006,PROD074,1,769.31,769.31
ITEM010665,ORD00178,PROD115,3,454.07,1362.21
ITEM010666,ORD01038,PROD054,4,694.29,2777.16
ITEM010667,ORD03557,PROD007,4,495.39,1981.56
ITEM010668,ORD02001,PROD150,5,442.97,2214.85
ITEM010669,ORD03398,PROD115,6,497.35,2984.1
ITEM010670,ORD00513,PROD019,4,183.09,732.36
ITEM010671,ORD02249,PROD075,6,175.01,1050.06
ITEM010672,ORD01292,PROD082,3,181.57,544.71
ITEM010673,ORD04499,PROD118,1,574.84,574.84
ITEM010674,ORD02592,PROD069,3,550.52,1651.56
ITEM010675,ORD01538,PROD145,5,219.36,1096.8
ITEM010676,ORD00897,PROD057,3,234.51,703.53
ITEM010677,ORD02139,PROD109,4,740.46,2961.84
ITEM010678,ORD03027,PROD046,3,781.28,2343.84
ITEM010679,ORD00115,PROD083,5,647.22,3236.1
ITEM010680,ORD00502,PROD081,5,585.23,2926.15
ITEM010681,ORD02031,PROD139,2,141.3,282.6
ITEM010682,ORD999999,PROD074,6,248.45,1490.7
ITEM010683,ORD00626,PROD126,5,574.77,2873.85
ITEM010684,ORD02514,PROD052,6,188.68,1132.08
ITEM010685,ORD01726,PROD107,4,280.07,1120.28
ITEM010686,ORD01413,PROD128,2,791.32,1582.64
ITEM010687,ORD01401,PROD026,2,235.83,471.66
ITEM010688,ORD03431,PROD008,1,216.34,216.34
ITEM010689,ORD02021,PROD054,3,180.44,541.32
ITEM010690,ORD02258,PROD140,4,188.72,754.88
ITEM010691,ORD03826,PROD049,6,257.93,1547.58
ITEM010692,ORD01354,PROD093,1,361.65,361.65
ITEM010693,ORD04299,PROD144,2,666.58,1333.16
ITEM010694,ORD01207,PROD116,4,754.79,3019.16
ITEM010695,ORD03868,PROD146,6,750.96,4505.76
ITEM010696,ORD03623,PROD051,2,276.95,553.9
ITEM010697,ORD01826,PROD077,1,472.58,472.58
ITEM010698,ORD04064,PROD110,5,350.83,1754.15
ITEM010699,ORD04022,PROD025,4,267.3,1069.2
ITEM010700,ORD00542,PROD015,3,321.0,963.0
ITEM010701,ORD01297,PROD090,3,446.03,1338.09
ITEM010702,ORD00229,PROD039,6,328.69,1972.14
ITEM010703,ORD03698,PROD101,1,738.01,738.01
ITEM010704,ORD03477,PROD055,4,685.66,2742.64
ITEM010705,ORD01202,PROD113,5,443.82,2219.1
ITEM010706,ORD03725,PROD126,1,221.88,221.88
ITEM010707,ORD03512,PROD040,6,578.55,3471.3
ITEM010708,ORD03404,PROD123,3,643.46,1930.38
ITEM010709,ORD00191,PROD041,1,466.26,466.26
ITEM010710,ORD04310,PROD063,5,293.35,1466.75
ITEM010711,ORD03063,PROD016,2,520.91,1041.82
ITEM010712,ORD03015,PROD076,1,481.38,481.38
ITEM010713,ORD04484,PROD002,1,555.04,555.04
ITEM010714,ORD04588,PROD148,6,637.55,3825.3
ITEM010715,ORD00180,PROD015,1,271.05,271.05
ITEM010716,ORD02034,PROD057,3,86.72,260.16
ITEM010717,ORD00955,PROD123,3,292.88,878.64
ITEM010718,ORD04138,PROD072,6,279.76,1678.56
ITEM010719,ORD00736,PROD069,6,637.48,3824.88
ITEM010720,ORD00659,PROD132,1,256.45,256.45
ITEM010721,ORD00409,PROD003,6,593.46,3560.76
ITEM010722,ORD01145,PROD109,1,332.49,332.49
ITEM010723,ORD02293,PROD084,1,328.36,328.36
ITEM010724,ORD04719,PROD020,1,630.9,630.9
ITEM010725,ORD00325,PROD130,6,183.2,1099.2
ITEM010726,ORD04219,PROD016,3,271.02,813.06
ITEM010727,ORD999999,PROD132,3,551.04,1653.12
ITEM010728,ORD02151,PROD085,5,251.93,1259.65
ITEM010729,ORD02565,PROD068,5,133.0,665.0
ITEM010730,ORD02604,PROD150,2,443.03,886.06
ITEM010731,ORD03341,PROD061,4,707.29,2829.16
ITEM010732,ORD01695,PROD061,6,274.8,1648.8
ITEM010733,ORD03976,PROD062,4,368.43,1473.72
ITEM010734,ORD999999,PROD115,1,421.96,421.96
ITEM010735,ORD01349,PROD074,3,205.69,617.07
ITEM010736,ORD01987,PROD023,3,452.88,1358.64
ITEM010737,ORD01699,PROD038,5,750.74,3753.7
ITEM010738,ORD01453,PROD010,4,168.01,672.04
ITEM010739,ORD01608,PROD092,4,384.61,1538.44
ITEM010740,ORD03251,PROD148,2,650.01,1300.02
ITEM010741,ORD01445,PROD102,5,628.57,3142.85
ITEM010742,ORD01657,PROD015,1,458.14,458.14
ITEM010743,ORD02001,PROD034,5,84.17,420.85
ITEM010744,ORD00713,PROD111,5,650.11,3250.55
ITEM010745,ORD01234,PROD150,4,99.22,396.88
ITEM010746,ORD02098,PROD084,6,572.79,3436.74
ITEM010747,ORD03277,PROD122,1,322.38,322.38
ITEM010748,ORD03436,PROD001,4,704.53,2818.12
ITEM010749,ORD03080,PROD009,1,673.76,673.76
ITEM010750,ORD01608,PROD099,1,122.02,122.02
ITEM010751,ORD03555,PROD104,4,470.79,1883.16
ITEM010752,ORD01220,PROD044,3,645.27,1935.81
ITEM010753,ORD04172,PROD150,6,386.0,2316.0
ITEM010754,ORD04546,PROD014,5,136.72,683.6
ITEM010755,ORD04873,PROD091,1,719.31,719.31
ITEM010756,ORD02672,PROD084,2,683.57,1367.14
ITEM010757,ORD01348,PROD030,6,497.23,2983.38
ITEM010758,ORD00748,PROD139,3,151.82,455.46
ITEM010759,ORD00555,PROD011,4,629.42,2517.68
ITEM010760,ORD03670,PROD033,2,347.17,694.34
ITEM010761,ORD02732,PROD076,0,553.48,2767.4
ITEM010762,ORD00932,PROD017,1,252.36,252.36
ITEM010763,ORD04458,PROD135,3,586.04,1758.12
ITEM010764,ORD04677,PROD060,2,650.47,1300.94
ITEM010765,ORD00595,PROD013,5,82.33,411.65
ITEM010766,ORD03745,PROD085,4,582.79,2331.16
ITEM010767,ORD01313,PROD053,1,712.92,712.92
ITEM010768,ORD02686,PROD015,3,197.86,593.58
ITEM010769,ORD00796,PROD064,5,750.49,3752.45
ITEM010770,ORD00225,PROD057,3,792.47,2377.41
ITEM010771,ORD00519,PROD081,3,233.01,699.03
ITEM010772,ORD00598,PROD090,1,407.37,407.37
ITEM010773,ORD04808,PROD024,6,468.72,2812.32
ITEM010774,ORD03469,PROD097,2,62.63,125.26
ITEM010775,ORD02030,PROD081,5,226.28,1131.4
ITEM010776,ORD03122,PROD030,2,755.44,1510.88
ITEM010777,ORD03868,PROD078,2,188.61,377.22
ITEM010778,ORD02282,PROD146,2,454.43,908.86
ITEM010779,ORD04744,PROD113,3,172.2,516.6
ITEM010780,ORD04812,PROD129,6,738.39,4430.34
ITEM010781,ORD01484,PROD141,4,59.97,239.88
ITEM010782,ORD04081,PROD052,4,289.44,1157.76
ITEM010783,ORD04930,PROD109,5,769.44,3847.2
ITEM010784,ORD00815,PROD013,5,770.06,3850.3
ITEM010785,ORD02221,PROD010,2,336.5,673.0
ITEM010786,ORD00838,PROD060,3,197.89,593.67
ITEM010787,ORD01982,PROD147,1,594.01,594.01
ITEM010788,ORD01221,PROD058,4,423.09,1692.36
ITEM010789,ORD04430,PROD059,2,331.73,663.46
ITEM010790,ORD04363,PROD071,3,190.03,570.09
ITEM010791,ORD01140,PROD087,3,235.51,706.53
ITEM010792,ORD02524,PROD129,4,107.33,429.32
ITEM010793,ORD00403,PROD049,5,570.34,2851.7
ITEM010794,ORD03861,PROD010,2,56.09,112.18
ITEM010795,ORD01416,PROD045,5,781.45,3907.25
ITEM010796,ORD04346,PROD012,4,758.71,3034.84
ITEM010797,ORD01919,PROD103,2,187.47,374.94
ITEM010798,ORD02023,PROD102,5,536.11,2680.55
ITEM010799,ORD04960,PROD129,1,219.64,219.64
ITEM010800,ORD01040,PROD119,2,730.1,1460.2
ITEM010801,ORD00692,PROD036,4,216.08,864.32
ITEM010802,ORD01916,PROD074,3,470.22,1410.66
ITEM010803,ORD02921,PROD134,3,434.58,1303.74
ITEM010804,ORD01923,PROD069,4,749.1,2996.4
ITEM010805,ORD04570,PROD142,3,608.29,1824.87
ITEM010806,ORD03118,PROD131,2,651.18,1302.36
ITEM010807,ORD03497,PROD016,4,355.47,1421.88
ITEM010808,ORD04035,PROD040,2,786.28,1572.56
ITEM010809,ORD03921,PROD9999,5,738.45,3692.25
ITEM010810,ORD03060,PROD077,6,584.48,3506.88
ITEM010811,ORD02159,PROD027,4,429.69,1718.76
ITEM010812,ORD04316,PROD012,3,51.84,155.52
ITEM010813,ORD02832,PROD053,1,473.48,473.48
ITEM010814,ORD01740,PROD038,5,258.22,1291.1
ITEM010815,ORD01976,PROD071,2,683.86,1367.72
ITEM010816,ORD01597,PROD063,5,507.83,2539.15
ITEM010817,ORD04497,PROD022,1,560.24,560.24
ITEM010818,ORD03168,PROD113,1,580.49,580.49
ITEM010819,ORD03521,PROD042,5,251.34,1256.7
ITEM010820,ORD03884,PROD012,2,576.04,1152.08
ITEM010821,ORD01779,PROD069,6,101.59,609.54
ITEM010822,ORD02624,PROD056,6,560.94,3365.64
ITEM010823,ORD01658,PROD127,2,255.96,511.92
ITEM010824,ORD02759,PROD066,2,419.28,838.56
ITEM010825,ORD02955,PROD051,4,62.86,251.44
ITEM010826,ORD02528,PROD088,5,377.59,1887.95
ITEM010827,ORD02499,PROD093,0,53.96,53.96
ITEM010828,ORD01373,PROD142,3,338.29,1014.87
ITEM010829,ORD00157,PROD038,0,393.06,1965.3
ITEM010830,ORD02349,PROD036,5,572.99,2864.95
ITEM010831,ORD01234,PROD139,3,545.0,1635.0
ITEM010832,ORD00701,PROD081,2,663.77,1327.54
ITEM010833,ORD02500,PROD025,2,72.06,144.12
ITEM010834,ORD00353,PROD091,5,211.06,1055.3
ITEM010835,ORD02122,PROD122,2,411.75,823.5
ITEM010836,ORD04517,PROD075,5,306.23,1531.15
ITEM010837,ORD00396,PROD112,5,671.91,3359.55
ITEM010838,ORD01932,PROD064,2,641.74,1283.48
ITEM010839,ORD04093,PROD120,4,599.81,2399.24
ITEM010840,ORD999999,PROD035,6,679.86,4079.16
ITEM010841,ORD03376,PROD086,4,626.73,2506.92
ITEM010842,ORD02291,PROD9999,6,591.57,3549.42
ITEM010843,ORD02986,PROD141,3,56.69,170.07
ITEM010844,ORD02478,PROD147,6,478.76,2872.56
ITEM010845,ORD00709,PROD013,2,328.26,656.52
ITEM010846,ORD03000,PROD083,2,619.54,1239.08
ITEM010847,ORD00934,PROD135,4,577.34,2309.36
ITEM010848,ORD04017,PROD029,6,246.0,1476.0
ITEM010849,ORD02113,PROD078,2,762.62,1525.24
ITEM010850,ORD01123,PROD028,3,771.46,2314.38
ITEM010851,ORD02862,PROD030,2,327.14,654.28
ITEM010852,ORD03315,PROD139,1,731.2,731.2
ITEM010853,ORD01028,PROD024,6,625.88,3755.28
ITEM010854,ORD04560,PROD065,5,416.47,2082.35
ITEM010855,ORD02642,PROD076,4,137.93,551.72
ITEM010856,ORD00741,PROD093,3,407.24,1221.72
ITEM010857,ORD03144,PROD119,1,206.89,206.89
ITEM010858,ORD04637,PROD011,4,383.83,1535.32
ITEM010859,ORD03105,PROD149,2,184.97,369.94
ITEM010860,ORD01062,PROD008,4,784.51,3138.04
ITEM010861,ORD00937,PROD073,6,766.66,4599.96
ITEM010862,ORD04924,PROD078,1,330.57,330.57
ITEM010863,ORD03461,PROD132,3,646.64,1939.92
ITEM010864,ORD02018,PROD058,5,389.36,1946.8
ITEM010865,ORD03113,PROD017,1,195.48,195.48
ITEM010866,ORD03646,PROD149,1,796.2,796.2
ITEM010867,ORD03022,PROD068,2,783.34,1566.68
ITEM010868,ORD04490,PROD9999,5,360.23,1801.15
ITEM010869,ORD03422,PROD053,1,520.91,520.91
ITEM010870,ORD04718,PROD079,4,733.89,2935.56
ITEM010871,ORD02622,PROD130,4,723.51,2894.04
ITEM010872,ORD00142,PROD022,3,222.14,666.42
ITEM010873,ORD01057,PROD007,1,508.95,508.95
ITEM010874,ORD03809,PROD096,6,394.71,2368.26
ITEM010875,ORD04273,PROD037,3,563.85,1691.55
ITEM010876,ORD03268,PROD053,2,676.94,1353.88
ITEM010877,ORD01242,PROD114,2,742.2,1484.4
ITEM010878,ORD02048,PROD038,5,631.18,3155.9
ITEM010879,ORD01978,PROD114,5,644.45,3222.25
ITEM010880,ORD00913,PROD123,6,424.71,2548.26
ITEM010881,ORD01621,PROD051,2,128.44,256.88
ITEM010882,ORD04014,PROD120,4,508.41,2033.64
ITEM010883,ORD00540,PROD125,3,738.85,2216.55
ITEM010884,ORD02379,PROD145,3,688.42,2065.26
ITEM010885,ORD02407,PROD124,2,507.14,1014.28
ITEM010886,ORD01366,PROD016,6,111.16,666.96
ITEM010887,ORD01458,PROD020,6,605.82,3634.92
ITEM010888,ORD03296,PROD142,2,69.55,139.1
ITEM010889,ORD02141,PROD095,5,246.69,1233.45
ITEM010890,ORD04366,PROD036,5,735.49,3677.45
ITEM010891,ORD02668,PROD046,5,164.47,822.35
ITEM010892,ORD04588,PROD049,6,127.01,762.06
ITEM010893,ORD02541,PROD062,5,314.6,1573.0
ITEM010894,ORD02215,PROD010,4,299.89,1199.56
ITEM010895,ORD01653,PROD068,3,634.26,1902.78
ITEM010896,ORD01375,PROD046,3,451.21,1353.63
ITEM010897,ORD04684,PROD9999,4,751.1,3004.4
ITEM010898,ORD04416,PROD128,1,314.28,314.28
ITEM010899,ORD04373,PROD075,6,451.9,2711.4
ITEM010900,ORD02519,PROD142,1,665.92,665.92
ITEM010901,ORD04440,PROD093,2,226.85,453.7
ITEM010902,ORD03815,PROD052,4,679.38,2717.52
ITEM010903,ORD01171,PROD036,5,503.26,2516.3
ITEM010904,ORD01499,PROD047,1,82.0,82.0
ITEM010905,ORD01000,PROD050,5,698.06,3490.3
ITEM010906,ORD03391,PROD044,3,784.46,2353.38
ITEM010907,ORD01197,PROD075,1,337.24,337.24
ITEM010908,ORD01668,PROD033,1,174.77,174.77
ITEM010909,ORD01212,PROD092,6,420.25,2521.5
ITEM010910,ORD01270,PROD095,5,389.75,1948.75
ITEM010911,ORD02582,PROD143,4,213.41,853.64
ITEM010912,ORD03181,PROD074,1,110.8,110.8
ITEM010913,ORD04721,PROD133,1,562.65,562.65
ITEM010914,ORD01315,PROD9999,6,254.79,1528.74
ITEM010915,ORD01634,PROD012,1,314.58,314.58
ITEM010916,ORD04920,PROD043,2,728.5,1457.0
ITEM010917,ORD04736,PROD036,1,411.32,411.32
ITEM010918,ORD04159,PROD123,2,358.33,716.66
ITEM010919,ORD02866,PROD127,4,492.42,1969.68
ITEM010920,ORD01230,PROD004,4,257.48,1029.92
ITEM010921,ORD02277,PROD106,3,579.91,1739.73
ITEM010922,ORD01527,PROD146,4,569.66,2278.64
ITEM010923,ORD02281,PROD065,5,430.56,2152.8
ITEM010924,ORD03589,PROD004,2,315.15,630.3
ITEM010925,ORD03714,PROD050,6,222.34,1334.04
ITEM010926,ORD01121,PROD022,3,148.01,444.03
ITEM010927,ORD01588,PROD027,5,210.64,1053.2
ITEM010928,ORD02397,PROD069,6,784.29,4705.74
ITEM010929,ORD01582,PROD063,3,542.61,1627.83
ITEM010930,ORD00640,PROD045,2,403.8,807.6
ITEM010931,ORD02274,PROD076,6,69.75,418.5
ITEM010932,ORD03079,PROD096,3,799.17,2397.51
ITEM010933,ORD03244,PROD028,2,611.19,1222.38
ITEM010934,ORD02248,PROD064,4,214.4,857.6
ITEM010935,ORD00521,PROD032,4,474.58,1898.32
ITEM010936,ORD03477,PROD012,5,749.75,3748.75
ITEM010937,ORD01825,PROD015,2,279.76,559.52
ITEM010938,ORD00016,PROD102,6,119.41,716.46
ITEM010939,ORD01613,PROD026,6,560.24,3361.44
ITEM010940,ORD04974,PROD052,1,262.2,262.2
ITEM010941,ORD01040,PROD150,1,730.91,730.91
ITEM010942,ORD04415,PROD113,3,659.31,1977.93
ITEM010943,ORD03857,PROD017,5,198.03,990.15
ITEM010944,ORD02236,PROD125,6,662.8,3976.8
ITEM010945,ORD03349,PROD124,1,764.06,764.06
ITEM010946,ORD00669,PROD110,6,715.12,4290.72
ITEM010947,ORD03267,PROD058,4,689.33,2757.32
ITEM010948,ORD02913,PROD091,1,545.0,545.0
ITEM010949,ORD02408,PROD099,2,287.0,574.0
ITEM010950,ORD01691,PROD117,1,157.92,157.92
ITEM010951,ORD04835,PROD044,2,768.87,1537.74
ITEM010952,ORD03363,PROD146,5,747.88,3739.4
ITEM010953,ORD03763,PROD097,2,497.79,995.58
ITEM010954,ORD00563,PROD067,3,688.29,2064.87
ITEM010955,ORD01372,PROD071,5,722.07,3610.35
ITEM010956,ORD00876,PROD070,5,218.94,1094.7
ITEM010957,ORD00799,PROD019,2,449.46,898.92
ITEM010958,ORD04521,PROD019,6,548.41,3290.46
ITEM010959,ORD02551,PROD133,1,189.95,189.95
ITEM010960,ORD01771,PROD058,6,158.85,953.1
ITEM010961,ORD03895,PROD045,2,220.08,440.16
ITEM010962,ORD01092,PROD014,1,481.88,481.88
ITEM010963,ORD00921,PROD104,6,681.86,4091.16
ITEM010964,ORD00710,PROD125,6,327.7,1966.2
ITEM010965,ORD02642,PROD026,4,181.59,726.36
ITEM010966,ORD02702,PROD028,1,627.01,627.01
ITEM010967,ORD00833,PROD085,3,460.8,1382.4
ITEM010968,ORD04478,PROD092,0,443.99,887.98
ITEM010969,ORD03007,PROD118,3,164.76,494.28
ITEM010970,ORD03859,PROD137,3,141.54,424.62
ITEM010971,ORD01339,PROD014,4,402.29,1609.16
ITEM010972,ORD00919,PROD024,4,616.97,2467.88
ITEM010973,ORD01632,PROD005,5,106.56,532.8
ITEM010974,ORD03310,PROD103,3,302.45,907.35
ITEM010975,ORD03807,PROD100,4,210.67,842.68
ITEM010976,ORD01663,PROD060,6,225.95,1355.7
ITEM010977,ORD04587,PROD079,6,699.91,4199.46
ITEM010978,ORD04538,PROD068,3,672.49,2017.47
ITEM010979,ORD03569,PROD107,2,304.89,609.78
ITEM010980,ORD00269,PROD002,4,425.28,1701.12
ITEM010981,ORD00308,PROD024,2,306.93,613.86
ITEM010982,ORD00636,PROD015,4,148.51,594.04
ITEM010983,ORD01531,PROD065,6,727.09,4362.54
ITEM010984,ORD999999,PROD126,6,476.7,2860.2
ITEM010985,ORD01286,PROD052,3,168.83,506.49
ITEM010986,ORD03463,PROD073,3,352.82,1058.46
ITEM010987,ORD04092,PROD070,5,260.4,1302.0
ITEM010988,ORD999999,PROD030,2,792.48,1584.96
ITEM010989,ORD00515,PROD004,5,776.63,3883.15
ITEM010990,ORD00237,PROD107,4,493.16,1972.64
ITEM010991,ORD00534,PROD100,5,576.28,2881.4
ITEM010992,ORD03114,PROD001,2,375.67,751.34
ITEM010993,ORD03387,PROD139,3,560.09,1680.27
ITEM010994,ORD00349,PROD042,1,680.2,680.2
ITEM010995,ORD04569,PROD117,5,265.37,1326.85
ITEM010996,ORD04623,PROD001,3,316.71,950.13
ITEM010997,ORD01532,PROD037,3,616.02,1848.06
ITEM010998,ORD04843,PROD047,3,435.08,1305.24
ITEM010999,ORD02791,PROD144,1,179.52,179.52
ITEM011000,ORD00877,PROD011,1,417.14,417.14
ITEM011001,ORD00846,PROD030,2,273.0,546.0
ITEM011002,ORD03735,PROD140,2,419.84,839.68
ITEM011003,ORD03982,PROD107,1,615.39,615.39
ITEM011004,ORD02362,PROD095,5,683.07,3415.35
ITEM011005,ORD04127,PROD083,3,314.05,942.15
ITEM011006,ORD03061,PROD024,6,730.59,4383.54
ITEM011007,ORD03413,PROD055,6,506.5,3039.0
ITEM011008,ORD03219,PROD065,3,730.04,2190.12
ITEM011009,ORD00631,PROD106,6,488.86,2933.16
ITEM011010,ORD00095,PROD095,1,784.17,784.17
ITEM011011,ORD00653,PROD078,5,775.67,3878.35
ITEM011012,ORD03951,PROD072,2,97.02,194.04
ITEM011013,ORD02766,PROD066,3,77.18,231.54
ITEM011014,ORD01919,PROD9999,1,96.71,96.71
ITEM011015,ORD00827,PROD083,2,741.65,1483.3
ITEM011016,ORD01094,PROD076,3,110.29,330.87
ITEM011017,ORD02957,PROD092,2,429.41,858.82
ITEM011018,ORD00749,PROD090,4,636.74,2546.96
ITEM011019,ORD03443,PROD010,3,508.39,1525.17
ITEM011020,ORD01863,PROD078,4,444.17,1776.68
ITEM011021,ORD02325,PROD100,1,422.02,422.02
ITEM011022,ORD03861,PROD073,1,591.42,591.42
ITEM011023,ORD02386,PROD040,3,498.28,1494.84
ITEM011024,ORD02310,PROD031,6,118.49,710.94
ITEM011025,ORD00388,PROD138,2,119.25,238.5
ITEM011026,ORD04607,PROD023,3,438.16,1314.48
ITEM011027,ORD04754,PROD137,6,178.72,1072.32
ITEM011028,ORD01958,PROD126,6,272.45,1634.7
ITEM011029,ORD00046,PROD010,2,499.03,998.06
ITEM011030,ORD02797,PROD139,1,130.54,130.54
ITEM011031,ORD01230,PROD128,2,165.04,330.08
ITEM011032,ORD01031,PROD032,3,228.68,686.04
ITEM011033,ORD00910,PROD110,2,781.35,1562.7
ITEM011034,ORD00587,PROD065,1,667.5,667.5
ITEM011035,ORD01104,PROD136,6,179.15,1074.9
ITEM011036,ORD01663,PROD058,4,142.49,569.96
ITEM011037,ORD02453,PROD090,3,687.6,2062.8
ITEM011038,ORD02626,PROD045,5,180.09,900.45
ITEM011039,ORD04630,PROD003,5,116.14,580.7
ITEM011040,ORD02912,PROD010,6,198.64,1191.84
ITEM011041,ORD04133,PROD110,6,623.99,3743.94
ITEM011042,ORD03749,PROD082,4,151.22,604.88
ITEM011043,ORD03851,PROD148,1,50.22,50.22
ITEM011044,ORD00655,PROD048,4,457.4,1829.6
ITEM011045,ORD02964,PROD9999,2,520.92,1041.84
ITEM011046,ORD04572,PROD136,6,633.8,3802.8
ITEM011047,ORD03854,PROD018,0,395.42,1581.68
ITEM011048,ORD04313,PROD034,1,390.91,390.91
ITEM011049,ORD01195,PROD016,1,96.96,96.96
ITEM011050,ORD01219,PROD136,4,258.59,1034.36
ITEM011051,ORD00162,PROD9999,5,422.61,2113.05
ITEM011052,ORD03207,PROD139,3,517.68,1553.04
ITEM011053,ORD03220,PROD029,5,194.68,973.4
ITEM011054,ORD03309,PROD053,1,321.29,321.29
ITEM011055,ORD00216,PROD104,4,348.83,1395.32
ITEM011056,ORD02920,PROD011,6,678.83,4072.98
ITEM011057,ORD00053,PROD037,1,524.55,524.55
ITEM011058,ORD02729,PROD136,4,429.07,1716.28
ITEM011059,ORD01870,PROD045,6,715.69,4294.14
ITEM011060,ORD03394,PROD041,4,425.44,1701.76
ITEM011061,ORD03858,PROD128,3,312.64,937.92
ITEM011062,ORD01287,PROD123,4,436.84,1747.36
ITEM011063,ORD00169,PROD139,5,775.5,3877.5
ITEM011064,ORD01904,PROD036,5,254.43,1272.15
ITEM011065,ORD02298,PROD060,4,562.86,2251.44
ITEM011066,ORD04012,PROD139,3,194.2,582.6
ITEM011067,ORD02209,PROD001,3,80.44,241.32
ITEM011068,ORD00132,PROD056,4,488.55,1954.2
ITEM011069,ORD04251,PROD123,1,463.38,463.38
ITEM011070,ORD03550,PROD123,4,233.46,933.84
ITEM011071,ORD03279,PROD038,3,561.77,1685.31
ITEM011072,ORD03184,PROD001,4,239.94,959.76
ITEM011073,ORD03689,PROD034,1,340.54,340.54
ITEM011074,ORD02096,PROD113,4,517.68,2070.72
ITEM011075,ORD00171,PROD9999,1,748.19,748.19
ITEM011076,ORD01717,PROD065,6,384.97,2309.82
ITEM011077,ORD04147,PROD146,3,568.82,1706.46
ITEM011078,ORD02371,PROD055,5,62.39,311.95
ITEM011079,ORD01369,PROD138,5,83.91,419.55
ITEM011080,ORD03916,PROD053,2,478.95,957.9
ITEM011081,ORD00566,PROD006,0,600.8,3004.0
ITEM011082,ORD00177,PROD012,6,532.12,3192.72
ITEM011083,ORD02164,PROD060,2,445.47,890.94
ITEM011084,ORD01297,PROD018,4,681.16,2724.64
ITEM011085,ORD00853,PROD004,3,97.36,292.08
ITEM011086,ORD00662,PROD091,4,578.63,2314.52
ITEM011087,ORD03834,PROD060,6,607.31,3643.86
ITEM011088,ORD00305,PROD141,6,155.03,930.18
ITEM011089,ORD02013,PROD115,5,489.57,2447.85
ITEM011090,ORD01384,PROD113,2,746.49,1492.98
ITEM011091,ORD01973,PROD147,2,226.79,453.58
ITEM011092,ORD04275,PROD030,6,461.27,2767.62
ITEM011093,ORD00427,PROD044,1,479.18,479.18
ITEM011094,ORD04443,PROD131,4,155.73,622.92
ITEM011095,ORD02398,PROD006,5,146.97,734.85
ITEM011096,ORD04392,PROD023,3,91.81,275.43
ITEM011097,ORD04509,PROD019,6,406.67,2440.02
ITEM011098,ORD03013,PROD067,4,489.21,1956.84
ITEM011099,ORD00908,PROD128,1,104.51,104.51
ITEM011100,ORD03570,PROD133,4,389.24,1556.96
ITEM011101,ORD04700,PROD131,3,55.19,165.57
ITEM011102,ORD03646,PROD001,4,100.55,402.2
ITEM011103,ORD00033,PROD135,1,292.1,292.1
ITEM011104,ORD04604,PROD014,1,679.03,679.03
ITEM011105,ORD01486,PROD124,1,624.51,624.51
ITEM011106,ORD02401,PROD070,6,162.32,973.92
ITEM011107,ORD00129,PROD126,3,360.15,1080.45
ITEM011108,ORD00255,PROD132,3,118.03,354.09
ITEM011109,ORD04149,PROD110,3,563.05,1689.15
ITEM011110,ORD02113,PROD069,6,387.6,2325.6
ITEM011111,ORD00739,PROD108,4,236.58,946.32
ITEM011112,ORD03722,PROD061,2,181.32,362.64
ITEM011113,ORD01548,PROD070,5,438.1,2190.5
ITEM011114,ORD02138,PROD036,4,568.42,2273.68
ITEM011115,ORD01036,PROD142,5,535.55,2677.75
ITEM011116,ORD01091,PROD039,6,453.39,2720.34
ITEM011117,ORD02390,PROD131,1,369.52,369.52
ITEM011118,ORD02392,PROD039,4,182.96,731.84
ITEM011119,ORD01092,PROD067,4,58.45,233.8
ITEM011120,ORD04149,PROD150,0,284.25,1137.0
ITEM011121,ORD03901,PROD061,0,256.77,1027.08
ITEM011122,ORD00282,PROD109,6,725.87,4355.22
ITEM011123,ORD03148,PROD019,4,322.59,1290.36
ITEM011124,ORD01837,PROD003,4,213.14,852.56
ITEM011125,ORD02846,PROD061,4,241.17,964.68
ITEM011126,ORD01614,PROD062,5,781.09,3905.45
ITEM011127,ORD04103,PROD129,0,360.5,721.0
ITEM011128,ORD02786,PROD131,4,432.37,1729.48
ITEM011129,ORD03386,PROD101,5,363.29,1816.45
ITEM011130,ORD03612,PROD083,1,288.44,288.44
ITEM011131,ORD02830,PROD115,4,750.89,3003.56
ITEM011132,ORD00614,PROD112,2,642.21,1284.42
ITEM011133,ORD01620,PROD017,6,226.57,1359.42
ITEM011134,ORD00677,PROD001,6,70.08,420.48
ITEM011135,ORD00075,PROD096,5,132.85,664.25
ITEM011136,ORD01265,PROD122,5,284.97,1424.85
ITEM011137,ORD02479,PROD113,6,306.58,1839.48
ITEM011138,ORD04824,PROD020,1,223.93,223.93
ITEM011139,ORD00398,PROD025,5,414.4,2072.0
ITEM011140,ORD04945,PROD048,6,798.38,4790.28
ITEM011141,ORD00326,PROD134,2,307.61,615.22
ITEM011142,ORD02351,PROD029,5,318.84,1594.2
ITEM011143,ORD01830,PROD047,1,781.11,781.11
ITEM011144,ORD00978,PROD065,6,414.8,2488.8
ITEM011145,ORD01180,PROD113,5,714.47,3572.35
ITEM011146,ORD01371,PROD027,6,647.93,3887.58
ITEM011147,ORD999999,PROD022,4,717.4,2869.6
ITEM011148,ORD03697,PROD085,2,571.0,1142.0
ITEM011149,ORD02960,PROD085,2,580.14,1160.28
ITEM011150,ORD00675,PROD088,6,221.25,1327.5
ITEM011151,ORD01918,PROD044,5,559.47,2797.35
ITEM011152,ORD01011,PROD071,6,738.29,4429.74
ITEM011153,ORD01704,PROD132,5,224.87,1124.35
ITEM011154,ORD04452,PROD117,3,486.4,1459.2
ITEM011155,ORD01818,PROD073,5,355.01,1775.05
ITEM011156,ORD01839,PROD123,4,415.09,1660.36
ITEM011157,ORD02938,PROD127,1,687.14,687.14
ITEM011158,ORD01715,PROD9999,4,501.62,2006.48
ITEM011159,ORD02471,PROD028,1,299.14,299.14
ITEM011160,ORD04485,PROD029,1,371.53,371.53
ITEM011161,ORD02467,PROD009,2,105.0,210.0
ITEM011162,ORD03595,PROD044,2,125.31,250.62
ITEM011163,ORD00165,PROD078,6,373.6,2241.6
ITEM011164,ORD02033,PROD076,5,517.07,2585.35
ITEM011165,ORD04377,PROD020,1,598.16,598.16
ITEM011166,ORD00521,PROD078,6,795.44,4772.64
ITEM011167,ORD02966,PROD055,3,584.55,1753.65
ITEM011168,ORD02386,PROD108,2,216.88,433.76
ITEM011169,ORD01352,PROD128,3,624.26,1872.78
ITEM011170,ORD03848,PROD115,5,156.3,781.5
ITEM011171,ORD01046,PROD077,3,624.88,1874.64
ITEM011172,ORD03025,PROD078,1,445.91,445.91
ITEM011173,ORD00994,PROD012,6,73.97,443.82
ITEM011174,ORD02335,PROD044,5,138.43,692.15
ITEM011175,ORD04581,PROD057,3,311.34,934.02
ITEM011176,ORD01156,PROD090,2,179.87,359.74
ITEM011177,ORD02395,PROD069,4,213.23,852.92
ITEM011178,ORD02447,PROD057,4,423.31,1693.24
ITEM011179,ORD03581,PROD027,4,799.61,3198.44
ITEM011180,ORD04995,PROD9999,5,513.83,2569.15
ITEM011181,ORD04880,PROD137,3,120.97,362.91
ITEM011182,ORD04516,PROD122,5,776.37,3881.85
ITEM011183,ORD00475,PROD033,3,189.05,567.15
ITEM011184,ORD02361,PROD074,2,503.7,1007.4
ITEM011185,ORD01473,PROD032,4,403.81,1615.24
ITEM011186,ORD02518,PROD076,2,448.25,896.5
ITEM011187,ORD999999,PROD099,4,110.71,442.84
ITEM011188,ORD00223,PROD110,4,99.38,397.52
ITEM011189,ORD03248,PROD004,4,76.32,305.28
ITEM011190,ORD00494,PROD136,3,131.57,394.71
ITEM011191,ORD02435,PROD074,4,692.39,2769.56
ITEM011192,ORD00249,PROD138,1,414.34,414.34
ITEM011193,ORD03401,PROD129,2,120.46,240.92
ITEM011194,ORD00253,PROD034,1,467.83,467.83
ITEM011195,ORD04270,PROD051,6,763.31,4579.86
ITEM011196,ORD04198,PROD011,1,530.69,530.69
ITEM011197,ORD04673,PROD109,4,516.32,2065.28
ITEM011198,ORD01804,PROD097,2,767.37,1534.74
ITEM011199,ORD00276,PROD100,5,579.28,2896.4
ITEM011200,ORD00364,PROD148,6,195.48,1172.88
ITEM011201,ORD02056,PROD112,6,590.35,3542.1
ITEM011202,ORD02313,PROD103,2,585.99,1171.98
ITEM011203,ORD01561,PROD102,3,337.48,1012.44
ITEM011204,ORD02405,PROD128,5,559.93,2799.65
ITEM011205,ORD04951,PROD020,6,478.98,2873.88
ITEM011206,ORD03498,PROD103,3,306.52,919.56
ITEM011207,ORD03520,PROD007,1,634.07,634.07
ITEM011208,ORD04696,PROD101,4,602.13,2408.52
ITEM011209,ORD01512,PROD110,4,190.87,763.48
ITEM011210,ORD03735,PROD146,5,624.91,3124.55
ITEM011211,ORD04731,PROD122,6,341.07,2046.42
ITEM011212,ORD01128,PROD011,1,697.85,697.85
ITEM011213,ORD03905,PROD002,4,189.18,756.72
ITEM011214,ORD03713,PROD039,3,301.97,905.91
ITEM011215,ORD02232,PROD001,2,210.93,421.86
ITEM011216,ORD03166,PROD036,5,565.15,2825.75
ITEM011217,ORD01038,PROD073,3,326.38,979.14
ITEM011218,ORD02238,PROD101,1,603.09,603.09
ITEM011219,ORD00586,PROD111,4,245.26,981.04
ITEM011220,ORD00017,PROD063,1,661.66,661.66
ITEM011221,ORD02403,PROD082,3,468.25,1404.75
ITEM011222,ORD02485,PROD070,3,130.36,391.08
ITEM011223,ORD04423,PROD129,3,421.54,1264.62
ITEM011224,ORD00271,PROD124,5,744.68,3723.4
ITEM011225,ORD01644,PROD9999,3,273.32,819.96
ITEM011226,ORD03863,PROD003,5,525.04,2625.2
ITEM011227,ORD03188,PROD112,4,702.64,2810.56
ITEM011228,ORD01614,PROD130,5,602.58,3012.9
ITEM011229,ORD04670,PROD095,3,724.96,2174.88
ITEM011230,ORD03205,PROD128,3,628.08,1884.24
ITEM011231,ORD03728,PROD072,5,675.6,3378.0
ITEM011232,ORD04976,PROD133,2,558.85,1117.7
ITEM011233,ORD03930,PROD038,3,249.11,747.33
ITEM011234,ORD03756,PROD074,1,56.77,56.77
ITEM011235,ORD01129,PROD058,6,90.46,542.76
ITEM011236,ORD02276,PROD127,2,607.22,1214.44
ITEM011237,ORD00750,PROD001,2,488.26,976.52
ITEM011238,ORD04654,PROD124,3,300.31,900.93
ITEM011239,ORD04562,PROD078,1,349.27,349.27
ITEM011240,ORD00853,PROD137,3,620.46,1861.38
ITEM011241,ORD04763,PROD137,5,747.7,3738.5
ITEM011242,ORD00486,PROD026,5,740.8,3704.0
ITEM011243,ORD02754,PROD097,6,389.33,2335.98
ITEM011244,ORD04831,PROD009,4,71.41,285.64
ITEM011245,ORD04581,PROD039,2,780.14,1560.28
ITEM011246,ORD03442,PROD122,6,641.28,3847.68
ITEM011247,ORD03877,PROD010,6,564.3,3385.8
ITEM011248,ORD01151,PROD130,6,675.01,4050.06
ITEM011249,ORD02124,PROD099,2,533.14,1066.28
ITEM011250,ORD01817,PROD116,6,613.28,3679.68
ITEM011251,ORD03282,PROD026,5,532.99,2664.95
ITEM011252,ORD01235,PROD083,3,747.98,2243.94
ITEM011253,ORD00320,PROD041,6,276.42,1658.52
ITEM011254,ORD04383,PROD045,1,563.4,563.4
ITEM011255,ORD02047,PROD068,1,75.4,75.4
ITEM011256,ORD02104,PROD090,2,414.77,829.54
ITEM011257,ORD04866,PROD146,4,321.4,1285.6
ITEM011258,ORD04018,PROD031,4,232.08,928.32
ITEM011259,ORD00146,PROD139,2,456.91,913.82
ITEM011260,ORD01109,PROD070,0,160.14,320.28
ITEM011261,ORD00270,PROD037,6,753.55,4521.3
ITEM011262,ORD04331,PROD016,2,264.33,528.66
ITEM011263,ORD00716,PROD005,4,530.41,2121.64
ITEM011264,ORD00368,PROD074,1,78.43,78.43
ITEM011265,ORD01174,PROD137,4,510.5,2042.0
ITEM011266,ORD03382,PROD034,5,641.44,3207.2
ITEM011267,ORD04697,PROD052,5,474.33,2371.65
ITEM011268,ORD00071,PROD004,5,613.92,3069.6
ITEM011269,ORD03233,PROD018,1,645.21,645.21
ITEM011270,ORD01357,PROD093,3,189.71,569.13
ITEM011271,ORD02371,PROD004,3,622.87,1868.61
ITEM011272,ORD02977,PROD027,6,559.74,3358.44
ITEM011273,ORD02621,PROD085,1,112.45,112.45
ITEM011274,ORD04212,PROD030,5,122.88,614.4
ITEM011275,ORD01444,PROD097,1,430.56,430.56
ITEM011276,ORD04754,PROD101,5,52.26,261.3
ITEM011277,ORD02874,PROD134,5,501.7,2508.5
ITEM011278,ORD03003,PROD048,2,382.17,764.34
ITEM011279,ORD03571,PROD024,2,322.54,645.08
ITEM011280,ORD01791,PROD036,4,219.24,876.96
ITEM011281,ORD03373,PROD023,5,93.53,467.65
ITEM011282,ORD03327,PROD095,4,411.1,1644.4
ITEM011283,ORD02133,PROD074,3,410.01,1230.03
ITEM011284,ORD02801,PROD033,1,491.99,491.99
ITEM011285,ORD04648,PROD148,6,261.82,1570.92
ITEM011286,ORD01094,PROD021,4,539.04,2156.16
ITEM011287,ORD00709,PROD116,4,503.87,2015.48
ITEM011288,ORD00199,PROD068,5,767.38,3836.9
ITEM011289,ORD00857,PROD146,2,437.91,875.82
ITEM011290,ORD01102,PROD134,3,454.48,1363.44
ITEM011291,ORD00784,PROD026,4,669.07,2676.28
ITEM011292,ORD04899,PROD087,1,385.44,385.44
ITEM011293,ORD01135,PROD115,6,415.9,2495.4
ITEM011294,ORD01551,PROD077,3,754.83,2264.49
ITEM011295,ORD01885,PROD097,5,553.45,2767.25
ITEM011296,ORD04731,PROD140,4,699.57,2798.28
ITEM011297,ORD01984,PROD049,4,462.01,1848.04
ITEM011298,ORD00874,PROD044,1,652.59,652.59
ITEM011299,ORD00461,PROD102,5,213.48,1067.4
ITEM011300,ORD04873,PROD053,3,57.05,171.15
ITEM011301,ORD02768,PROD005,2,662.63,1325.26
ITEM011302,ORD01213,PROD125,2,583.6,1167.2
ITEM011303,ORD03512,PROD083,6,383.73,2302.38
ITEM011304,ORD02138,PROD031,6,704.28,4225.68
ITEM011305,ORD01796,PROD028,3,212.54,637.62
ITEM011306,ORD02936,PROD094,5,655.76,3278.8
ITEM011307,ORD02126,PROD109,2,186.68,373.36
ITEM011308,ORD00340,PROD052,1,411.41,411.41
ITEM011309,ORD03026,PROD123,4,703.02,2812.08
ITEM011310,ORD02534,PROD118,4,651.2,2604.8
ITEM011311,ORD03628,PROD098,4,153.9,615.6
ITEM011312,ORD04425,PROD012,1,666.68,666.68
ITEM011313,ORD03969,PROD065,5,611.74,3058.7
ITEM011314,ORD00812,PROD051,6,776.92,4661.52
ITEM011315,ORD00497,PROD146,6,580.52,3483.12
ITEM011316,ORD02333,PROD065,6,674.19,4045.14
ITEM011317,ORD00650,PROD038,4,326.8,1307.2
ITEM011318,ORD03498,PROD074,6,545.06,3270.36
ITEM011319,ORD03428,PROD9999,6,713.17,4279.02
ITEM011320,ORD04143,PROD094,3,506.19,1518.57
ITEM011321,ORD01774,PROD105,5,685.64,3428.2
ITEM011322,ORD01101,PROD138,5,593.18,2965.9
ITEM011323,ORD02820,PROD045,6,525.76,3154.56
ITEM011324,ORD00669,PROD017,2,771.84,1543.68
ITEM011325,ORD01624,PROD089,4,250.51,1002.04
ITEM011326,ORD00783,PROD053,4,81.79,327.16
ITEM011327,ORD04925,PROD138,2,586.79,1173.58
ITEM011328,ORD00749,PROD090,2,275.15,550.3
ITEM011329,ORD01624,PROD023,1,417.83,417.83
ITEM011330,ORD02253,PROD008,3,188.88,566.64
ITEM011331,ORD00807,PROD113,3,259.54,778.62
ITEM011332,ORD04325,PROD016,3,136.59,409.77
ITEM011333,ORD01792,PROD036,6,668.21,4009.26
ITEM011334,ORD01051,PROD114,1,693.65,693.65
ITEM011335,ORD01690,PROD072,5,546.29,2731.45
ITEM011336,ORD03515,PROD001,5,339.57,1697.85
ITEM011337,ORD00370,PROD052,6,621.16,3726.96
ITEM011338,ORD00519,PROD052,3,324.19,972.57
ITEM011339,ORD01037,PROD096,2,490.1,980.2
ITEM011340,ORD00676,PROD068,5,731.2,3656.0
ITEM011341,ORD02763,PROD052,6,472.46,2834.76
ITEM011342,ORD01083,PROD041,2,348.29,696.58
ITEM011343,ORD01266,PROD062,2,453.93,907.86
ITEM011344,ORD00783,PROD062,3,256.19,768.57
ITEM011345,ORD03527,PROD009,5,180.66,903.3
ITEM011346,ORD02717,PROD049,1,606.11,606.11
ITEM011347,ORD00035,PROD052,6,116.33,697.98
ITEM011348,ORD03168,PROD067,4,130.53,522.12
ITEM011349,ORD01101,PROD111,4,747.5,2990.0
ITEM011350,ORD00198,PROD015,1,187.18,187.18
ITEM011351,ORD02801,PROD004,2,563.0,1126.0
ITEM011352,ORD01465,PROD141,5,579.84,2899.2
ITEM011353,ORD01839,PROD131,5,292.77,1463.85
ITEM011354,ORD01707,PROD134,2,222.73,445.46
ITEM011355,ORD01005,PROD029,5,746.66,3733.3
ITEM011356,ORD00690,PROD086,6,367.86,2207.16
ITEM011357,ORD00328,PROD085,5,579.44,2897.2
ITEM011358,ORD00704,PROD071,4,213.93,855.72
ITEM011359,ORD04700,PROD102,4,705.91,2823.64
ITEM011360,ORD02328,PROD001,2,672.44,1344.88
ITEM011361,ORD01431,PROD004,2,351.68,703.36
ITEM011362,ORD04230,PROD053,1,630.9,630.9
ITEM011363,ORD04636,PROD097,5,376.13,1880.65
ITEM011364,ORD00500,PROD034,2,330.69,661.38
ITEM011365,ORD04315,PROD025,3,202.4,607.2
ITEM011366,ORD04496,PROD004,3,708.51,2125.53
ITEM011367,ORD04577,PROD063,2,441.63,883.26
ITEM011368,ORD04869,PROD125,2,195.07,390.14
ITEM011369,ORD02915,PROD067,3,421.68,1265.04
ITEM011370,ORD04295,PROD099,1,533.2,533.2
ITEM011371,ORD01225,PROD138,3,380.13,1140.39
ITEM011372,ORD04214,PROD076,6,267.18,1603.08
ITEM011373,ORD02859,PROD022,5,285.95,1429.75
ITEM011374,ORD03838,PROD030,4,163.39,653.56
ITEM011375,ORD04493,PROD012,3,414.94,1244.82
ITEM011376,ORD01070,PROD140,2,250.14,500.28
ITEM011377,ORD01327,PROD089,2,294.96,589.92
ITEM011378,ORD01958,PROD011,4,448.01,1792.04
ITEM011379,ORD04189,PROD067,2,97.31,194.62
ITEM011380,ORD01604,PROD086,2,241.83,483.66
ITEM011381,ORD04683,PROD103,2,60.81,121.62
ITEM011382,ORD00634,PROD050,4,495.73,1982.92
ITEM011383,ORD02349,PROD026,6,632.54,3795.24
ITEM011384,ORD01254,PROD076,3,377.12,1131.36
ITEM011385,ORD02019,PROD098,3,482.3,1446.9
ITEM011386,ORD02921,PROD069,5,410.61,2053.05
ITEM011387,ORD01968,PROD079,4,776.52,3106.08
ITEM011388,ORD04245,PROD029,5,732.1,3660.5
ITEM011389,ORD04987,PROD9999,5,70.63,353.15
ITEM011390,ORD03927,PROD054,1,700.5,700.5
ITEM011391,ORD02679,PROD014,2,321.63,643.26
ITEM011392,ORD03143,PROD046,5,309.89,1549.45
ITEM011393,ORD03405,PROD134,6,72.22,433.32
ITEM011394,ORD02098,PROD007,6,215.88,1295.28
ITEM011395,ORD02110,PROD112,6,311.84,1871.04
ITEM011396,ORD04792,PROD042,5,328.28,1641.4
ITEM011397,ORD04589,PROD023,2,117.31,234.62
ITEM011398,ORD03095,PROD141,5,492.68,2463.4
ITEM011399,ORD999999,PROD018,0,120.02,240.04
ITEM011400,ORD02202,PROD118,5,69.71,348.55
ITEM011401,ORD02846,PROD120,5,594.22,2971.1
ITEM011402,ORD01778,PROD018,2,235.95,471.9
ITEM011403,ORD00066,PROD100,2,613.11,1226.22
ITEM011404,ORD02280,PROD059,6,259.51,1557.06
ITEM011405,ORD03995,PROD092,2,758.04,1516.08
ITEM011406,ORD01196,PROD126,1,754.43,754.43
ITEM011407,ORD03154,PROD127,1,321.75,321.75
ITEM011408,ORD03883,PROD053,2,206.71,413.42
ITEM011409,ORD04865,PROD073,2,754.74,1509.48
ITEM011410,ORD01652,PROD114,2,286.02,572.04
ITEM011411,ORD01931,PROD102,5,87.35,436.75
ITEM011412,ORD02568,PROD124,6,500.29,3001.74
ITEM011413,ORD01862,PROD091,2,56.36,112.72
ITEM011414,ORD03898,PROD085,4,704.56,2818.24
ITEM011415,ORD999999,PROD140,6,59.16,354.96
ITEM011416,ORD01920,PROD145,4,594.31,2377.24
ITEM011417,ORD04012,PROD062,3,127.43,382.29
ITEM011418,ORD03732,PROD075,4,375.14,1500.56
ITEM011419,ORD00741,PROD123,6,715.57,4293.42
ITEM011420,ORD00429,PROD061,4,71.58,286.32
ITEM011421,ORD00967,PROD036,1,739.27,739.27
ITEM011422,ORD02534,PROD127,5,712.4,3562.0
ITEM011423,ORD00199,PROD047,6,209.98,1259.88
ITEM011424,ORD01335,PROD017,1,632.12,632.12
ITEM011425,ORD02570,PROD084,1,229.5,229.5
ITEM011426,ORD04244,PROD073,5,300.58,1502.9
ITEM011427,ORD999999,PROD031,5,629.65,3148.25
ITEM011428,ORD04034,PROD113,1,526.52,526.52
ITEM011429,ORD00657,PROD031,2,142.96,285.92
ITEM011430,ORD04407,PROD034,4,616.27,2465.08
ITEM011431,ORD01980,PROD063,6,291.79,1750.74
ITEM011432,ORD02319,PROD101,5,288.9,1444.5
ITEM011433,ORD00250,PROD012,6,90.2,541.2
ITEM011434,ORD02308,PROD124,1,127.49,127.49
ITEM011435,ORD00996,PROD010,5,230.64,1153.2
ITEM011436,ORD02768,PROD138,4,321.95,1287.8
ITEM011437,ORD00935,PROD132,6,245.99,1475.94
ITEM011438,ORD03420,PROD011,2,156.02,312.04
ITEM011439,ORD01609,PROD148,4,181.05,724.2
ITEM011440,ORD03395,PROD077,2,390.42,780.84
ITEM011441,ORD03861,PROD090,3,340.49,1021.47
ITEM011442,ORD00843,PROD022,4,55.48,221.92
ITEM011443,ORD01754,PROD094,6,121.88,731.28
ITEM011444,ORD04302,PROD029,6,727.48,4364.88
ITEM011445,ORD01307,PROD002,3,168.08,504.24
ITEM011446,ORD04458,PROD094,2,122.47,244.94
ITEM011447,ORD03279,PROD035,4,201.33,805.32
ITEM011448,ORD00684,PROD123,1,115.2,115.2
ITEM011449,ORD02202,PROD112,6,153.34,920.04
ITEM011450,ORD02142,PROD140,1,637.14,637.14
ITEM011451,ORD04514,PROD096,2,480.11,960.22
ITEM011452,ORD03022,PROD014,6,400.42,2402.52
ITEM011453,ORD02009,PROD100,2,56.77,113.54
ITEM011454,ORD00783,PROD121,5,437.15,2185.75
ITEM011455,ORD01006,PROD078,5,278.27,1391.35
ITEM011456,ORD00302,PROD019,2,329.81,659.62
ITEM011457,ORD04353,PROD085,5,400.8,2004.0
ITEM011458,ORD03696,PROD103,4,765.1,3060.4
ITEM011459,ORD04973,PROD054,3,378.95,1136.85
ITEM011460,ORD01473,PROD004,4,377.38,1509.52
ITEM011461,ORD03488,PROD097,5,439.94,2199.7
ITEM011462,ORD00202,PROD079,3,131.66,394.98
ITEM011463,ORD02177,PROD9999,6,384.31,2305.86
ITEM011464,ORD01740,PROD053,6,357.13,2142.78
ITEM011465,ORD04763,PROD030,2,84.34,168.68
ITEM011466,ORD04938,PROD022,5,748.42,3742.1
ITEM011467,ORD02365,PROD024,3,741.49,2224.47
ITEM011468,ORD00876,PROD078,2,751.61,1503.22
ITEM011469,ORD02367,PROD133,3,449.0,1347.0
ITEM011470,ORD04497,PROD056,1,219.6,219.6
ITEM011471,ORD04403,PROD063,2,184.76,369.52
ITEM011472,ORD04022,PROD078,2,687.89,1375.78
ITEM011473,ORD02380,PROD134,1,334.62,334.62
ITEM011474,ORD999999,PROD057,5,482.53,2412.65
ITEM011475,ORD02926,PROD022,2,545.03,1090.06
ITEM011476,ORD00864,PROD132,6,424.93,2549.58
ITEM011477,ORD02024,PROD061,5,104.52,522.6
ITEM011478,ORD02624,PROD147,6,723.84,4343.04
ITEM011479,ORD04431,PROD116,6,511.92,3071.52
ITEM011480,ORD02183,PROD064,5,165.11,825.55
ITEM011481,ORD00198,PROD050,2,282.88,565.76
ITEM011482,ORD01392,PROD102,5,242.79,1213.95
ITEM011483,ORD999999,PROD063,3,597.48,1792.44
ITEM011484,ORD00986,PROD030,6,200.51,1203.06
ITEM011485,ORD04867,PROD047,3,111.26,333.78
ITEM011486,ORD04341,PROD062,3,422.09,1266.27
ITEM011487,ORD02420,PROD027,3,652.26,1956.78
ITEM011488,ORD00975,PROD077,5,214.85,1074.25
ITEM011489,ORD01749,PROD004,3,353.48,1060.44
ITEM011490,ORD02661,PROD081,5,144.24,721.2
ITEM011491,ORD00828,PROD086,5,701.09,3505.45
ITEM011492,ORD02409,PROD135,6,408.95,2453.7
ITEM011493,ORD01235,PROD090,4,117.17,468.68
ITEM011494,ORD03879,PROD035,3,376.59,1129.77
ITEM011495,ORD00529,PROD126,3,380.17,1140.51
ITEM011496,ORD04372,PROD033,6,754.2,4525.2
ITEM011497,ORD00473,PROD123,4,455.68,1822.72
ITEM011498,ORD00936,PROD045,4,300.05,1200.2
ITEM011499,ORD01346,PROD128,5,485.38,2426.9
ITEM011500,ORD00936,PROD119,5,131.8,659.0
ITEM011501,ORD01991,PROD104,1,563.34,563.34
ITEM011502,ORD03577,PROD006,5,587.42,2937.1
ITEM011503,ORD03397,PROD013,6,398.98,2393.88
ITEM011504,ORD01545,PROD125,4,659.19,2636.76
ITEM011505,ORD02581,PROD077,5,519.98,2599.9
ITEM011506,ORD02252,PROD028,6,790.03,4740.18
ITEM011507,ORD01736,PROD128,6,648.9,3893.4
ITEM011508,ORD04546,PROD080,1,468.86,468.86
ITEM011509,ORD03455,PROD098,1,651.81,651.81
ITEM011510,ORD03343,PROD051,1,67.52,67.52
ITEM011511,ORD01099,PROD052,4,786.08,3144.32
ITEM011512,ORD03772,PROD028,3,710.39,2131.17
ITEM011513,ORD04812,PROD125,4,201.93,807.72
ITEM011514,ORD01339,PROD141,6,658.53,3951.18
ITEM011515,ORD01107,PROD119,5,645.0,3225.0
ITEM011516,ORD02247,PROD103,3,56.81,170.43
ITEM011517,ORD01740,PROD043,3,563.07,1689.21
ITEM011518,ORD02157,PROD002,2,552.3,1104.6
ITEM011519,ORD02420,PROD136,1,322.52,322.52
ITEM011520,ORD00303,PROD112,6,315.2,1891.2
ITEM011521,ORD00694,PROD127,6,73.99,443.94
ITEM011522,ORD03424,PROD070,6,700.09,4200.54
ITEM011523,ORD04056,PROD121,6,478.55,2871.3
ITEM011524,ORD01096,PROD150,5,235.76,1178.8
ITEM011525,ORD00856,PROD118,2,545.09,1090.18
ITEM011526,ORD04566,PROD027,3,627.48,1882.44
ITEM011527,ORD00849,PROD081,4,115.04,460.16
ITEM011528,ORD02677,PROD040,1,584.85,584.85
ITEM011529,ORD04820,PROD105,4,230.63,922.52
ITEM011530,ORD03016,PROD101,5,420.04,2100.2
ITEM011531,ORD04910,PROD042,1,590.28,590.28
ITEM011532,ORD04533,PROD089,2,712.96,1425.92
ITEM011533,ORD04571,PROD066,6,414.13,2484.78
ITEM011534,ORD01635,PROD131,2,633.85,1267.7
ITEM011535,ORD00175,PROD104,0,670.95,4025.7
ITEM011536,ORD02178,PROD101,4,207.38,829.52
ITEM011537,ORD00810,PROD097,6,745.33,4471.98
ITEM011538,ORD02507,PROD032,4,712.1,2848.4
ITEM011539,ORD999999,PROD144,5,77.57,387.85
ITEM011540,ORD00504,PROD104,6,711.62,4269.72
ITEM011541,ORD01320,PROD038,2,389.02,778.04
ITEM011542,ORD00962,PROD129,5,347.24,1736.2
ITEM011543,ORD03891,PROD039,1,145.92,145.92
ITEM011544,ORD01589,PROD150,6,696.71,4180.26
ITEM011545,ORD04947,PROD149,4,143.01,572.04
ITEM011546,ORD04790,PROD004,6,239.74,1438.44
ITEM011547,ORD03793,PROD106,3,405.77,1217.31
ITEM011548,ORD03680,PROD105,4,719.0,2876.0
ITEM011549,ORD01766,PROD118,5,792.93,3964.65
ITEM011550,ORD00241,PROD106,3,51.32,153.96
ITEM011551,ORD04021,PROD114,4,586.1,2344.4
ITEM011552,ORD00411,PROD043,5,729.41,3647.05
ITEM011553,ORD00733,PROD082,3,687.5,2062.5
ITEM011554,ORD01657,PROD048,6,306.19,1837.14
ITEM011555,ORD02927,PROD100,1,399.27,399.27
ITEM011556,ORD01364,PROD128,6,324.19,1945.14
ITEM011557,ORD00887,PROD110,4,770.94,3083.76
ITEM011558,ORD00323,PROD108,6,251.05,1506.3
ITEM011559,ORD03468,PROD134,4,308.94,1235.76
ITEM011560,ORD01765,PROD129,4,770.59,3082.36
ITEM011561,ORD04223,PROD061,4,505.9,2023.6
ITEM011562,ORD01665,PROD108,4,165.07,660.28
ITEM011563,ORD03536,PROD045,2,515.86,1031.72
ITEM011564,ORD04263,PROD082,5,357.98,1789.9
ITEM011565,ORD02445,PROD046,1,196.01,196.01
ITEM011566,ORD02176,PROD067,3,419.34,1258.02
ITEM011567,ORD04290,PROD062,4,663.62,2654.48
ITEM011568,ORD03686,PROD143,5,142.47,712.35
ITEM011569,ORD02045,PROD008,2,243.8,487.6
ITEM011570,ORD03794,PROD077,1,484.88,484.88
ITEM011571,ORD03430,PROD041,5,76.75,383.75
ITEM011572,ORD01033,PROD002,6,373.22,2239.32
ITEM011573,ORD00921,PROD138,6,669.96,4019.76
ITEM011574,ORD00392,PROD014,6,244.47,1466.82
ITEM011575,ORD04484,PROD088,2,129.02,258.04
ITEM011576,ORD03084,PROD086,4,108.27,433.08
ITEM011577,ORD00616,PROD055,3,360.1,1080.3
ITEM011578,ORD999999,PROD132,1,548.5,548.5
ITEM011579,ORD02724,PROD053,2,251.06,502.12
ITEM011580,ORD02383,PROD034,3,350.61,1051.83
ITEM011581,ORD03471,PROD141,0,51.73,206.92
ITEM011582,ORD02362,PROD011,5,527.54,2637.7
ITEM011583,ORD00065,PROD056,3,547.27,1641.81
ITEM011584,ORD03229,PROD050,4,399.15,1596.6
ITEM011585,ORD01746,PROD132,5,236.24,1181.2
ITEM011586,ORD03103,PROD073,1,642.05,642.05
ITEM011587,ORD03761,PROD088,1,181.88,181.88
ITEM011588,ORD00758,PROD013,3,557.49,1672.47
ITEM011589,ORD02368,PROD055,1,427.08,427.08
ITEM011590,ORD00655,PROD041,3,592.91,1778.73
ITEM011591,ORD04993,PROD146,3,644.33,1932.99
ITEM011592,ORD03624,PROD088,5,557.65,2788.25
ITEM011593,ORD02785,PROD027,4,788.19,3152.76
ITEM011594,ORD03352,PROD111,2,707.02,1414.04
ITEM011595,ORD00782,PROD131,4,118.39,473.56
ITEM011596,ORD04665,PROD073,0,651.0,1302.0
ITEM011597,ORD00882,PROD111,3,724.35,2173.05
ITEM011598,ORD01486,PROD071,4,410.97,1643.88
ITEM011599,ORD03217,PROD088,1,793.08,793.08
ITEM011600,ORD02149,PROD113,3,707.73,2123.19
ITEM011601,ORD01534,PROD048,1,530.11,530.11
ITEM011602,ORD02103,PROD044,3,210.7,632.1
ITEM011603,ORD02643,PROD142,3,98.94,296.82
ITEM011604,ORD01620,PROD123,6,728.1,4368.6
ITEM011605,ORD01619,PROD006,2,125.51,251.02
ITEM011606,ORD00714,PROD002,2,438.25,876.5
ITEM011607,ORD02209,PROD057,4,375.81,1503.24
ITEM011608,ORD01565,PROD089,4,97.07,388.28
ITEM011609,ORD01133,PROD024,3,338.95,1016.85
ITEM011610,ORD00823,PROD128,3,476.38,1429.14
ITEM011611,ORD03465,PROD024,4,324.39,1297.56
ITEM011612,ORD03111,PROD080,3,499.93,1499.79
ITEM011613,ORD01574,PROD051,2,560.16,1120.32
ITEM011614,ORD00946,PROD123,3,184.03,552.09
ITEM011615,ORD00387,PROD143,0,392.55,785.1
ITEM011616,ORD02887,PROD003,1,369.73,369.73
ITEM011617,ORD01337,PROD039,3,64.96,194.88
ITEM011618,ORD02236,PROD006,3,260.85,782.55
ITEM011619,ORD01313,PROD016,6,458.28,2749.68
ITEM011620,ORD04136,PROD130,5,638.34,3191.7
ITEM011621,ORD04661,PROD005,2,132.55,265.1
ITEM011622,ORD04873,PROD077,5,654.03,3270.15
ITEM011623,ORD01183,PROD9999,2,271.72,543.44
ITEM011624,ORD02948,PROD018,6,567.41,3404.46
ITEM011625,ORD01891,PROD061,1,138.05,138.05
ITEM011626,ORD01596,PROD026,5,383.27,1916.35
ITEM011627,ORD02377,PROD070,4,549.86,2199.44
ITEM011628,ORD00976,PROD138,1,669.13,669.13
ITEM011629,ORD02426,PROD030,3,742.68,2228.04
ITEM011630,ORD00097,PROD123,5,152.43,762.15
ITEM011631,ORD03361,PROD129,2,694.49,1388.98
ITEM011632,ORD01952,PROD126,4,146.69,586.76
ITEM011633,ORD03787,PROD114,1,574.11,574.11
ITEM011634,ORD02052,PROD050,1,674.96,674.96
ITEM011635,ORD03962,PROD112,4,363.01,1452.04
ITEM011636,ORD01936,PROD053,1,236.08,236.08
ITEM011637,ORD01790,PROD035,3,301.0,903.0
ITEM011638,ORD04882,PROD037,4,573.18,2292.72
ITEM011639,ORD04488,PROD141,1,166.6,166.6
ITEM011640,ORD02474,PROD060,2,729.22,1458.44
ITEM011641,ORD00353,PROD084,6,785.26,4711.56
ITEM011642,ORD00322,PROD015,1,428.99,428.99
ITEM011643,ORD01164,PROD136,6,68.01,408.06
ITEM011644,ORD00820,PROD137,5,132.43,662.15
ITEM011645,ORD03593,PROD046,5,318.52,1592.6
ITEM011646,ORD02917,PROD130,1,486.64,486.64
ITEM011647,ORD01123,PROD035,5,583.33,2916.65
ITEM011648,ORD03319,PROD136,4,781.66,3126.64
ITEM011649,ORD00574,PROD065,1,630.15,630.15
ITEM011650,ORD01658,PROD141,3,205.86,617.58
ITEM011651,ORD01471,PROD9999,5,677.71,3388.55
ITEM011652,ORD04216,PROD063,6,795.41,4772.46
ITEM011653,ORD04991,PROD021,4,642.48,2569.92
ITEM011654,ORD03623,PROD074,5,642.76,3213.8
ITEM011655,ORD03283,PROD042,2,564.37,1128.74
ITEM011656,ORD04241,PROD144,5,137.04,685.2
ITEM011657,ORD03354,PROD009,2,60.08,120.16
ITEM011658,ORD03853,PROD030,5,219.78,1098.9
ITEM011659,ORD01049,PROD065,6,788.17,4729.02
ITEM011660,ORD00002,PROD045,5,782.73,3913.65
ITEM011661,ORD04213,PROD149,5,72.98,364.9
ITEM011662,ORD02474,PROD041,6,540.59,3243.54
ITEM011663,ORD04315,PROD144,6,186.19,1117.14
ITEM011664,ORD01863,PROD006,3,309.16,927.48
ITEM011665,ORD02536,PROD028,1,767.14,767.14
ITEM011666,ORD03960,PROD146,3,345.06,1035.18
ITEM011667,ORD02673,PROD030,5,597.75,2988.75
ITEM011668,ORD00811,PROD111,1,68.41,68.41
ITEM011669,ORD02116,PROD105,3,755.23,2265.69
ITEM011670,ORD04734,PROD064,3,92.31,276.93
ITEM011671,ORD04140,PROD008,2,566.56,1133.12
ITEM011672,ORD00927,PROD148,4,668.76,2675.04
ITEM011673,ORD01644,PROD065,2,211.25,422.5
ITEM011674,ORD999999,PROD041,4,255.06,1020.24
ITEM011675,ORD00849,PROD9999,6,245.8,1474.8
ITEM011676,ORD00465,PROD077,4,736.24,2944.96
ITEM011677,ORD04331,PROD021,2,366.49,732.98
ITEM011678,ORD00059,PROD089,2,239.26,478.52
ITEM011679,ORD02459,PROD030,5,81.99,409.95
ITEM011680,ORD03258,PROD090,4,253.39,1013.56
ITEM011681,ORD00266,PROD006,1,343.74,343.74
ITEM011682,ORD00194,PROD101,1,97.02,97.02
ITEM011683,ORD00984,PROD013,3,279.13,837.39
ITEM011684,ORD00085,PROD114,6,659.1,3954.6
ITEM011685,ORD01452,PROD088,2,703.33,1406.66
ITEM011686,ORD00520,PROD116,1,278.95,278.95
ITEM011687,ORD02335,PROD007,6,333.82,2002.92
ITEM011688,ORD04512,PROD081,3,413.98,1241.94
ITEM011689,ORD04796,PROD039,4,246.43,985.72
ITEM011690,ORD00755,PROD018,4,550.29,2201.16
ITEM011691,ORD01178,PROD075,4,98.55,394.2
ITEM011692,ORD02026,PROD111,2,77.8,155.6
ITEM011693,ORD01021,PROD136,1,506.32,506.32
ITEM011694,ORD02027,PROD019,4,425.28,1701.12
ITEM011695,ORD02063,PROD021,5,649.62,3248.1
ITEM011696,ORD01798,PROD031,4,441.13,1764.52
ITEM011697,ORD03091,PROD043,4,466.75,1867.0
ITEM011698,ORD00679,PROD109,6,395.97,2375.82
ITEM011699,ORD04858,PROD051,3,632.66,1897.98
ITEM011700,ORD02793,PROD127,3,785.09,2355.27
ITEM011701,ORD04714,PROD9999,3,661.63,1984.89
ITEM011702,ORD00934,PROD028,2,786.01,1572.02
ITEM011703,ORD03360,PROD128,5,690.16,3450.8
ITEM011704,ORD00483,PROD080,1,203.63,203.63
ITEM011705,ORD01517,PROD108,5,106.93,534.65
ITEM011706,ORD01673,PROD001,4,503.95,2015.8
ITEM011707,ORD02012,PROD144,2,191.0,382.0
ITEM011708,ORD04568,PROD095,1,704.98,704.98
ITEM011709,ORD03891,PROD079,1,139.85,139.85
ITEM011710,ORD00252,PROD055,1,254.47,254.47
ITEM011711,ORD03571,PROD034,6,741.66,4449.96
ITEM011712,ORD00119,PROD122,3,746.21,2238.63
ITEM011713,ORD02216,PROD142,4,259.73,1038.92
ITEM011714,ORD01090,PROD122,3,216.02,648.06
ITEM011715,ORD01590,PROD083,4,201.51,806.04
ITEM011716,ORD01066,PROD030,4,626.13,2504.52
ITEM011717,ORD03448,PROD108,4,529.47,2117.88
ITEM011718,ORD02547,PROD001,4,614.25,2457.0
ITEM011719,ORD04736,PROD072,3,353.05,1059.15
ITEM011720,ORD01043,PROD063,5,492.23,2461.15
ITEM011721,ORD999999,PROD132,4,56.28,225.12
ITEM011722,ORD04295,PROD054,4,98.38,393.52
ITEM011723,ORD03182,PROD085,5,266.39,1331.95
ITEM011724,ORD03627,PROD013,5,209.72,1048.6
ITEM011725,ORD02473,PROD076,6,302.71,1816.26
ITEM011726,ORD04898,PROD131,3,780.9,2342.7
ITEM011727,ORD04084,PROD9999,6,64.37,386.22
ITEM011728,ORD03290,PROD052,3,244.65,733.95
ITEM011729,ORD01271,PROD085,4,688.04,2752.16
ITEM011730,ORD02570,PROD021,3,471.8,1415.4
ITEM011731,ORD999999,PROD003,4,393.93,1575.72
ITEM011732,ORD02313,PROD044,1,520.89,520.89
ITEM011733,ORD03988,PROD089,3,527.25,1581.75
ITEM011734,ORD04361,PROD091,4,411.16,1644.64
ITEM011735,ORD03319,PROD083,2,117.28,234.56
ITEM011736,ORD00229,PROD113,2,542.56,1085.12
ITEM011737,ORD02899,PROD044,5,718.2,3591.0
ITEM011738,ORD04885,PROD057,5,361.14,1805.7
ITEM011739,ORD02270,PROD114,2,98.74,197.48
ITEM011740,ORD03829,PROD057,5,462.2,2311.0
ITEM011741,ORD01262,PROD087,6,197.53,1185.18
ITEM011742,ORD02974,PROD119,5,773.64,3868.2
ITEM011743,ORD01217,PROD075,2,168.33,336.66
ITEM011744,ORD01060,PROD112,3,246.09,738.27
ITEM011745,ORD03579,PROD076,5,172.24,861.2
ITEM011746,ORD04993,PROD097,2,192.25,384.5
ITEM011747,ORD04454,PROD052,2,728.18,1456.36
ITEM011748,ORD04170,PROD093,6,362.41,2174.46
ITEM011749,ORD00673,PROD094,1,501.78,501.78
ITEM011750,ORD00274,PROD130,5,719.83,3599.15
ITEM011751,ORD00982,PROD125,1,430.8,430.8
ITEM011752,ORD04691,PROD019,5,614.08,3070.4
ITEM011753,ORD02412,PROD113,1,119.03,119.03
ITEM011754,ORD01472,PROD062,3,585.28,1755.84
ITEM011755,ORD999999,PROD123,2,167.69,335.38
ITEM011756,ORD04531,PROD139,6,727.78,4366.68
ITEM011757,ORD02872,PROD150,5,403.06,2015.3
ITEM011758,ORD04680,PROD145,2,794.82,1589.64
ITEM011759,ORD03881,PROD048,2,607.17,1214.34
ITEM011760,ORD02005,PROD078,4,532.97,2131.88
ITEM011761,ORD999999,PROD051,5,536.95,2684.75
ITEM011762,ORD04865,PROD9999,1,459.64,459.64
ITEM011763,ORD03292,PROD132,4,62.42,249.68
ITEM011764,ORD02679,PROD042,3,204.02,612.06
ITEM011765,ORD04786,PROD022,4,288.93,1155.72
ITEM011766,ORD02992,PROD134,2,688.31,1376.62
ITEM011767,ORD04327,PROD121,6,702.75,4216.5
ITEM011768,ORD02258,PROD073,2,274.23,548.46
ITEM011769,ORD00140,PROD122,6,89.56,537.36
ITEM011770,ORD03055,PROD077,2,768.41,1536.82
ITEM011771,ORD04832,PROD007,1,465.58,465.58
ITEM011772,ORD02649,PROD075,3,147.61,442.83
ITEM011773,ORD00104,PROD125,5,622.87,3114.35
ITEM011774,ORD00416,PROD031,1,502.34,502.34
ITEM011775,ORD01982,PROD034,3,348.14,1044.42
ITEM011776,ORD00455,PROD010,5,277.9,1389.5
ITEM011777,ORD01667,PROD036,3,145.06,435.18
ITEM011778,ORD999999,PROD139,2,195.46,390.92
ITEM011779,ORD01404,PROD120,4,790.76,3163.04
ITEM011780,ORD03153,PROD077,2,796.76,1593.52
ITEM011781,ORD04271,PROD066,5,396.29,1981.45
ITEM011782,ORD04461,PROD068,2,159.06,318.12
ITEM011783,ORD01701,PROD019,2,275.94,551.88
ITEM011784,ORD04098,PROD145,5,57.78,288.9
ITEM011785,ORD01906,PROD117,4,373.73,1494.92
ITEM011786,ORD03716,PROD045,4,218.85,875.4
ITEM011787,ORD03670,PROD024,6,462.26,2773.56
ITEM011788,ORD04878,PROD082,4,717.71,2870.84
ITEM011789,ORD01440,PROD067,3,430.15,1290.45
ITEM011790,ORD02532,PROD090,6,668.49,4010.94
ITEM011791,ORD00627,PROD129,1,768.85,768.85
ITEM011792,ORD02747,PROD056,2,239.55,479.1
ITEM011793,ORD03553,PROD031,6,773.2,4639.2
ITEM011794,ORD02607,PROD043,4,680.27,2721.08
ITEM011795,ORD03655,PROD036,1,514.66,514.66
ITEM011796,ORD03382,PROD127,1,519.87,519.87
ITEM011797,ORD03908,PROD095,6,582.04,3492.24
ITEM011798,ORD03030,PROD105,1,753.56,753.56
ITEM011799,ORD03154,PROD110,3,135.63,406.89
ITEM011800,ORD04131,PROD042,6,206.33,1237.98
ITEM011801,ORD02614,PROD082,1,239.16,239.16
ITEM011802,ORD00466,PROD127,6,664.6,3987.6
ITEM011803,ORD01241,PROD052,1,748.19,748.19
ITEM011804,ORD03934,PROD026,4,78.29,313.16
ITEM011805,ORD04864,PROD145,6,790.04,4740.24
ITEM011806,ORD02626,PROD081,4,347.11,1388.44
ITEM011807,ORD00105,PROD002,5,573.69,2868.45
ITEM011808,ORD02313,PROD139,5,728.59,3642.95
ITEM011809,ORD01263,PROD143,5,387.13,1935.65
ITEM011810,ORD01101,PROD119,4,659.96,2639.84
ITEM011811,ORD02099,PROD031,6,505.61,3033.66
ITEM011812,ORD00429,PROD048,5,483.12,2415.6
ITEM011813,ORD00796,PROD028,6,115.0,690.0
ITEM011814,ORD00940,PROD029,3,258.67,776.01
ITEM011815,ORD02419,PROD058,6,174.94,1049.64
ITEM011816,ORD01796,PROD018,3,520.09,1560.27
ITEM011817,ORD04234,PROD019,4,113.71,454.84
ITEM011818,ORD00161,PROD149,4,536.84,2147.36
ITEM011819,ORD01448,PROD005,1,103.62,103.62
ITEM011820,ORD999999,PROD075,3,189.35,568.05
ITEM011821,ORD03489,PROD114,3,662.12,1986.36
ITEM011822,ORD03169,PROD010,2,378.62,757.24
ITEM011823,ORD04110,PROD083,1,476.43,476.43
ITEM011824,ORD01520,PROD070,2,150.29,300.58
ITEM011825,ORD03058,PROD052,6,736.05,4416.3
ITEM011826,ORD02190,PROD099,1,438.82,438.82
ITEM011827,ORD04660,PROD006,4,281.03,1124.12
ITEM011828,ORD03948,PROD036,6,768.27,4609.62
ITEM011829,ORD02574,PROD010,5,70.51,352.55
ITEM011830,ORD00416,PROD078,3,759.54,2278.62
ITEM011831,ORD02523,PROD076,6,715.71,4294.26
ITEM011832,ORD02961,PROD135,4,548.22,2192.88
ITEM011833,ORD02395,PROD010,5,299.58,1497.9
ITEM011834,ORD01837,PROD057,6,699.74,4198.44
ITEM011835,ORD03852,PROD105,5,780.82,3904.1
ITEM011836,ORD03124,PROD100,4,688.28,2753.12
ITEM011837,ORD03761,PROD007,2,449.17,898.34
ITEM011838,ORD04553,PROD145,3,276.62,829.86
ITEM011839,ORD00160,PROD081,1,382.58,382.58
ITEM011840,ORD00623,PROD133,2,396.52,793.04
ITEM011841,ORD00405,PROD127,5,710.03,3550.15
ITEM011842,ORD04953,PROD023,2,60.3,120.6
ITEM011843,ORD01927,PROD140,1,592.43,592.43
ITEM011844,ORD03964,PROD017,2,206.31,412.62
ITEM011845,ORD03592,PROD098,4,395.19,1580.76
ITEM011846,ORD01778,PROD148,3,683.61,2050.83
ITEM011847,ORD04474,PROD132,2,86.02,172.04
ITEM011848,ORD00646,PROD037,3,288.52,865.56
ITEM011849,ORD03982,PROD149,2,115.73,231.46
ITEM011850,ORD03229,PROD073,5,200.87,1004.35
ITEM011851,ORD00627,PROD090,1,434.16,434.16
ITEM011852,ORD01046,PROD096,4,779.95,3119.8
ITEM011853,ORD01551,PROD009,1,781.65,781.65
ITEM011854,ORD04112,PROD006,4,355.28,1421.12
ITEM011855,ORD02313,PROD043,5,84.14,420.7
ITEM011856,ORD03568,PROD149,4,722.99,2891.96
ITEM011857,ORD00125,PROD137,3,284.15,852.45
ITEM011858,ORD03753,PROD102,4,473.45,1893.8
ITEM011859,ORD999999,PROD127,1,348.1,348.1
ITEM011860,ORD02319,PROD061,1,80.42,80.42
ITEM011861,ORD02020,PROD039,3,175.13,525.39
ITEM011862,ORD03441,PROD037,5,332.01,1660.05
ITEM011863,ORD02578,PROD057,4,440.26,1761.04
ITEM011864,ORD03184,PROD091,1,473.48,473.48
ITEM011865,ORD01168,PROD131,3,207.08,621.24
ITEM011866,ORD03196,PROD147,2,490.06,980.12
ITEM011867,ORD00191,PROD042,4,486.38,1945.52
ITEM011868,ORD02659,PROD049,4,131.93,527.72
ITEM011869,ORD01659,PROD084,4,117.82,471.28
ITEM011870,ORD02581,PROD028,2,483.43,966.86
ITEM011871,ORD03878,PROD033,5,54.79,273.95
ITEM011872,ORD04642,PROD062,1,585.99,585.99
ITEM011873,ORD01583,PROD074,3,307.45,922.35
ITEM011874,ORD00137,PROD031,1,435.83,435.83
ITEM011875,ORD01765,PROD137,2,670.41,1340.82
ITEM011876,ORD01639,PROD084,6,201.72,1210.32
ITEM011877,ORD01384,PROD034,5,767.53,3837.65
ITEM011878,ORD02582,PROD130,1,529.52,529.52
ITEM011879,ORD00583,PROD020,4,740.25,2961.0
ITEM011880,ORD02921,PROD099,1,429.71,429.71
ITEM011881,ORD02618,PROD055,2,517.17,1034.34
ITEM011882,ORD04720,PROD088,6,765.46,4592.76
ITEM011883,ORD01185,PROD008,3,685.14,2055.42
ITEM011884,ORD999999,PROD007,4,273.39,1093.56
ITEM011885,ORD00374,PROD004,2,117.18,234.36
ITEM011886,ORD00096,PROD9999,2,696.45,1392.9
ITEM011887,ORD00409,PROD078,6,176.99,1061.94
ITEM011888,ORD01197,PROD095,3,335.56,1006.68
ITEM011889,ORD02307,PROD113,3,707.65,2122.95
ITEM011890,ORD04081,PROD046,1,549.69,549.69
ITEM011891,ORD01157,PROD071,6,471.37,2828.22
ITEM011892,ORD03397,PROD008,3,402.38,1207.14
ITEM011893,ORD03125,PROD108,5,282.46,1412.3
ITEM011894,ORD00708,PROD081,1,752.57,752.57
ITEM011895,ORD04554,PROD127,4,289.86,1159.44
ITEM011896,ORD02468,PROD052,4,769.09,3076.36
ITEM011897,ORD00667,PROD014,3,206.67,620.01
ITEM011898,ORD03812,PROD127,5,585.61,2928.05
ITEM011899,ORD03325,PROD039,4,524.95,2099.8
ITEM011900,ORD02493,PROD110,3,436.39,1309.17
ITEM011901,ORD03416,PROD062,6,747.02,4482.12
ITEM011902,ORD00793,PROD134,3,449.13,1347.39
ITEM011903,ORD02038,PROD026,5,672.47,3362.35
ITEM011904,ORD02160,PROD055,1,639.65,639.65
ITEM011905,ORD04923,PROD136,2,672.56,1345.12
ITEM011906,ORD03380,PROD046,4,329.18,1316.72
ITEM011907,ORD02580,PROD033,1,184.54,184.54
ITEM011908,ORD02034,PROD091,4,245.84,983.36
ITEM011909,ORD01068,PROD109,6,549.51,3297.06
ITEM011910,ORD02316,PROD040,2,736.58,1473.16
ITEM011911,ORD00366,PROD042,5,753.76,3768.8
ITEM011912,ORD02631,PROD142,6,194.8,1168.8
ITEM011913,ORD04960,PROD117,4,189.85,759.4
ITEM011914,ORD04696,PROD136,5,454.88,2274.4
ITEM011915,ORD01080,PROD036,4,641.04,2564.16
ITEM011916,ORD00363,PROD053,5,398.22,1991.1
ITEM011917,ORD03181,PROD143,6,568.8,3412.8
ITEM011918,ORD01824,PROD012,2,230.28,460.56
ITEM011919,ORD00296,PROD038,4,236.89,947.56
ITEM011920,ORD02840,PROD046,6,775.21,4651.26
ITEM011921,ORD02575,PROD126,2,87.29,174.58
ITEM011922,ORD02388,PROD145,3,386.4,1159.2
ITEM011923,ORD04998,PROD037,3,98.31,294.93
ITEM011924,ORD02276,PROD096,1,713.43,713.43
ITEM011925,ORD02069,PROD060,1,51.65,51.65
ITEM011926,ORD04792,PROD081,2,57.29,114.58
ITEM011927,ORD01712,PROD120,4,425.52,1702.08
ITEM011928,ORD02954,PROD108,6,661.73,3970.38
ITEM011929,ORD00364,PROD063,3,605.76,1817.28
ITEM011930,ORD00286,PROD040,2,188.06,376.12
ITEM011931,ORD00751,PROD036,1,497.05,497.05
ITEM011932,ORD03109,PROD031,5,447.66,2238.3
ITEM011933,ORD03856,PROD116,5,525.2,2626.0
ITEM011934,ORD03047,PROD013,4,468.24,1872.96
ITEM011935,ORD00234,PROD053,5,255.76,1278.8
ITEM011936,ORD02857,PROD101,1,217.92,217.92
ITEM011937,ORD01948,PROD134,5,70.36,351.8
ITEM011938,ORD04053,PROD030,6,694.22,4165.32
ITEM011939,ORD01106,PROD042,6,79.51,477.06
ITEM011940,ORD999999,PROD140,3,432.39,1297.17
ITEM011941,ORD04629,PROD050,4,797.63,3190.52
ITEM011942,ORD04875,PROD124,0,791.12,791.12
ITEM011943,ORD03083,PROD104,1,80.37,80.37
ITEM011944,ORD04529,PROD068,1,208.73,208.73
ITEM011945,ORD03886,PROD091,6,577.34,3464.04
ITEM011946,ORD01208,PROD123,6,674.43,4046.58
ITEM011947,ORD02736,PROD053,6,774.62,4647.72
ITEM011948,ORD00681,PROD102,4,752.9,3011.6
ITEM011949,ORD01914,PROD110,2,85.11,170.22
ITEM011950,ORD01822,PROD110,5,225.71,1128.55
ITEM011951,ORD00941,PROD073,1,755.84,755.84
ITEM011952,ORD04959,PROD084,5,430.99,2154.95
ITEM011953,ORD04831,PROD145,3,447.03,1341.09
ITEM011954,ORD00102,PROD004,6,461.4,2768.4
ITEM011955,ORD00549,PROD057,1,605.42,605.42
ITEM011956,ORD01887,PROD128,4,529.75,2119.0
ITEM011957,ORD03042,PROD010,1,371.05,371.05
ITEM011958,ORD03194,PROD141,4,96.25,385.0
ITEM011959,ORD00092,PROD064,5,390.36,1951.8
ITEM011960,ORD03949,PROD075,1,237.7,237.7
ITEM011961,ORD03514,PROD031,5,597.24,2986.2
ITEM011962,ORD01926,PROD063,4,552.69,2210.76
ITEM011963,ORD03711,PROD020,3,537.56,1612.68
ITEM011964,ORD01275,PROD080,6,51.48,308.88
ITEM011965,ORD02479,PROD074,3,145.62,436.86
ITEM011966,ORD02140,PROD025,5,167.92,839.6
ITEM011967,ORD02201,PROD124,6,406.04,2436.24
ITEM011968,ORD00062,PROD120,3,749.02,2247.06
ITEM011969,ORD03452,PROD038,4,450.13,1800.52
ITEM011970,ORD00579,PROD042,5,718.76,3593.8
ITEM011971,ORD04631,PROD054,0,607.05,607.05
ITEM011972,ORD02183,PROD070,3,306.13,918.39
ITEM011973,ORD02284,PROD079,2,492.8,985.6
ITEM011974,ORD02756,PROD018,4,638.01,2552.04
ITEM011975,ORD02961,PROD026,6,149.08,894.48
ITEM011976,ORD04675,PROD140,5,279.83,1399.15
ITEM011977,ORD00918,PROD026,5,708.29,3541.45
ITEM011978,ORD00243,PROD019,3,764.21,2292.63
ITEM011979,ORD03853,PROD051,2,169.08,338.16
ITEM011980,ORD04067,PROD071,4,171.81,687.24
ITEM011981,ORD00433,PROD026,4,556.04,2224.16
ITEM011982,ORD02681,PROD051,5,627.42,3137.1
ITEM011983,ORD01432,PROD018,1,231.12,231.12
ITEM011984,ORD02000,PROD150,6,725.65,4353.9
ITEM011985,ORD04225,PROD132,2,404.93,809.86
ITEM011986,ORD01614,PROD142,1,505.58,505.58
ITEM011987,ORD02481,PROD043,1,325.16,325.16
ITEM011988,ORD02303,PROD110,1,104.74,104.74
ITEM011989,ORD03738,PROD098,3,575.53,1726.59
ITEM011990,ORD01861,PROD9999,1,166.82,166.82
ITEM011991,ORD00883,PROD050,2,427.49,854.98
ITEM011992,ORD999999,PROD064,3,379.3,1137.9
ITEM011993,ORD03281,PROD123,1,623.26,623.26
ITEM011994,ORD00305,PROD056,1,283.74,283.74
ITEM011995,ORD999999,PROD050,3,507.27,1521.81
ITEM011996,ORD00988,PROD149,6,669.33,4015.98
ITEM011997,ORD01370,PROD010,5,727.21,3636.05
ITEM011998,ORD02041,PROD005,4,565.18,2260.72
ITEM011999,ORD00805,PROD004,4,684.15,2736.6
ITEM012000,ORD00419,PROD096,6,131.13,786.78
