order_id,customer_id,order_timestamp,total_amount,status
ORD00001,CUST0317,2025-01-05 11:48:00,1055.53,Preparing
ORD00002,CUST0365,2026-05-14 04:44:00,895.16,Cancelled
ORD00003,CUST0154,2025-01-13 18:50:00,1507.26,Placed
ORD00004,CUST0475,2025-02-10 20:05:00,655.77,Preparing
ORD00005,CUST0788,2026-01-03 05:32:00,1848.93,Cancelled
ORD00006,CUST0805,2025-03-09 10:18:00,2154.29,Delivered
ORD00007,CUST0700,2025-07-18 07:13:00,1556.5,Preparing
ORD00008,CUST0100,2026-02-17 00:09:00,842.9,Placed
ORD00009,CUST0174,2026-04-24 09:10:00,1483.63,Out For Delivery
ORD00010,CUST0791,2025-08-24 08:30:00,1931.55,Delivered
ORD00011,CUST0127,2026-05-13 18:31:00,2161.61,Delivered
ORD00012,CUST0697,2025-03-08 14:23:00,1599.12,Out For Delivery
ORD00013,CUST0519,2025-08-19 08:56:00,1738.13,Cancelled
ORD00014,CUST0810,2025-05-06 22:52:00,470.95,Placed
ORD00015,CUST0409,2026-03-14 02:14:00,1209.47,Placed
ORD00016,CUST0548,2026-04-06 14:06:00,1856.27,Delivered
ORD00017,CUST0337,2025-02-03 10:21:00,1267.11,Delivered
ORD00018,CUST0559,2025-03-21 15:09:00,868.45,Placed
ORD00019,CUST0064,2026-04-25 11:50:00,1236.18,Placed
ORD00021,CUST0084,2025-06-02 22:28:00,1359.47,Out For Delivery
ORD00022,CUST0917,2026-04-07 13:21:00,812.57,Preparing
ORD00023,CUST0487,2025-10-02 22:50:00,1772.06,Out For Delivery
ORD00024,CUST0843,2025-01-06 17:50:00,576.54,Cancelled
ORD00025,CUST0844,2026-04-26 23:47:00,1859.5,Placed
ORD00026,CUST0152,2025-09-13 10:07:00,1717.47,Out For Delivery
ORD00028,CUST0193,2025-08-04 22:34:00,1542.26,Preparing
ORD00029,CUST0996,2025-12-14 18:00:00,973.11,Out For Delivery
ORD00030,CUST0889,2025-03-05 22:31:00,1194.39,Delivered
ORD00031,CUST0437,2025-09-25 10:07:00,1201.18,Out For Delivery
ORD00032,CUST0556,2025-08-12 12:18:00,1752.52,Delivered
ORD00033,CUST0961,2026-04-19 03:05:00,349.15,Placed
ORD00034,CUST0509,2026-01-19 19:59:00,1620.46,Cancelled
ORD00035,CUST0297,2026-03-13 13:13:00,1191.11,Delivered
ORD00036,CUST0974,2025-03-05 11:50:00,1284.9,Delivered
ORD00037,CUST0230,2025-09-17 09:17:00,734.8,Delivered
ORD00039,CUST0760,2025-11-04 10:21:00,1473.25,Delivered
ORD00040,CUST0198,2025-11-12 20:25:00,2023.2,Cancelled
ORD00041,CUST0400,2026-05-16 23:11:00,863.5,Preparing
ORD00042,CUST0821,2025-03-06 16:07:00,1982.28,Out For Delivery
ORD00043,CUST0331,2025-04-15 02:05:00,127.69,Cancelled
ORD00044,CUST0557,2026-04-17 02:36:00,1881.62,Preparing
ORD00045,CUST0797,2025-07-03 05:15:00,632.21,Preparing
ORD00046,CUST0799,2026-02-18 12:49:00,224.2,Placed
ORD00047,CUST0654,2025-10-24 03:07:00,1530.15,Placed
ORD00048,CUST0185,2025-02-17 02:31:00,2290.53,Preparing
ORD00049,CUST0023,2025-07-31 02:31:00,283.15,Delivered
ORD00050,CUST0931,2025-08-19 05:11:00,2268.73,Cancelled
ORD00051,CUST0121,2026-05-15 10:22:00,1284.9,Cancelled
ORD00052,CUST0261,2026-04-20 03:12:00,1386.29,Cancelled
ORD00053,CUST0888,2025-07-06 03:57:00,886.1,Preparing
ORD00054,CUST0130,2025-05-18 08:30:00,320.73,Cancelled
ORD00055,CUST0829,2025-09-11 13:32:00,2313.64,Out For Delivery
ORD00056,CUST0909,2026-01-03 08:25:00,2003.57,Cancelled
ORD00057,CUST0977,2026-01-05 15:27:00,1116.97,Out For Delivery
ORD00058,CUST0622,2025-07-16 13:12:00,997.51,Placed
ORD00059,CUST0982,2025-09-19 08:37:00,1549.32,Cancelled
ORD00062,CUST0330,2026-04-06 07:35:00,780.67,Preparing
ORD00063,CUST0285,2026-01-02 19:56:00,1711.23,Cancelled
ORD00064,CUST0775,2025-08-11 10:52:00,573.1,Delivered
ORD00065,CUST0432,2025-03-03 03:28:00,884.5,Delivered
ORD00067,CUST0413,2025-01-19 17:58:00,909.74,Placed
ORD00068,CUST0822,2025-08-01 23:19:00,1908.86,Delivered
ORD00069,CUST0506,2025-11-10 01:25:00,2461.52,Delivered
ORD00070,CUST0125,2026-03-08 11:39:00,637.63,Placed
ORD00071,CUST0883,2025-12-19 23:27:00,311.24,Out For Delivery
ORD00072,CUST0006,2026-04-24 22:55:00,2219.97,Placed
ORD00073,CUST0077,2025-05-16 10:44:00,2049.97,Out For Delivery
ORD00074,CUST0598,2025-08-24 03:08:00,455.2,Cancelled
ORD00075,CUST0424,2025-11-23 14:42:00,1366.21,Cancelled
ORD00076,CUST0288,2025-06-14 23:30:00,733.15,Out For Delivery
ORD00077,CUST0856,2026-03-23 07:42:00,2154.07,Placed
ORD00078,CUST0218,2025-01-07 21:13:00,1024.14,Delivered
ORD00079,CUST0605,2026-01-25 16:32:00,1925.17,Out For Delivery
ORD00080,CUST0869,2025-09-16 03:58:00,2300.07,Delivered
ORD00081,CUST0526,2025-04-14 12:12:00,1115.43,Out For Delivery
ORD00082,CUST0105,2025-03-17 14:56:00,364.48,Placed
ORD00083,CUST0030,2025-09-01 21:33:00,737.39,Cancelled
ORD00084,CUST0155,2025-07-23 16:27:00,227.58,Out For Delivery
ORD00085,CUST0392,2026-01-10 13:12:00,1066.46,Cancelled
ORD00086,CUST0532,2025-08-10 03:43:00,697.47,Placed
ORD00087,CUST0037,2025-10-22 08:15:00,342.48,Preparing
ORD00088,CUST0415,2025-07-20 12:06:00,2077.76,Out For Delivery
ORD00089,CUST0209,2025-06-27 20:18:00,791.15,Placed
ORD00090,CUST0718,2025-11-15 15:47:00,2276.0,Preparing
ORD00091,CUST0171,2025-04-06 10:57:00,2409.38,Delivered
ORD00093,CUST0598,2025-01-01 15:55:00,362.53,Placed
ORD00094,CUST0856,2025-04-27 16:32:00,451.8,Placed
ORD00095,CUST0344,2025-08-20 15:47:00,1409.72,Delivered
ORD00096,CUST0848,2025-06-30 09:45:00,1342.79,Cancelled
ORD00097,CUST0532,2026-01-08 20:01:00,1084.77,Preparing
ORD00098,CUST0510,2025-01-16 07:36:00,2435.9,Out For Delivery
ORD00099,CUST0943,2026-05-04 12:40:00,757.42,Cancelled
ORD00100,CUST0982,2026-03-25 16:11:00,1729.76,Out For Delivery
ORD00101,CUST0283,2025-06-08 06:02:00,1784.41,Cancelled
ORD00102,CUST0581,2026-05-11 11:18:00,120.0,Preparing
ORD00103,CUST0990,2025-05-29 19:35:00,828.75,Out For Delivery
ORD00104,CUST0465,2025-01-21 06:18:00,396.25,Delivered
ORD00105,CUST0677,2026-03-04 00:03:00,940.52,Out For Delivery
ORD00106,CUST0982,2026-01-29 17:09:00,1811.67,Preparing
ORD00107,CUST0600,2026-04-16 02:18:00,1235.63,Out For Delivery
ORD00108,CUST0396,2025-08-05 12:57:00,727.03,Out For Delivery
ORD00109,CUST0447,2025-12-14 10:51:00,1739.97,Preparing
ORD00110,CUST0205,2025-06-04 09:05:00,2325.08,Delivered
ORD00111,CUST0897,2026-03-03 13:06:00,1160.56,Out For Delivery
ORD00112,CUST0367,2025-08-28 11:27:00,1284.9,Delivered
ORD00113,CUST0981,2026-01-28 13:05:00,1576.5,Out For Delivery
ORD00114,CUST0383,2025-03-07 19:34:00,2206.73,Placed
ORD00115,CUST0413,2025-12-10 00:29:00,2199.79,Delivered
ORD00116,CUST0277,2026-03-01 20:06:00,333.76,Out For Delivery
ORD00117,CUST0886,2025-02-01 03:47:00,1325.97,Placed
ORD00118,CUST0576,2026-01-15 15:08:00,1721.63,Preparing
ORD00119,CUST0960,2025-01-04 15:39:00,375.3,Placed
ORD00120,CUST0533,2025-02-19 07:13:00,159.18,Cancelled
ORD00121,CUST0125,2025-06-03 12:30:00,2068.65,Cancelled
ORD00122,CUST0450,2026-03-16 21:39:00,450.99,Placed
ORD00123,CUST0674,2025-05-04 05:32:00,1412.03,Delivered
ORD00124,CUST0103,2026-05-07 18:31:00,760.44,Delivered
ORD00125,CUST0427,2026-02-21 13:09:00,1197.0,Cancelled
ORD00126,CUST0035,2025-11-27 20:57:00,1166.75,Out For Delivery
ORD00127,CUST0741,2025-08-23 08:00:00,958.59,Cancelled
ORD00128,CUST0538,2025-07-19 16:04:00,463.37,Cancelled
ORD00129,CUST0806,2025-03-13 08:50:00,827.03,Delivered
ORD00130,CUST0496,2025-07-12 15:38:00,1482.49,Cancelled
ORD00131,CUST0133,2025-12-24 10:37:00,935.43,Cancelled
ORD00132,CUST0031,2026-03-13 23:10:00,1696.63,Delivered
ORD00133,CUST0779,2025-04-29 23:50:00,2259.51,Preparing
ORD00134,CUST0997,2025-08-04 02:03:00,374.74,Placed
ORD00135,CUST0647,2026-03-07 00:59:00,358.39,Delivered
ORD00136,CUST0588,2025-10-12 06:12:00,1150.04,Out For Delivery
ORD00137,CUST0445,2026-02-21 16:51:00,306.44,Placed
ORD00139,CUST0190,2025-12-16 23:58:00,1367.57,Preparing
ORD00140,CUST0486,2025-09-14 11:22:00,1440.87,Preparing
ORD00141,CUST0641,2025-07-12 02:36:00,1977.73,Out For Delivery
ORD00142,CUST0053,2025-11-04 17:21:00,2071.19,Out For Delivery
ORD00143,CUST0721,2025-07-03 02:55:00,2423.48,Placed
ORD00144,CUST0531,2026-04-23 19:32:00,1584.75,Cancelled
ORD00145,CUST0483,2026-04-25 08:41:00,911.31,Out For Delivery
ORD00146,CUST0061,2025-03-13 06:35:00,891.06,Placed
ORD00147,CUST0971,2025-10-16 19:44:00,2037.97,Out For Delivery
ORD00148,CUST0613,2026-01-14 19:59:00,1423.42,Preparing
ORD00149,CUST0037,2025-09-12 16:14:00,1135.64,Out For Delivery
ORD00150,CUST0234,2025-01-11 01:01:00,2047.27,Cancelled
ORD00151,CUST0701,2026-01-13 00:35:00,1029.1,Delivered
ORD00152,CUST0438,2025-10-09 04:07:00,2253.15,Out For Delivery
ORD00153,CUST0941,2025-01-30 07:14:00,124.12,Delivered
ORD00154,CUST0813,2025-10-02 18:02:00,135.76,Preparing
ORD00155,CUST0130,2025-08-13 05:18:00,939.2,Preparing
ORD00156,CUST0408,2025-09-03 21:07:00,283.31,Cancelled
ORD00157,CUST0833,2025-07-02 07:28:00,2359.42,Cancelled
ORD00158,CUST0540,2026-04-03 08:20:00,1308.27,Placed
ORD00159,CUST0974,2025-11-15 15:17:00,2288.92,Cancelled
ORD00160,CUST0216,2025-03-04 11:46:00,440.71,Preparing
ORD00161,CUST0465,2026-05-03 03:01:00,181.01,Out For Delivery
ORD00162,CUST0989,2025-02-13 01:17:00,1021.45,Placed
ORD00163,CUST0046,2025-04-25 06:24:00,1134.6,Placed
ORD00164,CUST0782,2025-06-28 00:58:00,2243.61,Out For Delivery
ORD00165,CUST0776,2025-01-15 10:46:00,1141.78,Delivered
ORD00166,CUST0771,2025-01-30 03:35:00,1831.11,Out For Delivery
ORD00167,CUST0475,2025-08-06 18:46:00,1345.39,Preparing
ORD00168,CUST0947,2025-05-02 04:58:00,2019.01,Out For Delivery
ORD00169,CUST0556,2025-06-01 10:36:00,1577.31,Out For Delivery
ORD00170,CUST0669,2026-02-19 19:00:00,1464.26,Out For Delivery
ORD00172,CUST0224,2025-07-29 01:37:00,763.47,Cancelled
ORD00173,CUST0452,2025-04-03 08:49:00,722.9,Delivered
ORD00174,CUST0151,2026-03-23 19:41:00,374.67,Placed
ORD00175,CUST0451,2025-10-24 10:02:00,647.09,Out For Delivery
ORD00177,CUST0116,2025-09-19 02:15:00,1468.88,Delivered
ORD00178,CUST0290,2025-03-15 00:20:00,964.69,Delivered
ORD00179,CUST0966,2026-05-14 09:39:00,983.92,Out For Delivery
ORD00180,CUST0027,2025-02-24 19:13:00,1325.91,Cancelled
ORD00181,CUST0963,2025-04-21 12:53:00,1676.94,Preparing
ORD00182,CUST0081,2026-05-05 02:59:00,1456.97,Cancelled
ORD00183,CUST0552,2026-01-11 03:54:00,2015.69,Cancelled
ORD00184,CUST0452,2025-06-12 08:12:00,803.36,Preparing
ORD00185,CUST0371,2025-04-29 14:20:00,377.0,Preparing
ORD00186,CUST0420,2025-07-05 02:22:00,283.47,Out For Delivery
ORD00187,CUST0460,2026-02-07 13:14:00,2084.28,Preparing
ORD00188,CUST0932,2025-07-28 21:37:00,1553.31,Out For Delivery
ORD00189,CUST0419,2025-08-04 16:09:00,1618.31,Preparing
ORD00190,CUST0016,2025-03-27 03:26:00,1430.99,Delivered
ORD00191,CUST0035,2026-03-03 13:01:00,2475.84,Preparing
ORD00192,CUST0398,2026-04-08 13:22:00,1772.63,Preparing
ORD00193,CUST0919,2026-02-27 10:37:00,358.65,Placed
ORD00194,CUST0973,2025-08-18 13:40:00,2103.53,Out For Delivery
ORD00195,CUST0752,2025-04-04 23:49:00,2068.25,Cancelled
ORD00196,CUST0608,2025-10-31 11:43:00,1010.5,Delivered
ORD00197,CUST0287,2026-04-29 03:14:00,918.68,Cancelled
ORD00198,CUST0521,2026-03-09 13:18:00,864.59,Preparing
ORD00199,CUST0968,2026-01-12 23:13:00,767.81,Cancelled
ORD00200,CUST0170,2025-03-02 09:17:00,636.72,Preparing
ORD00201,CUST0621,2026-01-21 03:59:00,768.71,Placed
ORD00202,CUST0773,2025-03-28 00:38:00,2403.66,Cancelled
ORD00203,CUST0501,2026-03-03 00:23:00,2360.33,Cancelled
ORD00204,CUST0130,2026-03-02 14:18:00,1819.0,Placed
ORD00205,CUST0270,2025-02-14 04:17:00,379.51,Out For Delivery
ORD00206,CUST0228,2026-01-08 02:20:00,904.81,Delivered
ORD00207,CUST0796,2025-02-07 22:44:00,2319.35,Delivered
ORD00208,CUST0534,2025-06-12 06:53:00,2110.32,Placed
ORD00209,CUST0252,2025-03-12 18:24:00,628.5,Preparing
ORD00210,CUST0834,2025-04-06 23:31:00,576.58,Placed
ORD00211,CUST0768,2025-04-20 00:27:00,1438.57,Preparing
ORD00212,CUST0705,2025-05-15 19:24:00,663.32,Out For Delivery
ORD00213,CUST0185,2026-03-26 09:53:00,801.08,Delivered
ORD00214,CUST0613,2025-07-02 17:30:00,625.43,Out For Delivery
ORD00215,CUST0254,2025-12-06 13:07:00,2395.16,Placed
ORD00216,CUST0132,2026-02-01 15:53:00,1274.02,Delivered
ORD00218,CUST0692,2025-06-12 13:25:00,1120.48,Out For Delivery
ORD00219,CUST0746,2025-04-23 10:40:00,840.43,Delivered
ORD00220,CUST0549,2025-04-16 20:07:00,1571.93,Out For Delivery
ORD00221,CUST0974,2026-01-05 00:51:00,1973.04,Out For Delivery
ORD00222,CUST0567,2025-02-02 20:03:00,969.03,Preparing
ORD00223,CUST0406,2026-03-17 22:14:00,487.37,Out For Delivery
ORD00224,CUST0751,2025-05-08 00:02:00,1912.29,Cancelled
ORD00225,CUST0497,2025-01-22 05:18:00,1284.9,Preparing
ORD00226,CUST0833,2026-02-06 12:41:00,2063.91,Out For Delivery
ORD00227,CUST0517,2026-01-05 22:48:00,148.37,Cancelled
ORD00228,CUST0754,2025-10-29 12:12:00,2162.33,Out For Delivery
ORD00229,CUST0310,2025-05-21 14:12:00,2426.23,Cancelled
ORD00230,CUST0096,2025-04-24 13:35:00,782.62,Cancelled
ORD00231,CUST0509,2026-01-08 12:23:00,1814.99,Delivered
ORD00232,CUST0407,2026-01-30 07:28:00,1451.57,Out For Delivery
ORD00233,CUST1000,2025-02-12 03:35:00,2175.59,Delivered
ORD00234,CUST0413,2025-11-12 15:33:00,1459.93,Preparing
ORD00235,CUST0422,2025-06-09 23:21:00,187.62,Cancelled
ORD00236,CUST0275,2025-12-20 06:48:00,1272.94,Delivered
ORD00237,CUST0330,2025-08-25 22:30:00,2160.77,Placed
ORD00238,CUST0080,2025-07-12 04:48:00,1347.85,Placed
ORD00239,CUST0996,2025-02-28 01:56:00,509.73,Cancelled
ORD00240,CUST0561,2025-08-03 12:00:00,1145.15,Out For Delivery
ORD00241,CUST0278,2025-09-25 10:39:00,1453.14,Preparing
ORD00242,CUST0210,2026-02-16 19:45:00,1550.84,Delivered
ORD00243,CUST0950,2026-01-18 23:54:00,1284.9,Delivered
ORD00244,CUST0154,2025-08-29 02:00:00,550.42,Placed
ORD00245,CUST0063,2025-11-16 14:38:00,941.09,Cancelled
ORD00246,CUST0015,2026-04-21 06:17:00,2287.63,Delivered
ORD00247,CUST0640,2026-01-28 12:59:00,1398.44,Preparing
ORD00248,CUST0749,2025-04-21 08:11:00,345.57,Cancelled
ORD00249,CUST0339,2025-10-22 18:38:00,2037.52,Cancelled
ORD00250,CUST0173,2025-01-02 07:13:00,2028.05,Preparing
ORD00251,CUST0001,2025-06-15 02:57:00,428.74,Delivered
ORD00252,CUST0310,2025-09-14 03:15:00,1005.54,Delivered
ORD00253,CUST0859,2025-09-25 10:33:00,1552.91,Preparing
ORD00254,CUST0854,2025-05-23 22:09:00,1445.17,Delivered
ORD00255,CUST0124,2025-10-13 13:41:00,160.71,Out For Delivery
ORD00256,CUST0355,2026-01-08 13:13:00,2203.11,Preparing
ORD00257,CUST0766,2025-01-06 06:28:00,567.73,Cancelled
ORD00258,CUST0378,2026-04-14 08:32:00,1556.26,Placed
ORD00259,CUST0408,2025-01-23 22:45:00,1600.65,Cancelled
ORD00260,CUST0950,2025-08-30 19:40:00,517.05,Cancelled
ORD00261,CUST0030,2025-11-10 22:09:00,524.58,Preparing
ORD00262,CUST0123,2025-01-29 14:40:00,854.17,Cancelled
ORD00263,CUST0671,2025-11-11 23:01:00,1712.78,Out For Delivery
ORD00264,CUST0601,2026-01-05 11:33:00,1694.79,Delivered
ORD00265,CUST0067,2025-04-09 16:09:00,301.52,Delivered
ORD00266,CUST0706,2025-09-16 13:11:00,2121.1,Placed
ORD00267,CUST0121,2025-06-24 14:36:00,306.63,Delivered
ORD00268,CUST0187,2026-01-09 02:11:00,1603.9,Placed
ORD00269,CUST0223,2025-11-23 11:29:00,1838.26,Preparing
ORD00270,CUST0966,2026-04-07 06:47:00,418.56,Placed
ORD00271,CUST0286,2025-03-13 18:20:00,2104.66,Out For Delivery
ORD00272,CUST0303,2025-05-13 22:28:00,1275.73,Cancelled
ORD00273,CUST0536,2025-08-19 20:43:00,188.15,Cancelled
ORD00274,CUST0216,2025-12-26 13:22:00,1736.84,Out For Delivery
ORD00275,CUST0516,2025-10-10 23:50:00,1331.85,Preparing
ORD00276,CUST0033,2026-04-18 03:33:00,547.42,Preparing
ORD00277,CUST0578,2025-07-13 21:37:00,873.69,Placed
ORD00278,CUST0009,2025-03-23 13:30:00,1654.92,Placed
ORD00279,CUST0167,2025-08-28 17:11:00,1153.62,Cancelled
ORD00280,CUST0446,2026-01-10 12:30:00,706.18,Out For Delivery
ORD00281,CUST0411,2025-06-03 01:59:00,1931.62,Cancelled
ORD00282,CUST0276,2026-05-04 18:25:00,493.66,Preparing
ORD00283,CUST0989,2025-12-24 16:12:00,1463.17,Preparing
ORD00284,CUST0983,2025-01-28 02:19:00,439.51,Out For Delivery
ORD00285,CUST0001,2025-12-04 04:12:00,823.08,Placed
ORD00286,CUST0448,2025-02-16 23:15:00,1284.9,Out For Delivery
ORD00287,CUST0103,2025-08-30 17:43:00,609.98,Delivered
ORD00288,CUST0724,2025-05-05 03:24:00,1931.31,Preparing
ORD00289,CUST0290,2026-02-24 21:46:00,1532.65,Cancelled
ORD00290,CUST0759,2026-05-12 18:01:00,1560.45,Preparing
ORD00291,CUST0843,2025-01-01 19:38:00,2295.01,Preparing
ORD00292,CUST0217,2025-06-04 13:05:00,1669.71,Delivered
ORD00293,CUST0692,2026-02-25 15:02:00,2392.04,Preparing
ORD00294,CUST0855,2025-02-24 14:51:00,1746.56,Placed
ORD00295,CUST0827,2025-01-07 05:20:00,1284.9,Delivered
ORD00296,CUST0687,2025-07-25 13:49:00,1119.95,Placed
ORD00297,CUST0462,2025-09-15 11:49:00,904.15,Cancelled
ORD00298,CUST0184,2025-08-06 17:48:00,1284.9,Preparing
ORD00299,CUST0725,2025-10-30 08:12:00,1574.85,Delivered
ORD00300,CUST0041,2025-03-04 15:29:00,2234.0,Out For Delivery
ORD00301,CUST0304,2026-01-28 00:34:00,1284.9,Delivered
ORD00302,CUST0652,2025-01-19 19:07:00,187.87,Delivered
ORD00303,CUST0097,2025-03-06 23:09:00,1134.64,Out For Delivery
ORD00304,CUST0633,2025-05-05 23:52:00,1200.21,Placed
ORD00305,CUST0624,2026-05-16 23:40:00,342.69,Cancelled
ORD00306,CUST0950,2025-11-23 23:19:00,153.72,Out For Delivery
ORD00307,CUST0082,2026-03-05 13:07:00,1470.15,Out For Delivery
ORD00308,CUST0813,2025-05-05 22:51:00,1476.01,Preparing
ORD00309,CUST0765,2025-12-19 05:17:00,209.78,Delivered
ORD00310,CUST0280,2025-01-03 13:13:00,1094.38,Preparing
ORD00311,CUST0810,2026-05-15 20:20:00,639.58,Out For Delivery
ORD00312,CUST0746,2025-12-31 19:52:00,1109.84,Cancelled
ORD00313,CUST0953,2025-10-13 00:21:00,931.28,Delivered
ORD00314,CUST0511,2025-04-18 17:44:00,1284.9,Delivered
ORD00315,CUST0991,2025-02-10 20:31:00,928.72,Preparing
ORD00316,CUST0312,2025-05-30 10:28:00,170.95,Cancelled
ORD00317,CUST0579,2025-08-09 13:48:00,2436.06,Cancelled
ORD00318,CUST0385,2026-04-17 17:08:00,2377.17,Placed
ORD00319,CUST0114,2025-10-20 09:11:00,1940.5,Delivered
ORD00320,CUST0223,2025-08-03 19:17:00,971.62,Placed
ORD00321,CUST0649,2026-01-26 20:20:00,1378.02,Preparing
ORD00322,CUST0476,2025-05-27 14:10:00,1284.9,Out For Delivery
ORD00323,CUST0782,2025-08-26 20:11:00,335.98,Cancelled
ORD00324,CUST0421,2025-04-07 20:01:00,432.57,Cancelled
ORD00325,CUST0585,2026-01-10 13:01:00,699.86,Cancelled
ORD00326,CUST0975,2025-07-09 00:47:00,1995.71,Delivered
ORD00327,CUST0871,2026-04-13 05:29:00,2199.16,Preparing
ORD00328,CUST0205,2025-06-15 04:18:00,174.14,Cancelled
ORD00329,CUST0618,2025-08-16 07:50:00,1207.37,Placed
ORD00330,CUST0894,2026-04-17 05:15:00,2409.94,Placed
ORD00331,CUST0417,2026-03-20 16:30:00,268.88,Delivered
ORD00332,CUST0551,2025-03-03 22:49:00,2474.1,Placed
ORD00333,CUST0062,2025-05-30 12:53:00,1945.03,Out For Delivery
ORD00334,CUST0645,2025-11-29 14:27:00,348.7,Out For Delivery
ORD00335,CUST0811,2025-02-27 23:10:00,1675.69,Preparing
ORD00336,CUST0216,2025-05-16 03:21:00,277.77,Delivered
ORD00337,CUST0351,2025-06-01 22:28:00,1180.9,Out For Delivery
ORD00338,CUST0780,2025-03-13 04:33:00,630.45,Out For Delivery
ORD00339,CUST0315,2026-04-29 22:10:00,831.38,Delivered
ORD00340,CUST0825,2025-12-22 04:09:00,2161.95,Out For Delivery
ORD00342,CUST0530,2025-07-27 15:39:00,2433.77,Preparing
ORD00343,CUST0536,2025-07-11 12:55:00,1656.1,Cancelled
ORD00344,CUST0389,2025-01-08 21:04:00,842.34,Preparing
ORD00345,CUST0747,2026-02-09 03:41:00,1297.1,Cancelled
ORD00346,CUST0861,2026-01-18 16:57:00,586.07,Placed
ORD00347,CUST0338,2025-09-17 02:17:00,1383.41,Cancelled
ORD00348,CUST0058,2025-08-17 18:33:00,714.57,Preparing
ORD00349,CUST0251,2025-04-27 22:45:00,196.56,Cancelled
ORD00350,CUST0761,2025-04-08 23:53:00,2274.74,Preparing
ORD00351,CUST0234,2025-05-05 18:48:00,1214.25,Cancelled
ORD00352,CUST0809,2025-11-21 02:12:00,1160.56,Delivered
ORD00353,CUST0221,2025-11-03 15:19:00,1496.11,Placed
ORD00354,CUST0659,2025-04-10 18:51:00,1913.3,Placed
ORD00355,CUST0278,2025-09-10 20:11:00,1259.87,Out For Delivery
ORD00356,CUST0889,2025-09-30 07:21:00,1447.03,Out For Delivery
ORD00358,CUST0068,2026-01-25 13:43:00,2320.71,Delivered
ORD00359,CUST0843,2025-04-04 06:49:00,656.33,Out For Delivery
ORD00360,CUST0544,2025-08-30 03:43:00,1562.86,Cancelled
ORD00361,CUST0197,2026-01-28 12:50:00,479.06,Preparing
ORD00362,CUST0486,2025-12-01 19:50:00,1843.52,Preparing
ORD00363,CUST0877,2026-03-04 09:23:00,900.93,Out For Delivery
ORD00364,CUST0316,2025-08-06 18:25:00,113.61,Delivered
ORD00365,CUST0662,2026-02-17 04:29:00,146.75,Preparing
ORD00366,CUST0302,2026-03-03 11:01:00,1998.21,Out For Delivery
ORD00367,CUST0817,2025-04-21 19:32:00,757.51,Placed
ORD00368,CUST0492,2026-04-28 23:37:00,2430.72,Placed
ORD00369,CUST0983,2026-04-11 22:31:00,2468.63,Cancelled
ORD00370,CUST0655,2025-06-25 08:34:00,2316.65,Placed
ORD00371,CUST0076,2025-06-16 23:26:00,2197.48,Cancelled
ORD00372,CUST0091,2025-08-13 07:20:00,1930.69,Out For Delivery
ORD00373,CUST0707,2025-01-12 04:49:00,2189.74,Out For Delivery
ORD00374,CUST0792,2025-08-17 23:56:00,871.04,Preparing
ORD00375,CUST0694,2026-05-13 22:16:00,1894.36,Placed
ORD00376,CUST0438,2025-07-22 15:51:00,1368.15,Cancelled
ORD00377,CUST0033,2026-05-07 16:55:00,1996.33,Delivered
ORD00378,CUST0069,2026-01-12 02:36:00,1439.9,Placed
ORD00379,CUST0867,2026-03-12 02:36:00,1564.08,Preparing
ORD00380,CUST0442,2026-02-23 08:29:00,2213.3,Preparing
ORD00381,CUST0664,2025-10-22 10:29:00,1762.21,Delivered
ORD00382,CUST0301,2025-01-04 19:53:00,120.49,Out For Delivery
ORD00383,CUST0229,2025-10-27 21:49:00,1198.61,Preparing
ORD00384,CUST0364,2026-04-03 22:55:00,553.23,Preparing
ORD00385,CUST0027,2025-10-01 19:54:00,405.58,Out For Delivery
ORD00386,CUST0323,2026-04-21 07:42:00,827.03,Delivered
ORD00387,CUST0942,2025-04-22 11:01:00,2257.31,Delivered
ORD00388,CUST0027,2025-08-16 23:54:00,1013.0,Delivered
ORD00389,CUST0790,2025-07-14 18:52:00,2426.19,Cancelled
ORD00390,CUST0125,2025-03-25 06:07:00,1877.54,Out For Delivery
ORD00391,CUST0196,2025-04-18 02:51:00,1247.15,Cancelled
ORD00392,CUST0008,2025-07-14 13:25:00,340.16,Out For Delivery
ORD00393,CUST0445,2026-04-30 20:19:00,1782.91,Delivered
ORD00395,CUST0010,2025-03-07 16:09:00,1227.55,Placed
ORD00396,CUST0888,2026-01-14 21:18:00,1095.7,Preparing
ORD00397,CUST0532,2026-05-10 04:47:00,1704.8,Out For Delivery
ORD00398,CUST0167,2025-01-16 15:13:00,1600.75,Out For Delivery
ORD00400,CUST0387,2026-01-26 19:46:00,479.61,Placed
ORD00401,CUST0430,2025-02-03 03:30:00,1096.18,Cancelled
ORD00402,CUST0829,2025-11-23 00:19:00,2258.92,Out For Delivery
ORD00403,CUST0375,2026-05-05 19:42:00,1246.7,Cancelled
ORD00404,CUST0133,2026-02-17 04:14:00,1883.64,Delivered
ORD00405,CUST0256,2025-04-26 08:11:00,822.66,Delivered
ORD00406,CUST0592,2026-03-29 08:48:00,887.07,Out For Delivery
ORD00407,CUST0958,2026-03-12 01:47:00,1024.07,Placed
ORD00408,CUST0015,2025-03-15 20:02:00,670.79,Delivered
ORD00409,CUST0496,2026-03-16 11:12:00,2060.77,Cancelled
ORD00410,CUST0465,2025-11-15 08:34:00,1887.91,Cancelled
ORD00411,CUST0914,2025-04-06 08:21:00,1269.65,Cancelled
ORD00412,CUST0877,2025-06-25 16:16:00,977.01,Placed
ORD00413,CUST0233,2026-05-15 14:53:00,1421.12,Out For Delivery
ORD00414,CUST0464,2025-08-12 17:05:00,2432.03,Preparing
ORD00415,CUST0524,2025-04-10 04:53:00,1962.19,Preparing
ORD00416,CUST0616,2026-02-04 04:36:00,1360.11,Cancelled
ORD00417,CUST0970,2025-09-29 05:23:00,1732.95,Cancelled
ORD00418,CUST0734,2025-03-19 17:39:00,585.27,Placed
ORD00419,CUST0304,2025-07-19 16:26:00,1223.21,Preparing
ORD00420,CUST0077,2025-05-09 22:35:00,601.01,Cancelled
ORD00421,CUST0774,2025-07-30 04:09:00,484.61,Preparing
ORD00422,CUST0430,2025-07-20 18:12:00,940.98,Preparing
ORD00423,CUST0915,2025-07-25 03:46:00,2366.42,Preparing
ORD00424,CUST0283,2026-01-25 10:00:00,1349.49,Cancelled
ORD00425,CUST0483,2025-04-29 21:28:00,399.67,Cancelled
ORD00426,CUST0773,2026-04-12 23:21:00,2378.77,Placed
ORD00427,CUST0116,2025-11-17 14:27:00,2202.98,Delivered
ORD00428,CUST0106,2025-02-15 23:38:00,2176.2,Preparing
ORD00429,CUST0857,2025-12-26 13:26:00,352.46,Out For Delivery
ORD00430,CUST0927,2025-05-09 20:32:00,1700.75,Out For Delivery
ORD00431,CUST0104,2026-01-01 15:15:00,631.33,Delivered
ORD00432,CUST0800,2026-02-28 22:31:00,2109.79,Delivered
ORD00433,CUST0684,2025-07-15 01:38:00,2111.69,Placed
ORD00434,CUST0783,2025-05-03 11:37:00,2269.1,Delivered
ORD00435,CUST0041,2025-06-27 20:50:00,1284.9,Cancelled
ORD00436,CUST0825,2025-11-18 23:49:00,2279.4,Preparing
ORD00438,CUST0260,2025-07-03 21:22:00,2417.41,Out For Delivery
ORD00439,CUST0470,2025-12-24 20:16:00,485.42,Cancelled
ORD00440,CUST0330,2026-01-15 12:48:00,2057.13,Delivered
ORD00441,CUST0632,2025-10-03 23:51:00,646.17,Out For Delivery
ORD00442,CUST0655,2025-07-27 10:39:00,546.86,Delivered
ORD00443,CUST0498,2025-06-29 10:51:00,967.51,Preparing
ORD00444,CUST0115,2025-04-08 18:19:00,1780.55,Cancelled
ORD00445,CUST0183,2025-07-23 19:44:00,324.07,Cancelled
ORD00446,CUST0873,2025-05-15 04:45:00,949.12,Preparing
ORD00447,CUST0980,2026-01-12 09:39:00,297.31,Preparing
ORD00448,CUST0562,2025-03-21 21:17:00,638.72,Preparing
ORD00449,CUST0664,2026-02-20 06:09:00,684.83,Placed
ORD00450,CUST0450,2025-08-01 17:35:00,561.37,Preparing
ORD00451,CUST0643,2025-10-22 12:47:00,2012.31,Out For Delivery
ORD00452,CUST0380,2025-07-06 07:20:00,284.9,Preparing
ORD00453,CUST0720,2025-05-07 17:37:00,2454.43,Cancelled
ORD00454,CUST0108,2026-02-18 19:14:00,1822.15,Cancelled
ORD00455,CUST0276,2025-10-22 01:29:00,1293.12,Delivered
ORD00456,CUST0023,2025-10-14 14:35:00,2250.02,Delivered
ORD00457,CUST0699,2025-07-01 02:46:00,704.83,Placed
ORD00458,CUST0722,2026-01-27 04:25:00,1185.07,Cancelled
ORD00459,CUST0239,2025-10-19 16:26:00,1395.07,Cancelled
ORD00461,CUST0748,2025-03-24 23:12:00,1543.66,Preparing
ORD00463,CUST0397,2026-02-17 13:24:00,432.42,Out For Delivery
ORD00464,CUST0182,2025-12-29 13:56:00,317.76,Out For Delivery
ORD00465,CUST0663,2025-11-21 02:21:00,1284.9,Out For Delivery
ORD00466,CUST0571,2025-01-31 21:23:00,1284.9,Cancelled
ORD00467,CUST0314,2025-01-15 18:36:00,266.53,Preparing
ORD00468,CUST0187,2025-10-02 06:22:00,1739.63,Preparing
ORD00469,CUST0913,2025-08-14 22:54:00,525.98,Preparing
ORD00470,CUST0638,2025-01-20 17:56:00,2357.69,Out For Delivery
ORD00471,CUST0700,2025-04-03 18:33:00,339.33,Preparing
ORD00472,CUST0943,2025-06-22 14:59:00,2096.25,Delivered
ORD00473,CUST0068,2025-06-23 07:23:00,2404.93,Delivered
ORD00474,CUST0367,2025-01-31 15:51:00,1683.18,Cancelled
ORD00475,CUST0680,2025-12-02 10:58:00,1480.21,Cancelled
ORD00476,CUST0659,2025-04-13 09:20:00,1932.45,Out For Delivery
ORD00477,CUST0446,2025-07-13 02:31:00,350.36,Cancelled
ORD00478,CUST0510,2026-02-07 09:49:00,232.28,Placed
ORD00479,CUST0914,2025-10-28 23:57:00,516.06,Out For Delivery
ORD00480,CUST0049,2026-05-10 09:24:00,2414.05,Placed
ORD00481,CUST0445,2026-01-14 16:33:00,1320.99,Placed
ORD00482,CUST0973,2025-04-06 07:45:00,1813.68,Delivered
ORD00483,CUST0016,2025-01-24 12:13:00,1284.9,Out For Delivery
ORD00484,CUST0834,2026-04-14 10:11:00,2083.77,Out For Delivery
ORD00485,CUST0160,2025-03-14 19:15:00,719.64,Delivered
ORD00486,CUST0924,2025-11-17 09:13:00,1668.01,Out For Delivery
ORD00489,CUST0163,2026-04-07 15:04:00,885.71,Out For Delivery
ORD00490,CUST0712,2025-07-23 09:34:00,2153.22,Out For Delivery
ORD00491,CUST0843,2026-03-30 06:05:00,1295.12,Preparing
ORD00492,CUST0491,2025-02-25 03:14:00,1031.35,Placed
ORD00493,CUST0248,2025-08-12 19:23:00,442.62,Cancelled
ORD00494,CUST0516,2026-01-28 06:49:00,1284.9,Cancelled
ORD00495,CUST0881,2026-05-02 08:58:00,1208.89,Placed
ORD00496,CUST0299,2025-09-16 02:14:00,1284.9,Delivered
ORD00497,CUST0864,2025-05-06 19:33:00,486.64,Cancelled
ORD00498,CUST0702,2025-02-03 13:33:00,1584.61,Preparing
ORD00499,CUST0040,2025-03-15 03:43:00,1014.91,Cancelled
ORD00500,CUST0581,2025-03-03 07:48:00,1284.9,Placed
ORD00501,CUST0488,2026-04-25 18:41:00,1745.46,Delivered
ORD00502,CUST0700,2025-09-09 19:16:00,2471.15,Delivered
ORD00503,CUST0466,2025-10-02 11:14:00,1629.02,Preparing
ORD00504,CUST0264,2026-03-28 05:23:00,1136.17,Out For Delivery
ORD00505,CUST0728,2026-03-27 17:54:00,1065.35,Out For Delivery
ORD00506,CUST0905,2025-08-02 14:46:00,2385.7,Delivered
ORD00507,CUST0409,2025-03-10 23:33:00,620.7,Preparing
ORD00508,CUST0747,2025-12-04 19:23:00,1415.69,Delivered
ORD00509,CUST0403,2025-03-14 15:06:00,1185.57,Cancelled
ORD00510,CUST0346,2025-10-10 05:42:00,1342.0,Preparing
ORD00512,CUST0589,2026-02-05 06:09:00,1224.59,Preparing
ORD00513,CUST0626,2026-04-23 19:33:00,2202.2,Placed
ORD00514,CUST0009,2026-04-17 01:21:00,851.91,Out For Delivery
ORD00515,CUST0219,2025-06-07 02:23:00,857.2,Delivered
ORD00516,CUST0297,2025-06-05 03:51:00,2261.96,Preparing
ORD00517,CUST0933,2025-11-13 13:10:00,1608.84,Out For Delivery
ORD00518,CUST1000,2025-02-28 21:09:00,332.97,Placed
ORD00519,CUST0389,2025-09-02 05:49:00,1751.49,Out For Delivery
ORD00520,CUST0187,2025-08-18 00:31:00,1460.28,Out For Delivery
ORD00521,CUST0071,2025-04-01 04:39:00,1044.68,Preparing
ORD00522,CUST0984,2025-12-09 06:40:00,1807.38,Placed
ORD00523,CUST0507,2025-01-09 19:57:00,2480.08,Out For Delivery
ORD00524,CUST0287,2025-09-24 00:31:00,500.52,Preparing
ORD00525,CUST0444,2025-06-22 01:17:00,1923.44,Delivered
ORD00526,CUST0033,2025-03-08 19:00:00,146.11,Delivered
ORD00527,CUST0398,2025-01-19 22:43:00,1000.34,Out For Delivery
ORD00528,CUST0803,2025-08-06 13:45:00,2362.98,Out For Delivery
ORD00529,CUST0274,2025-02-12 14:58:00,2033.14,Out For Delivery
ORD00530,CUST0024,2026-02-20 04:51:00,683.11,Preparing
ORD00531,CUST0821,2025-05-02 02:55:00,1835.46,Out For Delivery
ORD00532,CUST0160,2025-10-26 20:55:00,1614.41,Out For Delivery
ORD00533,CUST0125,2025-01-29 22:08:00,1890.55,Placed
ORD00534,CUST0094,2025-01-02 13:50:00,604.53,Placed
ORD00535,CUST0198,2025-09-01 06:45:00,1553.1,Preparing
ORD00536,CUST0607,2026-03-19 01:28:00,115.15,Preparing
ORD00537,CUST0900,2025-10-05 18:12:00,1786.88,Placed
ORD00538,CUST0775,2025-04-27 05:25:00,1521.54,Cancelled
ORD00539,CUST0224,2025-08-07 08:52:00,677.85,Placed
ORD00540,CUST0258,2025-05-25 05:04:00,1285.42,Placed
ORD00541,CUST0082,2025-12-12 22:28:00,1886.24,Placed
ORD00542,CUST0937,2025-07-05 22:43:00,2402.31,Cancelled
ORD00543,CUST0462,2025-07-03 23:51:00,1299.27,Delivered
ORD00544,CUST0195,2025-04-27 18:10:00,946.95,Delivered
ORD00545,CUST0816,2026-03-10 12:29:00,1214.54,Preparing
ORD00546,CUST0430,2026-05-02 00:55:00,860.14,Preparing
ORD00549,CUST0875,2025-10-09 08:14:00,1556.38,Delivered
ORD00550,CUST0164,2025-09-07 21:03:00,354.43,Out For Delivery
ORD00551,CUST0145,2025-05-01 16:31:00,1099.23,Placed
ORD00552,CUST0347,2025-11-19 09:43:00,1567.9,Cancelled
ORD00553,CUST0743,2025-07-11 22:55:00,1456.79,Delivered
ORD00554,CUST0428,2025-05-07 06:20:00,2284.35,Out For Delivery
ORD00555,CUST0488,2026-02-07 08:35:00,2005.16,Preparing
ORD00556,CUST0801,2025-11-20 18:58:00,1522.8,Preparing
ORD00557,CUST0577,2025-08-29 00:20:00,329.4,Preparing
ORD00558,CUST0503,2025-08-25 19:57:00,2399.85,Out For Delivery
ORD00559,CUST0198,2026-02-10 08:45:00,2134.65,Placed
ORD00560,CUST0004,2025-06-17 11:52:00,1448.51,Out For Delivery
ORD00561,CUST0322,2025-11-06 17:12:00,1650.02,Cancelled
ORD00562,CUST0063,2026-01-12 06:33:00,777.9,Delivered
ORD00563,CUST0012,2025-06-02 08:13:00,160.68,Delivered
ORD00564,CUST0932,2025-03-17 14:40:00,476.75,Delivered
ORD00565,CUST0281,2025-08-22 08:12:00,1188.0,Preparing
ORD00566,CUST0018,2025-03-05 01:55:00,1245.04,Preparing
ORD00567,CUST0564,2025-01-14 20:27:00,1049.29,Out For Delivery
ORD00568,CUST0660,2025-05-25 10:36:00,194.52,Cancelled
ORD00569,CUST0136,2025-09-12 02:59:00,463.77,Cancelled
ORD00570,CUST0095,2026-01-22 11:22:00,1090.34,Placed
ORD00571,CUST0538,2025-08-02 20:50:00,471.96,Placed
ORD00572,CUST0119,2026-01-26 08:14:00,1284.9,Cancelled
ORD00573,CUST0715,2025-04-26 15:02:00,1920.47,Preparing
ORD00574,CUST0328,2025-06-15 12:48:00,1049.94,Cancelled
ORD00575,CUST0686,2026-01-01 22:26:00,1284.9,Cancelled
ORD00576,CUST0504,2025-01-04 11:44:00,2215.95,Cancelled
ORD00577,CUST0218,2025-03-19 17:00:00,1886.21,Out For Delivery
ORD00578,CUST0398,2025-03-23 06:48:00,902.77,Out For Delivery
ORD00579,CUST0667,2025-05-27 14:01:00,2422.56,Cancelled
ORD00580,CUST0116,2025-01-22 12:51:00,2339.4,Preparing
ORD00581,CUST0766,2025-06-02 22:43:00,1523.82,Out For Delivery
ORD00582,CUST0642,2025-04-28 18:56:00,1284.9,Cancelled
ORD00584,CUST0401,2025-11-05 05:58:00,1445.99,Out For Delivery
ORD00585,CUST0961,2025-05-08 02:39:00,100.65,Placed
ORD00586,CUST0970,2025-05-21 00:19:00,1849.0,Preparing
ORD00587,CUST0662,2025-04-08 13:47:00,282.64,Delivered
ORD00588,CUST0036,2026-04-06 03:19:00,1196.63,Preparing
ORD00589,CUST0976,2025-12-16 00:56:00,1243.61,Placed
ORD00590,CUST0467,2026-03-22 18:44:00,748.16,Cancelled
ORD00591,CUST0157,2025-04-21 02:25:00,171.76,Delivered
ORD00592,CUST0180,2026-05-14 00:36:00,1675.86,Out For Delivery
ORD00593,CUST0208,2026-02-15 08:01:00,2411.66,Preparing
ORD00594,CUST0002,2025-11-29 01:55:00,2156.8,Cancelled
ORD00595,CUST0238,2026-01-02 23:03:00,312.2,Out For Delivery
ORD00596,CUST0168,2025-07-11 21:57:00,1422.46,Preparing
ORD00597,CUST0417,2025-03-31 18:25:00,2460.43,Out For Delivery
ORD00598,CUST0911,2025-09-11 21:34:00,2407.33,Placed
ORD00599,CUST0341,2026-04-19 11:41:00,1908.89,Preparing
ORD00600,CUST0941,2026-03-17 20:09:00,1396.51,Preparing
ORD00601,CUST0836,2026-02-10 06:52:00,296.18,Delivered
ORD00602,CUST0558,2025-01-22 16:06:00,711.32,Cancelled
ORD00603,CUST0233,2025-12-17 22:50:00,380.61,Out For Delivery
ORD00604,CUST0673,2026-02-24 12:14:00,1899.58,Placed
ORD00605,CUST0160,2026-03-04 22:57:00,1818.88,Cancelled
ORD00606,CUST0938,2025-02-06 22:19:00,1074.69,Preparing
ORD00607,CUST0835,2025-04-08 00:01:00,390.58,Preparing
ORD00608,CUST0069,2025-05-10 14:07:00,1284.9,Delivered
ORD00609,CUST0352,2025-07-18 11:13:00,1586.22,Delivered
ORD00610,CUST0696,2025-09-09 01:31:00,174.5,Delivered
ORD00611,CUST0552,2026-01-30 03:27:00,1588.56,Out For Delivery
ORD00612,CUST0028,2025-07-14 01:31:00,308.39,Out For Delivery
ORD00613,CUST0742,2026-03-02 22:40:00,1191.25,Out For Delivery
ORD00614,CUST0036,2025-06-15 09:35:00,2151.14,Preparing
ORD00615,CUST0701,2025-03-07 18:55:00,167.77,Cancelled
ORD00616,CUST0475,2025-05-21 22:36:00,2319.95,Placed
ORD00617,CUST0530,2025-09-09 05:57:00,2148.53,Placed
ORD00618,CUST0113,2025-12-18 04:53:00,1284.9,Preparing
ORD00619,CUST0827,2025-12-01 05:49:00,825.46,Preparing
ORD00620,CUST0866,2025-09-10 07:45:00,1781.87,Placed
ORD00621,CUST0759,2026-04-30 19:36:00,1284.9,Delivered
ORD00622,CUST0711,2025-07-08 20:34:00,1236.78,Out For Delivery
ORD00623,CUST0069,2025-02-03 02:16:00,1695.29,Delivered
ORD00624,CUST0929,2026-04-21 04:07:00,307.31,Preparing
ORD00625,CUST0560,2025-07-11 17:16:00,2430.08,Preparing
ORD00626,CUST0041,2025-04-29 06:09:00,1284.9,Delivered
ORD00627,CUST0808,2025-01-07 03:33:00,1505.37,Placed
ORD00628,CUST0328,2026-04-17 07:55:00,612.55,Delivered
ORD00629,CUST0177,2025-07-18 17:40:00,2160.86,Placed
ORD00630,CUST0523,2025-03-16 02:30:00,2469.67,Cancelled
ORD00631,CUST0424,2026-03-06 20:23:00,2087.14,Delivered
ORD00632,CUST0892,2025-06-14 12:01:00,1843.59,Out For Delivery
ORD00633,CUST0888,2025-04-26 23:58:00,1575.75,Cancelled
ORD00634,CUST0774,2025-11-22 05:15:00,790.31,Placed
ORD00635,CUST0068,2025-10-15 02:45:00,449.35,Placed
ORD00636,CUST0476,2025-11-29 10:19:00,1552.71,Out For Delivery
ORD00637,CUST0500,2025-07-17 22:37:00,2316.29,Cancelled
ORD00638,CUST0141,2025-08-29 10:05:00,2440.54,Cancelled
ORD00639,CUST0258,2025-11-19 08:59:00,793.47,Cancelled
ORD00640,CUST0332,2026-04-10 07:36:00,2433.62,Preparing
ORD00641,CUST0422,2025-05-23 08:38:00,1681.87,Cancelled
ORD00642,CUST0789,2025-12-19 09:12:00,967.57,Cancelled
ORD00643,CUST0474,2025-10-25 16:11:00,1834.58,Out For Delivery
ORD00644,CUST0809,2025-11-21 10:11:00,2042.99,Out For Delivery
ORD00645,CUST0278,2026-04-23 18:29:00,451.22,Cancelled
ORD00647,CUST0564,2025-10-26 08:32:00,578.06,Placed
ORD00648,CUST0502,2025-11-01 03:30:00,851.54,Preparing
ORD00649,CUST0821,2025-01-28 01:54:00,357.91,Cancelled
ORD00650,CUST0948,2026-01-16 21:27:00,2239.15,Cancelled
ORD00651,CUST0640,2026-01-04 08:18:00,653.17,Cancelled
ORD00652,CUST0951,2025-10-10 11:53:00,155.09,Cancelled
ORD00653,CUST0826,2026-05-10 12:13:00,141.86,Preparing
ORD00654,CUST0998,2025-05-19 15:07:00,2128.92,Preparing
ORD00655,CUST0914,2025-03-30 07:17:00,673.05,Out For Delivery
ORD00656,CUST0870,2025-07-17 14:13:00,2133.48,Delivered
ORD00657,CUST0757,2026-03-31 12:54:00,1012.39,Cancelled
ORD00658,CUST0690,2025-09-09 13:50:00,921.49,Placed
ORD00659,CUST0859,2025-08-15 19:13:00,1788.3,Cancelled
ORD00660,CUST0173,2026-02-08 12:13:00,947.84,Out For Delivery
ORD00661,CUST0237,2025-07-14 19:56:00,158.26,Cancelled
ORD00662,CUST0464,2026-01-01 00:24:00,962.85,Placed
ORD00663,CUST0932,2025-08-06 02:27:00,648.54,Out For Delivery
ORD00664,CUST0162,2025-03-28 07:54:00,1341.21,Cancelled
ORD00665,CUST0391,2025-07-06 01:48:00,1797.05,Preparing
ORD00666,CUST0052,2025-05-09 02:33:00,1187.44,Out For Delivery
ORD00667,CUST0892,2026-04-14 05:14:00,499.91,Placed
ORD00668,CUST0054,2025-10-21 20:50:00,2389.21,Preparing
ORD00669,CUST0434,2026-04-04 05:15:00,2407.22,Cancelled
ORD00670,CUST0104,2025-05-18 05:34:00,1210.09,Out For Delivery
ORD00673,CUST0624,2026-03-04 11:36:00,1209.77,Delivered
ORD00674,CUST0255,2025-03-24 20:38:00,260.98,Delivered
ORD00675,CUST0542,2026-02-14 15:43:00,1420.76,Delivered
ORD00676,CUST0663,2026-04-28 16:22:00,1485.93,Delivered
ORD00677,CUST0418,2025-03-27 16:54:00,2031.61,Preparing
ORD00678,CUST0863,2025-06-02 03:38:00,1018.17,Out For Delivery
ORD00679,CUST0204,2026-01-20 00:13:00,1632.29,Preparing
ORD00680,CUST0777,2026-01-19 04:41:00,1284.9,Preparing
ORD00681,CUST0450,2025-05-10 15:25:00,1216.49,Preparing
ORD00682,CUST0053,2025-05-06 04:57:00,343.08,Out For Delivery
ORD00683,CUST0396,2026-03-31 20:55:00,1535.77,Out For Delivery
ORD00684,CUST0042,2026-04-24 15:04:00,564.35,Cancelled
ORD00685,CUST0150,2026-01-17 22:35:00,159.24,Preparing
ORD00686,CUST0460,2025-07-26 10:51:00,932.62,Out For Delivery
ORD00687,CUST0530,2025-10-27 03:56:00,1284.9,Cancelled
ORD00688,CUST0747,2026-01-19 18:32:00,2423.51,Delivered
ORD00689,CUST0750,2026-01-05 20:17:00,1929.06,Preparing
ORD00690,CUST0404,2025-04-23 01:02:00,2388.54,Preparing
ORD00691,CUST0819,2026-02-27 04:27:00,1284.9,Preparing
ORD00692,CUST0880,2025-01-20 08:46:00,258.61,Delivered
ORD00693,CUST0689,2025-09-10 03:05:00,2048.06,Out For Delivery
ORD00694,CUST0872,2025-08-29 08:36:00,2234.01,Out For Delivery
ORD00695,CUST0160,2025-12-08 21:53:00,1348.12,Out For Delivery
ORD00696,CUST0252,2025-04-26 00:27:00,887.57,Cancelled
ORD00697,CUST0415,2025-01-27 18:19:00,718.34,Preparing
ORD00698,CUST0225,2026-03-27 07:29:00,2322.52,Cancelled
ORD00699,CUST0410,2025-08-03 18:21:00,681.99,Cancelled
ORD00700,CUST0068,2026-02-01 10:59:00,1145.5,Delivered
ORD00701,CUST0032,2025-06-20 11:07:00,1267.65,Delivered
ORD00702,CUST0220,2025-07-27 13:54:00,683.77,Preparing
ORD00703,CUST0608,2025-07-12 02:06:00,2010.87,Placed
ORD00704,CUST0919,2025-02-17 22:41:00,223.26,Delivered
ORD00705,CUST0864,2025-07-07 21:43:00,1779.96,Cancelled
ORD00706,CUST0318,2025-06-19 03:02:00,297.63,Placed
ORD00707,CUST0197,2026-02-09 05:57:00,2484.35,Placed
ORD00708,CUST0857,2025-09-27 02:53:00,432.68,Delivered
ORD00709,CUST0659,2026-02-02 22:32:00,1284.9,Out For Delivery
ORD00710,CUST0681,2025-03-25 22:30:00,961.0,Cancelled
ORD00711,CUST0835,2025-07-25 13:51:00,2006.22,Out For Delivery
ORD00712,CUST0473,2025-03-18 22:09:00,241.0,Placed
ORD00713,CUST0130,2025-03-18 23:04:00,898.55,Out For Delivery
ORD00714,CUST0446,2025-07-29 03:59:00,2362.19,Cancelled
ORD00715,CUST0727,2025-04-18 15:41:00,475.67,Preparing
ORD00716,CUST0862,2026-03-13 08:24:00,1294.28,Delivered
ORD00717,CUST0461,2025-03-10 10:47:00,1113.64,Out For Delivery
ORD00718,CUST0889,2025-12-25 05:00:00,494.03,Out For Delivery
ORD00719,CUST0343,2025-03-17 01:56:00,1330.68,Delivered
ORD00720,CUST0739,2025-04-03 13:02:00,1615.69,Out For Delivery
ORD00721,CUST0003,2025-02-23 15:49:00,1302.58,Preparing
ORD00722,CUST0879,2026-01-13 23:32:00,1037.66,Cancelled
ORD00723,CUST0627,2025-04-11 13:49:00,2020.67,Delivered
ORD00724,CUST0298,2025-10-03 14:02:00,143.0,Cancelled
ORD00725,CUST0486,2026-03-01 13:59:00,2222.48,Cancelled
ORD00726,CUST0606,2025-04-25 14:16:00,1664.93,Placed
ORD00728,CUST0407,2025-01-02 13:03:00,2025.74,Out For Delivery
ORD00729,CUST0963,2025-08-02 00:32:00,1858.6,Out For Delivery
ORD00730,CUST0509,2025-10-25 06:34:00,790.14,Placed
ORD00731,CUST0399,2025-10-15 23:21:00,1674.65,Placed
ORD00732,CUST0663,2025-05-06 15:01:00,2334.6,Out For Delivery
ORD00733,CUST0264,2025-08-01 05:57:00,1849.99,Out For Delivery
ORD00734,CUST0317,2025-10-05 22:35:00,282.94,Preparing
ORD00735,CUST0004,2026-05-04 07:04:00,2006.62,Out For Delivery
ORD00736,CUST0463,2025-06-22 03:32:00,1970.89,Delivered
ORD00737,CUST0630,2025-05-23 02:22:00,947.78,Delivered
ORD00738,CUST0257,2026-01-07 00:58:00,2030.5,Placed
ORD00739,CUST0351,2025-03-24 16:52:00,1284.9,Out For Delivery
ORD00740,CUST0812,2026-01-23 13:06:00,1962.07,Delivered
ORD00741,CUST0653,2025-09-05 18:47:00,2442.73,Preparing
ORD00742,CUST0800,2025-09-11 17:49:00,873.31,Out For Delivery
ORD00743,CUST0464,2025-04-07 00:36:00,2470.39,Out For Delivery
ORD00744,CUST0858,2025-01-04 10:55:00,421.79,Placed
ORD00745,CUST0120,2025-10-31 04:30:00,2490.73,Out For Delivery
ORD00746,CUST0806,2026-03-04 20:20:00,1389.0,Delivered
ORD00747,CUST0057,2026-04-26 09:42:00,428.61,Out For Delivery
ORD00748,CUST0288,2025-06-24 13:04:00,973.08,Delivered
ORD00749,CUST0024,2025-01-14 09:20:00,323.38,Preparing
ORD00750,CUST0873,2025-02-21 11:07:00,734.08,Out For Delivery
ORD00751,CUST0591,2025-04-19 18:51:00,217.79,Out For Delivery
ORD00752,CUST0555,2026-04-13 02:51:00,2344.5,Cancelled
ORD00753,CUST0305,2025-02-21 12:48:00,848.54,Delivered
ORD00754,CUST0759,2025-01-27 04:04:00,2367.27,Placed
ORD00755,CUST0481,2026-02-19 11:25:00,734.28,Cancelled
ORD00756,CUST0254,2025-02-11 10:10:00,2303.59,Placed
ORD00758,CUST0698,2025-09-25 08:36:00,1963.03,Preparing
ORD00759,CUST0441,2025-04-19 19:42:00,2080.06,Out For Delivery
ORD00760,CUST0605,2025-07-30 18:18:00,1579.32,Placed
ORD00761,CUST0620,2025-09-12 00:07:00,558.8,Out For Delivery
ORD00762,CUST0834,2025-11-25 18:07:00,697.07,Placed
ORD00763,CUST0048,2026-01-10 02:43:00,2416.53,Out For Delivery
ORD00764,CUST0668,2025-04-18 22:07:00,133.02,Placed
ORD00765,CUST0151,2026-01-06 20:50:00,985.02,Delivered
ORD00766,CUST0282,2025-08-16 21:12:00,450.2,Delivered
ORD00767,CUST0879,2026-04-30 21:15:00,2377.94,Delivered
ORD00769,CUST0114,2026-03-28 09:09:00,524.94,Placed
ORD00770,CUST0067,2025-10-28 14:22:00,638.36,Preparing
ORD00771,CUST0489,2026-05-09 12:17:00,1284.9,Preparing
ORD00772,CUST0498,2025-07-16 07:35:00,2341.54,Placed
ORD00773,CUST0261,2025-12-20 03:17:00,1339.55,Out For Delivery
ORD00775,CUST0570,2026-03-15 19:36:00,1371.81,Preparing
ORD00776,CUST0004,2025-03-18 00:20:00,1947.25,Delivered
ORD00778,CUST0601,2025-04-13 20:25:00,2405.57,Cancelled
ORD00779,CUST0484,2025-11-16 06:56:00,209.93,Out For Delivery
ORD00780,CUST0546,2025-06-20 15:14:00,1449.84,Placed
ORD00781,CUST0237,2025-07-30 01:13:00,1383.95,Placed
ORD00782,CUST0562,2025-08-14 22:08:00,614.88,Out For Delivery
ORD00783,CUST0941,2025-10-28 13:07:00,1643.25,Delivered
ORD00784,CUST0946,2025-05-02 19:07:00,700.76,Cancelled
ORD00785,CUST0780,2025-05-04 01:30:00,1398.58,Placed
ORD00786,CUST0222,2026-02-12 13:56:00,312.9,Cancelled
ORD00787,CUST0001,2025-08-07 22:22:00,1907.99,Cancelled
ORD00789,CUST0047,2026-01-11 05:12:00,574.35,Out For Delivery
ORD00790,CUST0232,2025-11-13 04:02:00,2289.38,Preparing
ORD00791,CUST0780,2025-06-03 21:27:00,251.84,Preparing
ORD00793,CUST0217,2025-02-07 04:26:00,650.22,Preparing
ORD00794,CUST0569,2026-03-29 21:33:00,2336.93,Cancelled
ORD00795,CUST0162,2026-03-01 19:34:00,617.41,Delivered
ORD00796,CUST0814,2025-08-16 08:20:00,613.95,Placed
ORD00797,CUST0792,2025-10-02 14:59:00,1495.37,Preparing
ORD00798,CUST0718,2025-10-01 03:35:00,2282.4,Cancelled
ORD00799,CUST0055,2025-09-23 05:34:00,2017.46,Preparing
ORD00800,CUST0622,2025-10-06 02:15:00,300.56,Cancelled
ORD00801,CUST0341,2025-10-09 04:52:00,1126.53,Preparing
ORD00802,CUST0716,2025-11-22 02:33:00,1161.63,Delivered
ORD00803,CUST0756,2026-01-25 10:29:00,1284.9,Out For Delivery
ORD00804,CUST0799,2025-01-14 21:44:00,2043.03,Placed
ORD00805,CUST0761,2026-02-18 20:37:00,1751.1,Delivered
ORD00806,CUST0803,2026-04-03 17:41:00,1284.9,Cancelled
ORD00807,CUST0362,2025-06-10 12:43:00,2294.22,Out For Delivery
ORD00808,CUST0088,2025-10-07 04:38:00,1396.03,Out For Delivery
ORD00809,CUST0079,2025-03-19 05:52:00,1303.4,Placed
ORD00810,CUST0520,2025-08-11 14:01:00,217.25,Out For Delivery
ORD00811,CUST0652,2025-06-24 02:23:00,760.19,Preparing
ORD00812,CUST0242,2025-07-31 04:51:00,646.83,Out For Delivery
ORD00813,CUST0318,2026-02-25 05:50:00,1851.04,Cancelled
ORD00814,CUST0055,2025-07-28 06:15:00,2154.46,Cancelled
ORD00815,CUST0018,2026-01-31 19:49:00,2352.63,Cancelled
ORD00816,CUST0275,2026-02-15 01:59:00,1040.02,Cancelled
ORD00817,CUST0542,2026-01-14 00:16:00,720.79,Preparing
ORD00818,CUST0902,2026-04-22 07:33:00,1823.64,Preparing
ORD00819,CUST0275,2025-05-05 04:43:00,1771.95,Cancelled
ORD00820,CUST0535,2025-10-20 20:42:00,837.99,Out For Delivery
ORD00821,CUST0430,2026-01-23 22:08:00,1840.55,Cancelled
ORD00822,CUST0984,2026-02-03 08:05:00,197.87,Delivered
ORD00823,CUST0400,2025-03-22 11:48:00,797.47,Placed
ORD00824,CUST0739,2025-12-12 11:21:00,548.69,Preparing
ORD00825,CUST0024,2025-12-09 02:30:00,1086.86,Out For Delivery
ORD00826,CUST0984,2026-02-22 16:32:00,153.98,Preparing
ORD00827,CUST0570,2025-12-24 16:33:00,2457.52,Out For Delivery
ORD00828,CUST0625,2026-03-02 22:03:00,915.83,Out For Delivery
ORD00829,CUST0874,2025-05-30 07:13:00,601.45,Out For Delivery
ORD00830,CUST0602,2025-06-11 22:07:00,632.51,Preparing
ORD00831,CUST0729,2025-11-04 14:33:00,2208.63,Placed
ORD00832,CUST0204,2025-05-04 18:05:00,575.18,Preparing
ORD00833,CUST0232,2025-01-21 13:54:00,284.42,Placed
ORD00834,CUST0518,2025-09-12 10:24:00,2405.78,Delivered
ORD00835,CUST0538,2026-04-02 00:00:00,600.89,Placed
ORD00838,CUST0611,2025-03-03 23:58:00,107.38,Cancelled
ORD00839,CUST0625,2026-02-10 11:08:00,283.0,Cancelled
ORD00840,CUST0539,2025-11-24 18:18:00,801.38,Preparing
ORD00841,CUST0859,2025-01-14 18:08:00,1077.47,Preparing
ORD00842,CUST0221,2025-11-07 19:32:00,676.34,Out For Delivery
ORD00843,CUST0095,2025-05-11 01:44:00,1853.75,Preparing
ORD00844,CUST0766,2025-01-22 11:40:00,2000.88,Preparing
ORD00845,CUST0446,2026-05-10 23:02:00,330.36,Preparing
ORD00846,CUST0962,2025-01-22 06:55:00,1348.62,Preparing
ORD00847,CUST0623,2025-02-15 00:24:00,1193.51,Out For Delivery
ORD00848,CUST0976,2025-03-31 06:16:00,953.91,Delivered
ORD00849,CUST0586,2025-02-25 15:40:00,1118.74,Cancelled
ORD00850,CUST0216,2025-09-26 08:18:00,196.82,Preparing
ORD00851,CUST0813,2025-09-28 14:49:00,816.26,Delivered
ORD00852,CUST0755,2026-04-03 16:08:00,608.71,Out For Delivery
ORD00853,CUST0105,2025-12-08 11:28:00,143.33,Placed
ORD00854,CUST0595,2025-12-29 02:51:00,1477.81,Placed
ORD00855,CUST0262,2025-10-26 05:25:00,1794.79,Cancelled
ORD00856,CUST0640,2025-10-21 12:55:00,811.39,Cancelled
ORD00857,CUST0764,2026-01-09 21:43:00,2150.09,Placed
ORD00858,CUST0549,2026-02-06 11:37:00,2384.64,Preparing
ORD00859,CUST0302,2025-01-11 16:56:00,1585.08,Preparing
ORD00860,CUST0111,2025-04-05 07:18:00,1963.05,Delivered
ORD00861,CUST0961,2025-01-29 13:39:00,2476.05,Delivered
ORD00862,CUST0469,2026-01-27 13:57:00,1160.77,Preparing
ORD00863,CUST0742,2025-04-27 16:38:00,1708.35,Cancelled
ORD00864,CUST0921,2026-05-02 16:08:00,1446.77,Placed
ORD00865,CUST0848,2025-01-02 11:26:00,382.73,Preparing
ORD00866,CUST0445,2025-06-24 00:35:00,1981.78,Delivered
ORD00867,CUST0693,2025-03-17 13:42:00,1980.64,Delivered
ORD00868,CUST0646,2025-02-07 06:00:00,2040.98,Placed
ORD00869,CUST0150,2026-01-28 06:51:00,1471.62,Placed
ORD00870,CUST0274,2025-07-24 17:09:00,2011.08,Out For Delivery
ORD00871,CUST0921,2025-01-21 00:53:00,1284.9,Preparing
ORD00872,CUST0527,2025-08-11 19:25:00,1034.29,Placed
ORD00873,CUST0397,2025-09-15 06:04:00,564.0,Cancelled
ORD00874,CUST0875,2025-01-14 01:04:00,234.37,Out For Delivery
ORD00875,CUST0075,2026-03-16 23:20:00,1078.7,Preparing
ORD00876,CUST0893,2025-10-26 14:41:00,444.76,Out For Delivery
ORD00877,CUST0018,2026-04-04 15:28:00,775.6,Preparing
ORD00878,CUST0907,2025-03-13 23:25:00,1087.95,Preparing
ORD00879,CUST0569,2026-02-13 02:47:00,1839.97,Delivered
ORD00880,CUST0165,2025-10-17 22:59:00,1284.9,Out For Delivery
ORD00881,CUST0691,2025-10-01 08:04:00,576.25,Delivered
ORD00882,CUST0978,2026-04-22 10:22:00,511.0,Out For Delivery
ORD00883,CUST0479,2025-10-06 02:29:00,2138.91,Preparing
ORD00884,CUST0168,2025-01-01 12:07:00,1112.56,Cancelled
ORD00885,CUST0479,2025-09-11 17:36:00,1002.35,Preparing
ORD00886,CUST0684,2025-10-07 09:19:00,218.04,Preparing
ORD00887,CUST0145,2026-03-19 12:18:00,2435.39,Placed
ORD00888,CUST0055,2025-05-02 14:13:00,2096.8,Delivered
ORD00889,CUST0146,2026-04-09 14:47:00,1701.46,Preparing
ORD00890,CUST0854,2025-03-24 20:05:00,2246.24,Cancelled
ORD00891,CUST0644,2025-04-10 08:33:00,1107.68,Cancelled
ORD00892,CUST0504,2026-02-06 23:43:00,661.27,Delivered
ORD00893,CUST0843,2025-10-04 07:56:00,1336.72,Cancelled
ORD00894,CUST0030,2025-06-23 07:36:00,2403.44,Placed
ORD00895,CUST0558,2026-01-04 20:27:00,2325.05,Placed
ORD00896,CUST0413,2026-03-17 15:15:00,1343.87,Preparing
ORD00898,CUST0336,2025-12-12 05:05:00,1284.9,Out For Delivery
ORD00899,CUST0459,2026-04-25 03:43:00,1466.64,Placed
ORD00900,CUST0179,2025-02-07 18:08:00,1055.03,Delivered
ORD00901,CUST0571,2025-10-30 17:49:00,664.53,Cancelled
ORD00902,CUST0560,2026-03-21 00:10:00,2304.61,Out For Delivery
ORD00903,CUST0709,2026-01-09 07:42:00,1139.56,Cancelled
ORD00904,CUST0993,2025-05-30 20:08:00,1553.43,Cancelled
ORD00905,CUST0663,2025-02-13 09:22:00,1409.66,Delivered
ORD00906,CUST0037,2025-12-22 20:28:00,2316.76,Preparing
ORD00907,CUST0400,2025-09-02 06:34:00,1676.14,Placed
ORD00908,CUST0390,2026-02-04 02:39:00,1606.77,Delivered
ORD00909,CUST0394,2025-10-05 04:54:00,2296.76,Cancelled
ORD00910,CUST0858,2026-03-04 04:20:00,570.77,Placed
ORD00911,CUST0698,2025-09-26 00:25:00,1737.61,Preparing
ORD00912,CUST0905,2025-01-16 21:57:00,1913.36,Delivered
ORD00913,CUST0703,2025-08-22 18:02:00,399.58,Out For Delivery
ORD00914,CUST0765,2025-06-25 11:17:00,2342.15,Delivered
ORD00915,CUST0144,2025-06-30 19:18:00,691.9,Preparing
ORD00916,CUST0868,2025-05-18 12:53:00,2179.1,Preparing
ORD00917,CUST0587,2026-04-24 03:21:00,725.75,Out For Delivery
ORD00918,CUST0740,2026-04-23 15:11:00,924.04,Preparing
ORD00919,CUST0969,2025-10-29 07:55:00,923.98,Cancelled
ORD00920,CUST0229,2026-03-17 16:06:00,1284.9,Out For Delivery
ORD00921,CUST0532,2025-05-15 12:54:00,137.52,Out For Delivery
ORD00923,CUST0525,2026-02-27 18:04:00,371.67,Delivered
ORD00924,CUST0204,2025-09-25 22:21:00,745.92,Placed
ORD00925,CUST0404,2025-06-07 02:20:00,358.05,Out For Delivery
ORD00926,CUST0178,2025-07-07 19:56:00,1106.76,Cancelled
ORD00927,CUST0459,2026-03-12 10:02:00,1589.85,Preparing
ORD00928,CUST0112,2025-05-26 02:02:00,525.58,Delivered
ORD00929,CUST0125,2025-12-23 18:33:00,244.34,Preparing
ORD00931,CUST0958,2025-06-19 17:51:00,1962.06,Delivered
ORD00932,CUST0792,2025-10-26 16:26:00,1179.47,Delivered
ORD00933,CUST0142,2025-09-10 22:21:00,2459.57,Out For Delivery
ORD00934,CUST0603,2025-08-05 11:50:00,1990.26,Cancelled
ORD00935,CUST0312,2026-05-06 19:58:00,299.15,Delivered
ORD00937,CUST0663,2026-03-26 07:04:00,414.71,Placed
ORD00938,CUST0071,2025-04-17 00:20:00,181.09,Preparing
ORD00939,CUST0756,2025-04-04 21:06:00,782.47,Cancelled
ORD00940,CUST0601,2025-11-14 22:31:00,2411.43,Preparing
ORD00941,CUST0808,2025-08-14 23:18:00,459.29,Placed
ORD00942,CUST0757,2025-12-27 05:58:00,601.96,Placed
ORD00943,CUST0178,2025-12-29 17:51:00,1868.91,Preparing
ORD00944,CUST0622,2025-03-15 20:00:00,1597.76,Placed
ORD00946,CUST0025,2025-09-30 05:49:00,1344.84,Placed
ORD00947,CUST0186,2026-04-06 11:30:00,724.82,Out For Delivery
ORD00948,CUST0139,2025-07-14 04:55:00,178.47,Preparing
ORD00949,CUST0795,2026-03-14 21:47:00,2259.16,Cancelled
ORD00950,CUST0055,2025-10-09 05:45:00,390.23,Delivered
ORD00951,CUST0221,2025-04-12 14:50:00,621.45,Cancelled
ORD00952,CUST0980,2026-03-05 00:20:00,472.46,Cancelled
ORD00953,CUST0422,2026-03-28 05:06:00,2018.57,Cancelled
ORD00954,CUST0567,2025-10-09 04:15:00,880.25,Out For Delivery
ORD00955,CUST0592,2026-03-15 17:13:00,2355.27,Out For Delivery
ORD00956,CUST0661,2025-08-26 23:47:00,625.28,Delivered
ORD00957,CUST0585,2025-06-20 08:55:00,2045.83,Delivered
ORD00958,CUST0185,2026-04-03 14:38:00,1284.9,Delivered
ORD00959,CUST0451,2025-02-05 05:03:00,1700.13,Cancelled
ORD00960,CUST0510,2026-01-04 03:13:00,2248.92,Out For Delivery
ORD00961,CUST0969,2026-04-14 16:15:00,167.39,Placed
ORD00962,CUST0747,2026-02-09 23:55:00,552.26,Placed
ORD00963,CUST0568,2025-09-08 19:51:00,2223.58,Cancelled
ORD00964,CUST0449,2025-06-28 21:13:00,1832.91,Out For Delivery
ORD00965,CUST0243,2025-11-23 17:25:00,2016.86,Placed
ORD00966,CUST0310,2025-05-01 12:41:00,1474.4,Cancelled
ORD00967,CUST0356,2026-03-04 05:13:00,1284.9,Placed
ORD00968,CUST0592,2025-03-27 23:37:00,1693.62,Placed
ORD00969,CUST0670,2026-03-21 23:32:00,1568.99,Preparing
ORD00970,CUST0482,2025-02-12 06:43:00,323.03,Placed
ORD00971,CUST0155,2026-01-10 04:07:00,383.39,Delivered
ORD00972,CUST0143,2025-01-28 03:38:00,1716.25,Placed
ORD00973,CUST0133,2026-04-13 05:02:00,1832.01,Delivered
ORD00974,CUST0761,2026-04-19 16:48:00,696.82,Cancelled
ORD00975,CUST0301,2025-10-20 06:27:00,600.16,Placed
ORD00976,CUST0898,2025-12-07 09:49:00,459.12,Out For Delivery
ORD00977,CUST0024,2026-02-09 17:43:00,1359.56,Out For Delivery
ORD00978,CUST0335,2025-03-10 04:38:00,409.14,Cancelled
ORD00979,CUST0991,2025-06-29 23:24:00,258.44,Placed
ORD00980,CUST0683,2025-10-19 19:22:00,1766.95,Delivered
ORD00981,CUST0235,2026-05-12 14:07:00,557.82,Out For Delivery
ORD00982,CUST0397,2025-06-07 04:13:00,722.46,Placed
ORD00983,CUST0027,2025-03-14 15:59:00,395.47,Cancelled
ORD00984,CUST0507,2025-05-23 01:10:00,247.64,Placed
ORD00985,CUST0023,2025-07-31 07:08:00,775.36,Placed
ORD00986,CUST0885,2025-03-23 21:40:00,1284.9,Out For Delivery
ORD00987,CUST0018,2025-11-12 11:58:00,2395.81,Cancelled
ORD00988,CUST0378,2025-08-05 09:39:00,1162.75,Out For Delivery
ORD00989,CUST0177,2026-04-30 07:16:00,355.42,Out For Delivery
ORD00991,CUST0826,2026-04-12 23:50:00,651.64,Delivered
ORD00992,CUST0093,2025-09-08 05:27:00,1406.49,Cancelled
ORD00993,CUST0376,2025-08-18 03:09:00,2184.24,Placed
ORD00994,CUST0475,2025-02-13 06:32:00,1187.11,Preparing
ORD00995,CUST0341,2025-02-10 01:52:00,966.69,Cancelled
ORD00996,CUST0205,2026-02-15 12:11:00,571.73,Placed
ORD00997,CUST0545,2026-03-17 16:43:00,1122.18,Delivered
ORD00998,CUST0210,2025-03-03 17:00:00,2499.42,Preparing
ORD00999,CUST0830,2026-04-16 14:59:00,1149.94,Delivered
ORD01000,CUST0362,2025-10-27 02:33:00,1284.9,Delivered
ORD01001,CUST0273,2025-07-26 13:27:00,1284.9,Cancelled
ORD01002,CUST0120,2025-01-26 14:37:00,1284.9,Out For Delivery
ORD01003,CUST0269,2025-10-27 07:34:00,1424.88,Cancelled
ORD01005,CUST0262,2025-11-09 19:32:00,1515.15,Cancelled
ORD01006,CUST0405,2026-02-06 19:33:00,1633.32,Placed
ORD01007,CUST0702,2025-03-03 13:24:00,1899.78,Placed
ORD01008,CUST0102,2025-03-18 06:31:00,217.85,Delivered
ORD01009,CUST0851,2025-03-31 10:27:00,1868.72,Cancelled
ORD01010,CUST0597,2025-10-19 03:39:00,135.19,Out For Delivery
ORD01011,CUST0979,2025-12-05 04:01:00,222.35,Delivered
ORD01012,CUST0176,2025-02-24 02:26:00,480.06,Placed
ORD01013,CUST0266,2025-02-18 17:51:00,986.5,Cancelled
ORD01014,CUST0907,2026-02-04 18:28:00,2253.87,Placed
ORD01015,CUST0749,2026-03-05 17:32:00,1284.9,Cancelled
ORD01016,CUST0073,2026-05-12 17:59:00,724.09,Cancelled
ORD01017,CUST0463,2026-04-30 11:33:00,2325.05,Cancelled
ORD01018,CUST0383,2025-08-13 00:34:00,2048.49,Out For Delivery
ORD01019,CUST0328,2025-08-31 21:05:00,531.59,Preparing
ORD01020,CUST0610,2025-07-26 02:48:00,301.68,Preparing
ORD01021,CUST0837,2025-10-30 08:50:00,1708.99,Cancelled
ORD01022,CUST0744,2026-01-21 12:37:00,1708.66,Delivered
ORD01023,CUST0045,2025-10-29 11:14:00,720.76,Placed
ORD01024,CUST0364,2025-08-07 01:31:00,1641.58,Preparing
ORD01025,CUST0828,2025-12-20 17:35:00,1834.88,Out For Delivery
ORD01026,CUST0595,2026-02-13 21:42:00,536.14,Placed
ORD01027,CUST0719,2025-11-24 09:53:00,1020.95,Preparing
ORD01028,CUST0440,2025-01-14 08:28:00,1284.9,Delivered
ORD01029,CUST0105,2025-07-17 04:10:00,953.37,Preparing
ORD01030,CUST0556,2025-10-07 04:00:00,1477.29,Preparing
ORD01031,CUST0714,2025-09-14 07:39:00,1146.18,Out For Delivery
ORD01032,CUST0771,2025-09-27 14:38:00,1119.79,Cancelled
ORD01033,CUST0076,2025-04-20 03:37:00,2486.13,Preparing
ORD01034,CUST0615,2025-11-24 05:52:00,1815.36,Placed
ORD01035,CUST0418,2026-04-03 00:21:00,696.7,Out For Delivery
ORD01036,CUST0411,2025-06-20 22:01:00,964.76,Out For Delivery
ORD01037,CUST0269,2025-03-05 19:06:00,1660.69,Preparing
ORD01038,CUST0807,2025-10-18 13:25:00,1228.11,Delivered
ORD01039,CUST0067,2026-01-31 16:08:00,1526.91,Cancelled
ORD01040,CUST0560,2025-10-05 23:00:00,1208.14,Cancelled
ORD01041,CUST0454,2025-05-19 13:33:00,351.01,Preparing
ORD01042,CUST0942,2025-07-21 20:24:00,1410.2,Cancelled
ORD01043,CUST0938,2025-05-08 22:37:00,1584.51,Delivered
ORD01044,CUST0581,2025-06-09 22:57:00,885.58,Cancelled
ORD01045,CUST0676,2025-01-26 03:07:00,1833.72,Preparing
ORD01046,CUST0490,2025-07-04 07:44:00,2233.97,Placed
ORD01047,CUST0081,2025-08-05 21:46:00,2098.06,Cancelled
ORD01048,CUST0405,2025-04-17 13:20:00,2442.07,Preparing
ORD01049,CUST0336,2025-07-10 19:03:00,118.43,Placed
ORD01050,CUST0309,2026-02-18 04:19:00,1492.87,Preparing
ORD01051,CUST0385,2025-12-16 08:50:00,2167.75,Cancelled
ORD01052,CUST0052,2025-06-17 13:16:00,2068.46,Out For Delivery
ORD01053,CUST0502,2026-01-23 14:21:00,170.04,Delivered
ORD01054,CUST0327,2026-05-09 07:12:00,2032.64,Placed
ORD01055,CUST0802,2025-07-09 08:51:00,1015.02,Preparing
ORD01056,CUST0429,2025-06-22 22:18:00,1051.58,Out For Delivery
ORD01057,CUST0948,2025-01-28 00:44:00,1121.19,Preparing
ORD01058,CUST0186,2026-05-09 14:27:00,1248.08,Delivered
ORD01059,CUST0324,2025-11-10 02:24:00,289.76,Out For Delivery
ORD01060,CUST0382,2026-04-12 16:52:00,1380.18,Cancelled
ORD01061,CUST0007,2026-01-25 17:00:00,1513.14,Delivered
ORD01062,CUST0573,2025-03-07 06:55:00,1486.81,Out For Delivery
ORD01063,CUST0014,2026-04-22 08:28:00,1823.87,Out For Delivery
ORD01064,CUST0436,2025-02-08 04:46:00,495.1,Preparing
ORD01065,CUST0778,2026-03-29 15:21:00,929.73,Cancelled
ORD01066,CUST0546,2025-01-25 14:35:00,2065.6,Preparing
ORD01067,CUST0527,2025-03-31 09:08:00,1437.98,Preparing
ORD01068,CUST0371,2026-02-13 08:03:00,2366.97,Out For Delivery
ORD01069,CUST0668,2025-08-28 10:47:00,572.34,Placed
ORD01070,CUST0158,2026-04-24 22:28:00,1389.44,Delivered
ORD01071,CUST0836,2025-02-13 14:28:00,1055.55,Preparing
ORD01072,CUST0657,2025-12-14 23:10:00,173.69,Cancelled
ORD01073,CUST0840,2025-02-07 15:22:00,1672.13,Placed
ORD01074,CUST0803,2025-07-18 07:52:00,1284.9,Preparing
ORD01075,CUST0812,2025-04-28 10:46:00,2091.38,Out For Delivery
ORD01076,CUST0869,2025-04-28 09:00:00,2310.0,Placed
ORD01077,CUST0406,2025-08-14 15:32:00,2272.01,Delivered
ORD01078,CUST0261,2025-05-11 21:23:00,1125.99,Cancelled
ORD01079,CUST0371,2025-12-19 02:30:00,621.86,Cancelled
ORD01080,CUST0667,2026-01-22 23:42:00,1644.76,Placed
ORD01081,CUST0515,2025-09-20 21:16:00,1864.82,Cancelled
ORD01082,CUST0601,2025-09-28 16:49:00,2228.14,Cancelled
ORD01083,CUST0323,2025-09-04 18:44:00,1250.42,Out For Delivery
ORD01084,CUST0260,2025-07-12 07:02:00,2168.43,Cancelled
ORD01085,CUST0728,2025-05-10 05:17:00,588.96,Cancelled
ORD01086,CUST0167,2025-09-24 07:15:00,347.69,Placed
ORD01087,CUST0512,2025-01-16 12:58:00,2364.88,Cancelled
ORD01088,CUST0888,2025-09-21 01:45:00,2317.9,Preparing
ORD01089,CUST0120,2025-01-08 05:14:00,105.07,Placed
ORD01090,CUST0445,2025-07-14 03:02:00,1319.02,Cancelled
ORD01091,CUST0822,2025-12-13 15:45:00,126.89,Placed
ORD01092,CUST0393,2026-02-12 02:18:00,1838.81,Cancelled
ORD01093,CUST0250,2025-11-25 02:37:00,213.68,Delivered
ORD01094,CUST0785,2026-03-15 17:41:00,855.67,Delivered
ORD01096,CUST0938,2025-04-04 00:23:00,769.47,Out For Delivery
ORD01097,CUST0449,2026-03-04 02:21:00,1753.68,Delivered
ORD01098,CUST0400,2025-08-05 08:05:00,2271.97,Delivered
ORD01099,CUST0089,2025-12-29 02:45:00,2483.48,Preparing
ORD01101,CUST0043,2025-09-25 19:00:00,1448.07,Preparing
ORD01102,CUST0302,2025-10-11 04:24:00,1461.92,Cancelled
ORD01103,CUST0471,2026-02-06 00:33:00,1140.28,Cancelled
ORD01104,CUST0122,2025-08-30 16:43:00,1264.71,Cancelled
ORD01105,CUST0823,2025-10-30 13:11:00,2125.34,Cancelled
ORD01106,CUST0710,2025-11-01 07:08:00,308.74,Delivered
ORD01107,CUST0368,2025-08-21 20:33:00,2094.49,Preparing
ORD01108,CUST0081,2025-10-11 00:48:00,2253.57,Out For Delivery
ORD01109,CUST0803,2025-08-25 11:21:00,2431.64,Placed
ORD01110,CUST0724,2025-02-16 21:47:00,812.31,Cancelled
ORD01111,CUST0555,2025-12-11 20:35:00,320.56,Cancelled
ORD01112,CUST0273,2025-04-01 05:09:00,1246.07,Cancelled
ORD01113,CUST0831,2025-12-29 08:46:00,739.36,Preparing
ORD01114,CUST0698,2025-05-31 11:31:00,208.89,Delivered
ORD01115,CUST0866,2025-10-23 04:08:00,981.21,Placed
ORD01117,CUST0471,2025-03-29 06:52:00,2134.28,Delivered
ORD01118,CUST0942,2025-10-14 19:20:00,1284.9,Out For Delivery
ORD01119,CUST0533,2025-11-30 16:11:00,728.36,Delivered
ORD01120,CUST0430,2025-02-07 12:59:00,1284.9,Out For Delivery
ORD01121,CUST0806,2025-06-29 17:41:00,2377.1,Placed
ORD01122,CUST0002,2025-11-09 05:54:00,2037.43,Placed
ORD01123,CUST0766,2026-03-27 01:47:00,2372.81,Delivered
ORD01124,CUST0205,2025-01-23 01:29:00,1132.45,Out For Delivery
ORD01126,CUST0320,2025-10-15 22:20:00,644.81,Preparing
ORD01127,CUST0424,2025-10-31 17:36:00,2157.91,Out For Delivery
ORD01128,CUST0980,2025-08-30 03:26:00,311.42,Cancelled
ORD01129,CUST0145,2026-05-16 15:12:00,2046.25,Placed
ORD01130,CUST0793,2025-02-06 01:16:00,468.95,Cancelled
ORD01131,CUST0702,2025-04-04 02:29:00,612.01,Out For Delivery
ORD01132,CUST0903,2026-02-26 07:21:00,463.32,Cancelled
ORD01133,CUST0559,2025-08-11 01:47:00,565.01,Cancelled
ORD01134,CUST0258,2026-04-02 09:59:00,568.56,Out For Delivery
ORD01135,CUST0234,2025-07-15 20:54:00,2296.01,Cancelled
ORD01136,CUST0457,2026-02-22 14:59:00,220.29,Out For Delivery
ORD01137,CUST0082,2025-07-06 12:10:00,538.65,Placed
ORD01138,CUST0342,2026-04-07 10:06:00,1609.47,Out For Delivery
ORD01139,CUST0615,2025-02-22 07:06:00,2492.28,Delivered
ORD01140,CUST0098,2025-11-04 21:01:00,2033.06,Delivered
ORD01141,CUST0720,2025-04-01 05:40:00,1821.01,Out For Delivery
ORD01142,CUST0942,2026-04-23 08:44:00,1738.21,Placed
ORD01143,CUST0187,2025-08-13 10:50:00,1284.9,Placed
ORD01144,CUST0778,2026-02-20 22:58:00,866.82,Out For Delivery
ORD01145,CUST0188,2026-04-10 11:51:00,1747.34,Out For Delivery
ORD01146,CUST0348,2025-01-17 14:18:00,2103.41,Placed
ORD01147,CUST0865,2025-03-08 14:38:00,2333.8,Cancelled
ORD01148,CUST0936,2025-04-29 21:48:00,215.55,Delivered
ORD01149,CUST0222,2026-05-12 09:49:00,587.83,Cancelled
ORD01150,CUST0130,2026-04-26 01:56:00,209.46,Cancelled
ORD01151,CUST0066,2025-02-06 17:19:00,2283.66,Preparing
ORD01152,CUST0631,2025-11-12 05:34:00,1923.92,Preparing
ORD01153,CUST0349,2025-03-17 01:23:00,179.82,Delivered
ORD01154,CUST0592,2025-01-07 20:01:00,1128.34,Cancelled
ORD01155,CUST0735,2025-08-13 15:16:00,1769.08,Preparing
ORD01156,CUST0712,2025-12-15 04:45:00,622.73,Preparing
ORD01157,CUST0595,2025-12-24 11:55:00,106.67,Delivered
ORD01159,CUST0218,2025-07-14 10:16:00,1038.79,Out For Delivery
ORD01160,CUST0189,2025-10-26 01:40:00,2372.86,Preparing
ORD01161,CUST0339,2026-03-15 03:04:00,1284.9,Cancelled
ORD01162,CUST0432,2026-03-06 21:02:00,113.48,Cancelled
ORD01163,CUST0260,2025-05-05 00:09:00,379.96,Delivered
ORD01164,CUST0140,2025-11-12 00:18:00,902.83,Delivered
ORD01165,CUST0577,2025-10-12 17:28:00,1457.42,Preparing
ORD01166,CUST0608,2026-01-30 13:19:00,211.42,Preparing
ORD01167,CUST0184,2026-02-13 00:56:00,1198.18,Out For Delivery
ORD01168,CUST0474,2025-08-26 00:44:00,102.63,Delivered
ORD01169,CUST0863,2025-03-24 07:45:00,114.69,Preparing
ORD01170,CUST0102,2025-11-28 19:46:00,262.06,Cancelled
ORD01171,CUST0932,2025-09-08 23:00:00,1457.3,Delivered
ORD01172,CUST0448,2025-04-19 17:23:00,1421.44,Cancelled
ORD01173,CUST0475,2025-12-20 15:10:00,326.07,Cancelled
ORD01174,CUST0769,2026-01-31 10:58:00,1383.95,Cancelled
ORD01175,CUST0385,2025-11-08 04:32:00,1251.02,Preparing
ORD01176,CUST0985,2026-03-28 09:55:00,330.34,Cancelled
ORD01177,CUST0489,2025-03-25 00:03:00,613.0,Out For Delivery
ORD01178,CUST0859,2025-04-28 04:42:00,241.98,Placed
ORD01179,CUST0286,2025-12-02 06:46:00,1898.33,Cancelled
ORD01180,CUST0998,2026-05-04 11:36:00,571.08,Placed
ORD01181,CUST0753,2025-01-07 04:02:00,2448.82,Out For Delivery
ORD01182,CUST0225,2026-03-13 04:08:00,1295.26,Preparing
ORD01183,CUST0382,2026-01-03 06:02:00,1922.33,Cancelled
ORD01184,CUST0049,2025-07-28 08:25:00,1737.24,Placed
ORD01185,CUST0237,2026-04-24 14:29:00,1054.92,Cancelled
ORD01186,CUST0136,2026-01-29 02:43:00,488.56,Cancelled
ORD01187,CUST0833,2025-12-18 23:04:00,1007.49,Cancelled
ORD01188,CUST0597,2026-01-19 16:13:00,1984.38,Out For Delivery
ORD01189,CUST0555,2026-02-25 08:04:00,1040.52,Preparing
ORD01190,CUST0208,2026-04-26 03:26:00,1302.61,Out For Delivery
ORD01191,CUST0993,2026-03-07 13:53:00,1043.81,Placed
ORD01192,CUST0953,2025-03-20 02:36:00,1044.92,Out For Delivery
ORD01193,CUST0798,2026-01-26 08:19:00,1158.34,Delivered
ORD01194,CUST0314,2025-11-06 06:45:00,1100.4,Placed
ORD01195,CUST0172,2025-08-21 06:08:00,1024.82,Delivered
ORD01196,CUST0303,2026-05-11 04:16:00,1086.25,Preparing
ORD01197,CUST0964,2025-12-02 17:44:00,1716.41,Placed
ORD01198,CUST0652,2026-03-30 01:34:00,2377.94,Cancelled
ORD01199,CUST0758,2025-11-15 13:09:00,1838.45,Placed
ORD01200,CUST0390,2025-05-15 07:12:00,2032.0,Preparing
ORD01201,CUST0289,2026-04-30 14:11:00,1700.11,Out For Delivery
ORD01202,CUST0267,2026-05-02 06:52:00,1754.86,Placed
ORD01203,CUST0869,2025-12-09 16:31:00,997.27,Out For Delivery
ORD01204,CUST0746,2025-07-19 22:36:00,1298.51,Delivered
ORD01205,CUST0738,2026-02-13 08:46:00,2263.57,Out For Delivery
ORD01206,CUST0246,2025-08-12 11:36:00,2157.39,Delivered
ORD01207,CUST0796,2025-09-15 12:51:00,600.69,Out For Delivery
ORD01208,CUST0293,2025-07-09 00:34:00,119.01,Out For Delivery
ORD01209,CUST0940,2026-04-27 09:32:00,920.06,Delivered
ORD01210,CUST0963,2025-07-10 18:24:00,2126.17,Preparing
ORD01211,CUST0014,2025-08-21 08:08:00,1964.61,Cancelled
ORD01212,CUST0395,2025-03-04 09:03:00,2388.78,Cancelled
ORD01213,CUST0919,2025-03-22 13:52:00,1964.2,Out For Delivery
ORD01214,CUST0464,2025-10-18 13:14:00,1198.95,Placed
ORD01215,CUST0019,2025-01-16 17:41:00,392.76,Cancelled
ORD01216,CUST0146,2026-04-23 03:05:00,1417.56,Placed
ORD01217,CUST0326,2025-03-22 06:23:00,1679.06,Preparing
ORD01218,CUST0817,2025-08-24 08:17:00,1661.17,Delivered
ORD01219,CUST0659,2026-05-10 05:55:00,2058.08,Placed
ORD01220,CUST0350,2026-03-25 23:52:00,2271.85,Delivered
ORD01221,CUST0410,2025-12-16 10:26:00,1223.27,Placed
ORD01222,CUST0848,2025-01-24 20:44:00,466.0,Delivered
ORD01223,CUST0950,2026-04-25 11:20:00,1284.9,Placed
ORD01224,CUST0496,2026-03-15 21:11:00,257.71,Preparing
ORD01225,CUST0969,2025-04-10 03:27:00,822.7,Cancelled
ORD01226,CUST0941,2025-04-22 12:33:00,1765.91,Delivered
ORD01227,CUST0204,2025-03-04 06:24:00,942.55,Preparing
ORD01228,CUST0929,2026-01-05 00:38:00,1481.47,Delivered
ORD01229,CUST0737,2025-07-11 19:22:00,2163.54,Preparing
ORD01230,CUST0155,2025-11-24 22:49:00,644.41,Cancelled
ORD01231,CUST0623,2025-03-31 00:18:00,1236.84,Preparing
ORD01232,CUST0233,2025-08-05 13:05:00,2432.78,Delivered
ORD01233,CUST0565,2026-05-15 14:02:00,1033.82,Delivered
ORD01234,CUST0518,2026-02-18 05:53:00,1284.9,Placed
ORD01235,CUST0406,2025-02-21 11:41:00,2076.7,Cancelled
ORD01236,CUST0695,2025-10-14 20:11:00,2412.78,Delivered
ORD01237,CUST0446,2026-04-18 22:48:00,2162.87,Delivered
ORD01238,CUST0772,2025-05-15 04:09:00,2427.67,Preparing
ORD01239,CUST0146,2026-05-03 05:58:00,140.53,Placed
ORD01240,CUST0158,2025-06-27 17:42:00,1458.58,Preparing
ORD01241,CUST0415,2025-01-30 12:11:00,1583.04,Out For Delivery
ORD01242,CUST0922,2025-07-19 07:53:00,1996.85,Delivered
ORD01243,CUST0876,2025-11-28 03:34:00,1052.37,Delivered
ORD01244,CUST0007,2025-09-06 21:20:00,1441.34,Out For Delivery
ORD01245,CUST0332,2025-03-18 00:56:00,627.4,Delivered
ORD01246,CUST0521,2026-02-06 09:42:00,1470.19,Delivered
ORD01247,CUST0322,2026-01-10 08:50:00,967.68,Out For Delivery
ORD01248,CUST0960,2025-11-17 21:04:00,1127.49,Out For Delivery
ORD01249,CUST0941,2025-12-11 10:21:00,140.58,Placed
ORD01250,CUST0217,2025-10-30 10:28:00,958.61,Preparing
ORD01251,CUST0831,2025-03-12 00:16:00,2443.35,Placed
ORD01252,CUST0509,2025-02-19 04:46:00,459.21,Placed
ORD01253,CUST0770,2026-01-02 13:57:00,1068.48,Cancelled
ORD01254,CUST0038,2025-10-17 16:30:00,495.94,Delivered
ORD01255,CUST0818,2025-11-05 05:08:00,1034.57,Placed
ORD01256,CUST0591,2026-05-09 16:34:00,1657.0,Delivered
ORD01257,CUST0959,2025-04-17 20:43:00,2298.02,Out For Delivery
ORD01258,CUST0646,2026-01-30 12:21:00,174.11,Cancelled
ORD01259,CUST0653,2025-06-21 05:14:00,209.63,Placed
ORD01260,CUST0025,2026-02-01 11:31:00,753.49,Out For Delivery
ORD01261,CUST0944,2025-05-26 15:00:00,102.86,Delivered
ORD01262,CUST0314,2025-06-08 17:42:00,1291.39,Out For Delivery
ORD01263,CUST0946,2025-06-08 02:26:00,1025.58,Out For Delivery
ORD01264,CUST0264,2026-03-16 10:02:00,686.23,Out For Delivery
ORD01265,CUST0039,2025-10-29 23:24:00,1456.11,Cancelled
ORD01266,CUST0081,2025-02-26 20:36:00,429.65,Delivered
ORD01267,CUST0712,2025-07-09 18:29:00,530.19,Out For Delivery
ORD01268,CUST0474,2025-07-31 21:13:00,663.45,Placed
ORD01269,CUST0939,2025-09-26 19:54:00,1467.8,Out For Delivery
ORD01270,CUST0289,2025-07-31 21:27:00,2433.7,Out For Delivery
ORD01271,CUST0300,2026-01-17 07:19:00,1985.36,Out For Delivery
ORD01272,CUST0951,2025-11-05 18:15:00,681.9,Out For Delivery
ORD01273,CUST0232,2025-10-22 08:56:00,141.22,Cancelled
ORD01274,CUST0608,2025-06-18 16:26:00,1835.08,Preparing
ORD01275,CUST0546,2025-11-25 16:37:00,747.06,Preparing
ORD01276,CUST0916,2026-01-25 18:28:00,1759.05,Placed
ORD01277,CUST0491,2025-06-17 09:57:00,934.59,Out For Delivery
ORD01278,CUST0380,2025-06-22 15:51:00,1284.9,Preparing
ORD01280,CUST0581,2025-01-28 00:09:00,2199.14,Placed
ORD01281,CUST0752,2026-03-19 14:21:00,2174.37,Cancelled
ORD01282,CUST0339,2025-10-26 10:40:00,1231.25,Placed
ORD01283,CUST0826,2025-02-10 18:39:00,265.08,Out For Delivery
ORD01284,CUST0713,2025-06-17 12:24:00,273.95,Cancelled
ORD01285,CUST0210,2025-06-01 05:12:00,1284.9,Preparing
ORD01286,CUST0318,2025-08-23 09:11:00,1284.9,Placed
ORD01287,CUST0462,2026-01-01 18:26:00,1763.55,Delivered
ORD01288,CUST0029,2025-01-17 17:50:00,2378.9,Out For Delivery
ORD01289,CUST0583,2026-03-17 08:24:00,2402.23,Preparing
ORD01290,CUST0663,2025-12-06 15:28:00,254.59,Out For Delivery
ORD01291,CUST0213,2026-03-07 10:03:00,1387.75,Out For Delivery
ORD01292,CUST0835,2025-10-14 19:17:00,912.02,Delivered
ORD01293,CUST0772,2026-04-18 05:12:00,1348.75,Preparing
ORD01294,CUST0140,2025-01-09 04:21:00,2479.62,Preparing
ORD01296,CUST0923,2025-08-08 14:23:00,125.69,Delivered
ORD01297,CUST0625,2025-06-27 10:15:00,236.0,Out For Delivery
ORD01298,CUST0081,2026-04-28 05:58:00,1496.13,Out For Delivery
ORD01299,CUST0030,2025-04-21 08:45:00,2001.77,Placed
ORD01300,CUST0070,2026-04-30 18:51:00,2498.56,Placed
ORD01301,CUST0981,2025-03-25 21:51:00,225.09,Out For Delivery
ORD01302,CUST0740,2025-07-31 08:42:00,1210.17,Placed
ORD01303,CUST0652,2025-12-20 15:20:00,1093.41,Cancelled
ORD01304,CUST0883,2025-04-04 08:03:00,1635.57,Preparing
ORD01305,CUST0158,2026-02-08 21:30:00,914.75,Placed
ORD01306,CUST0042,2026-02-15 18:50:00,1024.67,Cancelled
ORD01307,CUST0520,2026-01-07 23:09:00,1265.12,Preparing
ORD01308,CUST0079,2026-02-11 05:06:00,306.29,Placed
ORD01309,CUST0526,2025-01-22 07:44:00,1752.06,Delivered
ORD01310,CUST0052,2025-12-09 02:29:00,2171.09,Delivered
ORD01311,CUST0645,2026-04-23 07:38:00,348.57,Cancelled
ORD01312,CUST0183,2025-11-03 10:47:00,1934.36,Delivered
ORD01313,CUST0928,2025-09-10 12:47:00,628.75,Delivered
ORD01315,CUST0267,2025-10-30 20:24:00,561.66,Preparing
ORD01317,CUST0313,2025-09-15 16:31:00,1284.9,Out For Delivery
ORD01318,CUST0824,2025-03-27 00:55:00,1739.48,Cancelled
ORD01319,CUST0785,2026-03-24 10:12:00,1175.67,Out For Delivery
ORD01320,CUST0407,2025-08-07 20:42:00,2374.31,Cancelled
ORD01321,CUST0275,2025-04-05 14:58:00,865.38,Preparing
ORD01322,CUST0158,2025-01-09 13:05:00,938.3,Placed
ORD01323,CUST0029,2025-12-01 11:36:00,478.4,Cancelled
ORD01324,CUST0947,2026-03-19 13:13:00,1519.39,Out For Delivery
ORD01325,CUST0412,2025-04-30 13:15:00,1828.48,Preparing
ORD01326,CUST0638,2026-01-06 09:42:00,531.72,Delivered
ORD01327,CUST0266,2025-11-16 16:01:00,1422.94,Placed
ORD01328,CUST0229,2025-12-02 17:48:00,204.66,Cancelled
ORD01329,CUST0722,2026-03-15 05:04:00,300.9,Preparing
ORD01330,CUST0801,2025-02-09 11:47:00,1690.59,Placed
ORD01331,CUST0891,2025-08-11 17:26:00,2479.44,Out For Delivery
ORD01332,CUST0597,2025-02-26 16:20:00,1389.36,Delivered
ORD01333,CUST0137,2026-03-05 21:00:00,1031.84,Cancelled
ORD01334,CUST0510,2025-08-15 20:33:00,2096.58,Cancelled
ORD01335,CUST0398,2025-11-23 12:18:00,1058.31,Out For Delivery
ORD01336,CUST0446,2026-01-06 04:13:00,532.7,Cancelled
ORD01337,CUST0829,2025-03-16 05:04:00,141.06,Placed
ORD01338,CUST0260,2025-09-30 06:50:00,775.37,Delivered
ORD01339,CUST0582,2026-01-31 22:55:00,1230.54,Cancelled
ORD01340,CUST0417,2025-10-29 19:38:00,766.44,Cancelled
ORD01341,CUST0716,2025-04-12 03:47:00,236.83,Delivered
ORD01343,CUST0553,2025-06-22 06:34:00,2195.12,Placed
ORD01344,CUST0830,2025-04-02 08:15:00,2257.95,Cancelled
ORD01345,CUST0567,2025-12-19 05:59:00,2044.76,Preparing
ORD01346,CUST0627,2025-02-01 01:28:00,1774.02,Preparing
ORD01347,CUST0956,2025-05-05 07:11:00,2483.06,Preparing
ORD01348,CUST0915,2025-07-17 21:50:00,589.23,Delivered
ORD01349,CUST0518,2025-06-22 20:07:00,2412.34,Delivered
ORD01350,CUST0254,2025-08-11 17:19:00,360.78,Placed
ORD01351,CUST0811,2025-03-22 06:57:00,1561.06,Placed
ORD01352,CUST0749,2026-05-13 07:22:00,1206.61,Cancelled
ORD01353,CUST0489,2025-06-16 22:48:00,1780.76,Delivered
ORD01354,CUST0395,2025-02-18 20:02:00,1609.96,Out For Delivery
ORD01355,CUST0651,2026-04-06 17:33:00,1670.05,Out For Delivery
ORD01356,CUST0131,2025-08-28 19:28:00,380.27,Cancelled
ORD01357,CUST0608,2025-08-03 18:54:00,692.68,Out For Delivery
ORD01358,CUST0753,2025-12-12 00:45:00,461.62,Delivered
ORD01359,CUST0842,2025-07-24 17:24:00,1567.93,Out For Delivery
ORD01360,CUST0332,2025-08-18 06:19:00,1523.62,Preparing
ORD01361,CUST0280,2025-12-10 13:40:00,1933.59,Out For Delivery
ORD01362,CUST0623,2025-01-12 14:17:00,442.53,Cancelled
ORD01363,CUST0312,2025-02-02 14:36:00,1284.9,Cancelled
ORD01364,CUST0469,2025-06-07 21:43:00,1441.96,Cancelled
ORD01365,CUST0283,2025-02-08 16:12:00,2024.76,Out For Delivery
ORD01366,CUST0296,2026-03-06 14:33:00,924.07,Delivered
ORD01367,CUST0547,2025-02-24 12:18:00,1380.89,Out For Delivery
ORD01369,CUST0856,2026-03-31 01:10:00,2406.83,Placed
ORD01370,CUST0617,2026-04-07 01:01:00,529.94,Cancelled
ORD01371,CUST0107,2026-01-30 07:00:00,1395.1,Cancelled
ORD01372,CUST0043,2025-06-18 15:19:00,1398.06,Preparing
ORD01373,CUST0269,2026-03-03 23:06:00,1284.9,Preparing
ORD01374,CUST0458,2026-02-08 11:58:00,101.52,Placed
ORD01375,CUST0779,2025-12-14 12:06:00,2186.65,Cancelled
ORD01376,CUST0934,2026-05-11 11:24:00,1439.1,Cancelled
ORD01377,CUST0555,2025-12-07 09:27:00,224.29,Delivered
ORD01378,CUST0670,2025-03-02 16:30:00,1284.9,Placed
ORD01379,CUST0209,2025-08-07 11:56:00,214.25,Out For Delivery
ORD01380,CUST0993,2025-05-10 04:38:00,203.84,Delivered
ORD01381,CUST0433,2025-10-14 12:52:00,495.6,Placed
ORD01382,CUST0130,2025-03-01 10:58:00,1533.66,Delivered
ORD01383,CUST0787,2025-04-02 05:54:00,1561.57,Out For Delivery
ORD01384,CUST0664,2025-12-04 09:28:00,720.69,Out For Delivery
ORD01385,CUST0555,2025-05-28 21:50:00,1533.49,Cancelled
ORD01386,CUST0869,2026-02-26 07:34:00,114.66,Placed
ORD01387,CUST0747,2025-06-28 06:06:00,2089.36,Cancelled
ORD01388,CUST0404,2025-03-07 21:11:00,2333.24,Placed
ORD01389,CUST0243,2026-04-18 20:09:00,1211.95,Preparing
ORD01390,CUST0658,2025-10-07 23:15:00,1433.64,Out For Delivery
ORD01391,CUST0599,2025-12-09 09:10:00,931.06,Out For Delivery
ORD01392,CUST0515,2025-06-17 15:23:00,1176.7,Placed
ORD01393,CUST0873,2025-11-23 01:23:00,322.59,Delivered
ORD01394,CUST0236,2026-01-27 11:40:00,1953.71,Out For Delivery
ORD01395,CUST0762,2026-03-13 23:18:00,1994.73,Delivered
ORD01396,CUST0720,2026-02-17 18:29:00,794.52,Cancelled
ORD01397,CUST0501,2025-09-19 17:01:00,399.55,Preparing
ORD01398,CUST0071,2025-12-19 06:15:00,1350.8,Cancelled
ORD01399,CUST0039,2025-09-20 15:32:00,520.2,Cancelled
ORD01401,CUST0321,2025-04-03 03:28:00,1080.62,Preparing
ORD01402,CUST0495,2026-02-20 16:03:00,1454.86,Placed
ORD01403,CUST0193,2025-05-30 08:55:00,310.29,Delivered
ORD01404,CUST0167,2025-10-31 12:37:00,2468.65,Preparing
ORD01405,CUST0602,2025-11-06 18:16:00,1609.85,Delivered
ORD01406,CUST0054,2025-11-09 18:36:00,169.58,Placed
ORD01407,CUST0568,2025-06-24 15:14:00,1375.1,Preparing
ORD01408,CUST0349,2025-03-25 03:45:00,1526.68,Cancelled
ORD01409,CUST0667,2025-05-31 12:17:00,1335.04,Cancelled
ORD01410,CUST0923,2026-03-06 21:39:00,1498.81,Delivered
ORD01411,CUST0380,2026-02-26 15:21:00,1470.44,Cancelled
ORD01412,CUST0114,2026-03-08 18:03:00,271.5,Cancelled
ORD01413,CUST0677,2026-04-05 21:54:00,277.55,Preparing
ORD01414,CUST0655,2025-11-08 14:57:00,134.53,Out For Delivery
ORD01415,CUST0938,2026-05-10 08:59:00,337.32,Out For Delivery
ORD01416,CUST0509,2026-01-25 05:33:00,2456.9,Placed
ORD01417,CUST0654,2025-01-16 06:33:00,1904.77,Cancelled
ORD01418,CUST0252,2025-11-09 15:53:00,760.25,Out For Delivery
ORD01419,CUST0024,2026-01-13 19:42:00,2418.57,Cancelled
ORD01420,CUST0108,2025-08-16 14:36:00,857.49,Cancelled
ORD01421,CUST0600,2025-04-17 07:52:00,314.63,Out For Delivery
ORD01422,CUST0022,2026-01-22 23:29:00,128.53,Out For Delivery
ORD01423,CUST0021,2026-01-18 23:07:00,678.71,Cancelled
ORD01424,CUST0879,2025-09-30 04:54:00,1238.35,Preparing
ORD01425,CUST0125,2025-05-05 23:27:00,241.77,Cancelled
ORD01426,CUST0104,2026-03-15 16:45:00,780.18,Placed
ORD01427,CUST0732,2025-08-25 06:25:00,923.8,Cancelled
ORD01428,CUST0412,2025-03-13 14:05:00,936.83,Cancelled
ORD01429,CUST0362,2025-05-04 19:03:00,1603.92,Cancelled
ORD01430,CUST0770,2026-03-07 13:05:00,2393.5,Delivered
ORD01431,CUST0343,2026-03-17 12:52:00,1503.48,Cancelled
ORD01432,CUST0899,2025-03-01 03:24:00,1042.93,Cancelled
ORD01433,CUST0521,2026-04-12 07:30:00,1196.65,Preparing
ORD01435,CUST0827,2025-05-11 08:04:00,1284.9,Placed
ORD01436,CUST0714,2025-08-25 10:40:00,903.43,Out For Delivery
ORD01437,CUST0999,2025-07-11 03:02:00,1444.52,Placed
ORD01438,CUST0009,2025-05-16 04:31:00,1113.33,Cancelled
ORD01439,CUST0266,2025-12-13 08:29:00,1911.95,Preparing
ORD01440,CUST0949,2025-01-12 18:26:00,207.77,Delivered
ORD01441,CUST0882,2026-04-15 21:55:00,2416.46,Placed
ORD01442,CUST0550,2026-01-26 08:39:00,1936.63,Out For Delivery
ORD01443,CUST0877,2025-12-28 07:53:00,888.76,Delivered
ORD01444,CUST0465,2025-05-17 06:01:00,1119.56,Cancelled
ORD01445,CUST0808,2025-02-24 12:53:00,750.37,Placed
ORD01446,CUST0605,2025-09-15 16:57:00,1284.2,Cancelled
ORD01447,CUST0368,2026-05-08 16:14:00,614.68,Out For Delivery
ORD01448,CUST0850,2025-05-09 03:14:00,1552.1,Cancelled
ORD01449,CUST0358,2025-04-09 16:52:00,1105.91,Placed
ORD01450,CUST0137,2025-06-28 08:50:00,194.85,Out For Delivery
ORD01451,CUST0884,2026-03-22 07:57:00,183.64,Out For Delivery
ORD01452,CUST0275,2026-01-24 08:04:00,1797.46,Delivered
ORD01453,CUST0279,2025-02-21 18:13:00,990.96,Preparing
ORD01454,CUST0061,2025-11-15 15:45:00,337.1,Preparing
ORD01455,CUST0975,2025-08-27 00:37:00,1439.25,Preparing
ORD01456,CUST0887,2026-04-23 18:26:00,525.89,Placed
ORD01457,CUST0813,2025-03-15 05:18:00,2097.72,Preparing
ORD01458,CUST0547,2026-03-01 19:03:00,833.15,Cancelled
ORD01459,CUST0221,2025-01-26 15:00:00,1058.46,Preparing
ORD01460,CUST0798,2025-01-18 01:38:00,2001.81,Delivered
ORD01461,CUST0139,2025-02-05 18:23:00,1284.9,Cancelled
ORD01462,CUST0488,2025-11-06 10:01:00,1287.84,Preparing
ORD01463,CUST0989,2025-01-07 00:51:00,1576.81,Placed
ORD01464,CUST0671,2025-08-20 05:10:00,590.07,Delivered
ORD01465,CUST0484,2026-03-29 02:41:00,1284.9,Placed
ORD01466,CUST0324,2026-03-22 22:49:00,1078.03,Placed
ORD01467,CUST0172,2025-10-08 02:30:00,1191.49,Out For Delivery
ORD01468,CUST0149,2026-02-27 07:48:00,2156.39,Preparing
ORD01469,CUST0664,2025-07-23 00:09:00,615.22,Cancelled
ORD01470,CUST0978,2026-01-11 21:46:00,751.83,Delivered
ORD01471,CUST0185,2025-07-12 19:01:00,538.32,Out For Delivery
ORD01472,CUST0134,2025-08-29 13:05:00,1546.43,Out For Delivery
ORD01474,CUST0392,2025-01-19 04:06:00,1701.8,Out For Delivery
ORD01475,CUST0945,2026-03-07 02:10:00,1397.18,Delivered
ORD01476,CUST0751,2025-11-07 17:56:00,1249.53,Delivered
ORD01477,CUST0527,2025-12-12 13:08:00,1010.49,Placed
ORD01478,CUST0276,2025-06-09 14:16:00,1898.08,Delivered
ORD01479,CUST0091,2026-05-16 18:07:00,1277.67,Cancelled
ORD01480,CUST0448,2025-06-03 01:03:00,1868.74,Cancelled
ORD01481,CUST0966,2026-05-14 06:25:00,1852.87,Preparing
ORD01482,CUST0236,2025-05-23 17:17:00,749.01,Placed
ORD01483,CUST0588,2026-05-10 16:26:00,1136.06,Preparing
ORD01485,CUST0337,2025-01-01 06:48:00,246.3,Placed
ORD01486,CUST0813,2025-05-30 23:45:00,1188.25,Cancelled
ORD01488,CUST0818,2025-01-02 00:37:00,2140.95,Delivered
ORD01489,CUST0156,2026-02-25 07:08:00,583.7,Delivered
ORD01490,CUST0545,2026-04-29 18:46:00,1819.27,Placed
ORD01491,CUST0751,2025-06-22 09:34:00,2382.29,Cancelled
ORD01492,CUST0398,2025-05-06 01:03:00,1532.14,Cancelled
ORD01493,CUST0256,2025-08-11 03:56:00,2104.08,Delivered
ORD01494,CUST0904,2025-02-13 10:05:00,1432.71,Out For Delivery
ORD01495,CUST0145,2026-01-24 18:51:00,2434.67,Preparing
ORD01496,CUST0681,2025-01-07 02:23:00,1930.33,Out For Delivery
ORD01498,CUST0415,2025-08-10 14:09:00,329.18,Cancelled
ORD01499,CUST0739,2025-01-09 04:45:00,2284.6,Cancelled
ORD01500,CUST0228,2025-09-20 14:38:00,793.57,Placed
ORD01501,CUST0145,2025-01-18 16:22:00,268.07,Out For Delivery
ORD01502,CUST0479,2025-04-27 11:40:00,1087.81,Preparing
ORD01503,CUST0466,2025-01-09 00:18:00,1587.41,Cancelled
ORD01504,CUST0340,2025-02-24 17:07:00,2351.84,Preparing
ORD01505,CUST0355,2025-10-17 00:18:00,2241.41,Placed
ORD01506,CUST0617,2025-03-30 07:03:00,1080.16,Placed
ORD01507,CUST0535,2025-03-15 14:05:00,1836.18,Preparing
ORD01508,CUST0582,2026-01-12 20:27:00,314.97,Placed
ORD01509,CUST0546,2026-01-02 11:00:00,1130.52,Out For Delivery
ORD01510,CUST0913,2026-01-10 08:19:00,210.41,Out For Delivery
ORD01511,CUST0451,2025-08-03 07:54:00,1018.77,Placed
ORD01512,CUST0243,2025-01-04 11:31:00,2016.52,Preparing
ORD01513,CUST0866,2025-03-18 08:15:00,2406.65,Placed
ORD01514,CUST0174,2025-03-25 10:48:00,1730.53,Delivered
ORD01515,CUST0464,2025-01-02 16:25:00,1788.62,Delivered
ORD01516,CUST0802,2025-07-24 04:54:00,2460.56,Cancelled
ORD01517,CUST0419,2026-03-13 17:28:00,2126.34,Cancelled
ORD01518,CUST0083,2025-12-06 05:37:00,1284.9,Placed
ORD01519,CUST0112,2026-02-17 16:19:00,1260.09,Out For Delivery
ORD01520,CUST0321,2026-03-19 08:51:00,228.75,Delivered
ORD01521,CUST0561,2025-03-20 03:09:00,1997.51,Delivered
ORD01522,CUST0770,2025-07-02 05:22:00,1985.57,Placed
ORD01523,CUST0284,2026-02-15 09:41:00,1939.4,Placed
ORD01524,CUST0793,2025-04-11 17:35:00,1284.9,Preparing
ORD01525,CUST0240,2025-06-07 07:21:00,1993.49,Cancelled
ORD01526,CUST0184,2026-01-06 02:33:00,1508.05,Delivered
ORD01527,CUST0415,2025-05-13 00:22:00,2059.74,Placed
ORD01528,CUST0900,2025-07-09 09:12:00,769.52,Preparing
ORD01530,CUST0246,2025-09-12 04:06:00,1640.46,Cancelled
ORD01531,CUST0208,2025-03-25 01:44:00,1527.22,Cancelled
ORD01532,CUST0935,2026-05-06 01:05:00,762.45,Placed
ORD01533,CUST0487,2026-02-21 03:15:00,1755.66,Placed
ORD01534,CUST0668,2025-10-12 13:02:00,351.91,Delivered
ORD01535,CUST0963,2025-07-01 21:45:00,1903.01,Placed
ORD01536,CUST0596,2025-11-28 09:54:00,1219.98,Cancelled
ORD01537,CUST0010,2025-11-18 03:04:00,1150.12,Preparing
ORD01538,CUST0123,2025-01-12 15:59:00,1368.36,Delivered
ORD01540,CUST0437,2025-01-15 17:44:00,1970.07,Delivered
ORD01541,CUST0916,2025-04-14 21:38:00,1511.39,Delivered
ORD01542,CUST0124,2025-10-02 06:31:00,644.04,Delivered
ORD01543,CUST0109,2026-04-06 00:11:00,1412.87,Cancelled
ORD01544,CUST0888,2026-05-12 16:02:00,1663.2,Out For Delivery
ORD01545,CUST0219,2026-03-25 12:11:00,2078.18,Delivered
ORD01546,CUST0394,2025-11-05 21:48:00,945.79,Delivered
ORD01547,CUST0021,2025-07-19 14:43:00,259.1,Cancelled
ORD01548,CUST0871,2026-04-14 11:44:00,2205.93,Preparing
ORD01549,CUST0119,2026-03-06 13:57:00,1284.9,Placed
ORD01550,CUST0223,2025-04-12 11:02:00,2391.98,Cancelled
ORD01551,CUST0161,2025-05-25 06:44:00,370.01,Cancelled
ORD01552,CUST0296,2025-10-05 09:32:00,156.6,Out For Delivery
ORD01553,CUST0616,2026-02-19 02:52:00,2159.56,Placed
ORD01554,CUST0073,2025-07-13 15:46:00,2038.1,Cancelled
ORD01555,CUST0414,2026-01-01 07:14:00,2345.72,Out For Delivery
ORD01556,CUST0096,2025-01-02 10:01:00,2213.11,Out For Delivery
ORD01557,CUST0788,2025-03-21 15:32:00,1504.5,Delivered
ORD01558,CUST0484,2025-05-07 17:21:00,1935.8,Placed
ORD01559,CUST0928,2025-08-18 15:21:00,421.57,Cancelled
ORD01560,CUST0519,2025-02-20 10:23:00,1003.31,Placed
ORD01561,CUST0473,2025-03-24 07:46:00,468.42,Out For Delivery
ORD01562,CUST0379,2026-01-31 08:27:00,1224.55,Placed
ORD01563,CUST0028,2025-08-24 06:03:00,1213.23,Out For Delivery
ORD01564,CUST0668,2025-09-04 17:41:00,1254.77,Placed
ORD01565,CUST0315,2025-04-27 16:01:00,2232.8,Out For Delivery
ORD01566,CUST0516,2026-03-10 10:45:00,534.56,Placed
ORD01567,CUST0266,2026-01-30 12:43:00,2455.04,Delivered
ORD01568,CUST0308,2025-01-24 14:26:00,426.66,Delivered
ORD01569,CUST0212,2025-03-15 15:04:00,1795.38,Out For Delivery
ORD01570,CUST0943,2025-07-25 15:26:00,959.52,Preparing
ORD01571,CUST0740,2025-09-16 15:38:00,2250.21,Placed
ORD01572,CUST0959,2025-09-25 12:37:00,523.28,Out For Delivery
ORD01573,CUST0266,2025-01-04 11:50:00,1359.58,Cancelled
ORD01574,CUST0592,2025-08-03 23:05:00,885.69,Delivered
ORD01575,CUST0010,2025-06-10 06:43:00,872.01,Delivered
ORD01576,CUST0610,2026-03-28 14:31:00,926.23,Preparing
ORD01577,CUST0722,2026-03-18 00:15:00,1364.72,Preparing
ORD01578,CUST0881,2025-07-26 23:53:00,1848.74,Preparing
ORD01579,CUST0967,2025-11-26 04:30:00,1927.78,Delivered
ORD01580,CUST0502,2025-08-07 19:07:00,355.86,Preparing
ORD01581,CUST0632,2026-03-29 17:23:00,743.69,Cancelled
ORD01582,CUST0034,2025-07-11 05:06:00,2392.85,Placed
ORD01583,CUST0184,2025-04-06 00:57:00,1091.7,Cancelled
ORD01585,CUST0890,2025-02-06 14:29:00,1922.74,Preparing
ORD01586,CUST0947,2025-04-10 14:56:00,2231.61,Placed
ORD01587,CUST0204,2025-04-17 05:26:00,540.5,Out For Delivery
ORD01588,CUST0116,2026-03-18 14:10:00,1978.05,Delivered
ORD01589,CUST0006,2025-10-04 07:36:00,1054.48,Out For Delivery
ORD01590,CUST0359,2025-11-12 23:39:00,1420.1,Placed
ORD01591,CUST0620,2025-04-26 04:29:00,2479.14,Delivered
ORD01592,CUST0164,2026-04-04 18:07:00,633.3,Placed
ORD01593,CUST0837,2025-08-08 01:08:00,1824.46,Delivered
ORD01594,CUST0176,2025-08-21 05:35:00,954.15,Preparing
ORD01595,CUST0767,2025-11-17 18:23:00,1834.69,Cancelled
ORD01596,CUST0836,2025-01-02 13:47:00,972.13,Delivered
ORD01598,CUST0610,2025-01-24 05:11:00,2269.88,Out For Delivery
ORD01599,CUST0034,2025-05-24 08:34:00,183.03,Preparing
ORD01600,CUST0981,2025-04-09 07:13:00,2397.77,Preparing
ORD01601,CUST0830,2025-07-11 20:51:00,2148.42,Placed
ORD01602,CUST0232,2025-06-22 09:21:00,1739.08,Placed
ORD01603,CUST0517,2026-02-21 17:51:00,1768.34,Preparing
ORD01604,CUST0252,2025-04-09 05:18:00,1045.87,Preparing
ORD01605,CUST0832,2025-10-03 00:22:00,1877.01,Preparing
ORD01606,CUST0808,2025-05-18 08:05:00,1491.49,Delivered
ORD01607,CUST0403,2025-06-10 19:38:00,2383.31,Placed
ORD01608,CUST0412,2025-04-12 02:30:00,1511.2,Out For Delivery
ORD01609,CUST0394,2025-04-04 19:49:00,1638.2,Cancelled
ORD01610,CUST0638,2026-02-12 03:37:00,1049.26,Placed
ORD01611,CUST0382,2025-04-29 23:25:00,1116.53,Out For Delivery
ORD01612,CUST0874,2025-09-18 20:58:00,1019.43,Preparing
ORD01613,CUST0436,2025-03-03 14:51:00,163.48,Cancelled
ORD01614,CUST0901,2025-09-30 08:20:00,749.16,Preparing
ORD01615,CUST0363,2025-12-20 07:55:00,123.84,Placed
ORD01616,CUST0143,2025-02-21 18:40:00,670.63,Placed
ORD01617,CUST0940,2025-10-30 14:40:00,1218.73,Preparing
ORD01618,CUST0881,2025-03-09 04:05:00,667.04,Out For Delivery
ORD01619,CUST0718,2026-04-23 17:50:00,532.8,Placed
ORD01620,CUST0505,2025-01-22 13:31:00,2090.84,Preparing
ORD01621,CUST0776,2025-03-29 18:37:00,1132.0,Placed
ORD01622,CUST0059,2025-03-26 10:29:00,1697.23,Delivered
ORD01623,CUST0342,2025-11-22 16:50:00,1864.58,Cancelled
ORD01624,CUST0176,2026-05-14 10:44:00,2004.96,Preparing
ORD01625,CUST0758,2025-09-18 08:25:00,1680.31,Preparing
ORD01626,CUST0883,2026-02-04 20:55:00,995.76,Cancelled
ORD01627,CUST0177,2025-04-04 11:00:00,1379.88,Out For Delivery
ORD01628,CUST0651,2025-07-27 05:48:00,819.7,Preparing
ORD01629,CUST0779,2025-05-09 05:41:00,2142.6,Preparing
ORD01630,CUST0281,2025-02-14 09:36:00,1525.65,Placed
ORD01631,CUST0404,2025-03-29 22:28:00,1083.78,Placed
ORD01632,CUST0351,2026-02-28 01:37:00,566.09,Placed
ORD01633,CUST0041,2025-01-10 22:14:00,219.77,Placed
ORD01634,CUST0782,2025-04-13 17:39:00,484.77,Delivered
ORD01635,CUST0228,2025-07-15 00:44:00,2416.22,Cancelled
ORD01636,CUST0039,2025-06-14 12:17:00,2316.33,Delivered
ORD01637,CUST1000,2025-08-12 04:25:00,1284.9,Out For Delivery
ORD01638,CUST0234,2025-08-26 05:12:00,316.32,Delivered
ORD01639,CUST0690,2025-02-26 06:55:00,1284.9,Placed
ORD01640,CUST0633,2025-05-13 09:45:00,1144.65,Preparing
ORD01641,CUST0399,2025-06-28 08:57:00,379.13,Preparing
ORD01642,CUST0675,2026-04-04 12:33:00,2382.45,Placed
ORD01643,CUST0810,2025-05-09 19:18:00,2439.23,Out For Delivery
ORD01644,CUST0485,2025-06-17 10:06:00,1159.31,Placed
ORD01645,CUST0631,2025-10-17 06:11:00,538.61,Preparing
ORD01646,CUST0316,2025-05-17 08:04:00,503.72,Out For Delivery
ORD01647,CUST0816,2025-04-11 16:52:00,713.27,Cancelled
ORD01649,CUST0573,2025-10-18 01:17:00,515.1,Cancelled
ORD01650,CUST0065,2025-12-01 00:00:00,645.13,Out For Delivery
ORD01651,CUST0760,2026-04-29 08:11:00,1842.67,Preparing
ORD01652,CUST0017,2026-03-04 01:37:00,1244.69,Placed
ORD01653,CUST0313,2025-09-08 20:40:00,325.27,Preparing
ORD01654,CUST0536,2025-05-15 08:13:00,1050.83,Delivered
ORD01655,CUST0864,2025-11-30 11:56:00,2250.63,Delivered
ORD01656,CUST0774,2025-04-30 12:35:00,2263.19,Placed
ORD01657,CUST0711,2025-02-14 16:23:00,1284.9,Cancelled
ORD01658,CUST0464,2025-09-01 22:10:00,363.99,Cancelled
ORD01659,CUST0466,2025-11-29 17:24:00,2443.1,Out For Delivery
ORD01660,CUST0035,2025-06-22 01:14:00,1166.1,Delivered
ORD01661,CUST0028,2025-07-22 15:41:00,606.38,Delivered
ORD01662,CUST0927,2025-03-03 17:59:00,1863.75,Delivered
ORD01663,CUST0934,2025-10-22 20:17:00,1574.34,Cancelled
ORD01664,CUST0442,2025-06-18 06:32:00,1723.01,Placed
ORD01665,CUST0587,2025-08-01 06:19:00,505.98,Cancelled
ORD01666,CUST0516,2026-01-23 15:25:00,2125.2,Out For Delivery
ORD01667,CUST0653,2025-06-04 18:08:00,383.08,Delivered
ORD01668,CUST0575,2025-08-05 22:48:00,1284.9,Delivered
ORD01669,CUST0192,2026-03-06 01:48:00,1931.21,Cancelled
ORD01670,CUST0901,2025-01-08 15:12:00,1492.52,Preparing
ORD01671,CUST0631,2025-02-11 21:36:00,2333.17,Delivered
ORD01672,CUST0720,2025-06-15 06:49:00,1212.76,Delivered
ORD01673,CUST0547,2025-08-05 09:39:00,1072.54,Out For Delivery
ORD01674,CUST0713,2025-10-30 17:43:00,662.6,Placed
ORD01675,CUST0335,2025-06-04 21:40:00,146.27,Out For Delivery
ORD01676,CUST0429,2025-08-19 00:24:00,252.42,Out For Delivery
ORD01677,CUST0003,2025-07-08 08:38:00,2400.62,Out For Delivery
ORD01678,CUST0761,2026-02-02 08:42:00,2048.14,Preparing
ORD01679,CUST0842,2026-01-15 02:29:00,367.95,Delivered
ORD01680,CUST0396,2025-11-21 12:41:00,632.31,Placed
ORD01681,CUST0594,2026-03-19 01:06:00,2142.19,Cancelled
ORD01682,CUST0923,2026-03-12 20:32:00,103.53,Delivered
ORD01683,CUST0056,2026-04-25 19:09:00,816.03,Delivered
ORD01684,CUST0526,2025-11-19 17:02:00,2255.81,Placed
ORD01685,CUST0542,2025-03-26 19:26:00,1663.08,Out For Delivery
ORD01686,CUST0335,2026-01-21 00:42:00,1198.34,Cancelled
ORD01687,CUST0348,2026-05-03 18:11:00,1220.62,Out For Delivery
ORD01688,CUST0003,2025-08-05 18:43:00,1539.62,Delivered
ORD01689,CUST0484,2025-07-27 12:08:00,179.42,Preparing
ORD01690,CUST0123,2025-08-22 01:40:00,520.55,Delivered
ORD01691,CUST0271,2025-05-24 08:13:00,1527.67,Preparing
ORD01693,CUST0147,2025-06-02 05:42:00,1284.9,Cancelled
ORD01694,CUST0949,2025-03-21 07:29:00,121.49,Cancelled
ORD01695,CUST0415,2026-02-26 22:03:00,1284.9,Delivered
ORD01696,CUST0301,2025-05-05 12:20:00,1935.65,Out For Delivery
ORD01697,CUST0716,2026-01-27 13:16:00,289.98,Cancelled
ORD01698,CUST0798,2026-04-28 08:43:00,683.37,Delivered
ORD01699,CUST0899,2026-04-06 16:34:00,945.47,Cancelled
ORD01700,CUST0531,2025-07-09 08:45:00,465.45,Preparing
ORD01701,CUST0040,2025-07-15 12:51:00,1961.11,Cancelled
ORD01702,CUST0133,2025-07-10 18:19:00,1263.04,Preparing
ORD01703,CUST0263,2025-04-06 19:33:00,497.89,Delivered
ORD01704,CUST0394,2025-08-02 12:04:00,2376.71,Cancelled
ORD01705,CUST0914,2025-06-26 12:39:00,2280.83,Cancelled
ORD01706,CUST0937,2026-01-13 19:50:00,1415.59,Preparing
ORD01707,CUST0489,2026-03-19 12:35:00,1804.28,Delivered
ORD01708,CUST0800,2025-08-11 00:19:00,711.54,Preparing
ORD01709,CUST0827,2025-05-09 19:52:00,885.69,Cancelled
ORD01710,CUST0783,2025-11-03 02:09:00,1284.9,Placed
ORD01711,CUST0305,2025-01-26 20:42:00,2331.87,Preparing
ORD01712,CUST0967,2025-02-04 09:47:00,644.39,Placed
ORD01713,CUST0578,2025-02-06 06:19:00,589.9,Cancelled
ORD01714,CUST0651,2026-03-08 17:30:00,1519.45,Cancelled
ORD01715,CUST0688,2025-07-16 09:10:00,1701.11,Preparing
ORD01717,CUST0584,2026-04-23 15:27:00,2361.78,Placed
ORD01718,CUST0928,2025-11-14 12:08:00,1464.12,Cancelled
ORD01719,CUST0035,2025-11-29 11:25:00,2210.43,Placed
ORD01720,CUST0644,2026-04-24 00:28:00,1081.7,Cancelled
ORD01721,CUST0492,2025-03-20 20:58:00,2412.6,Out For Delivery
ORD01723,CUST0199,2025-09-04 21:39:00,1071.29,Placed
ORD01724,CUST0202,2025-11-25 05:04:00,2429.64,Placed
ORD01725,CUST0590,2026-01-26 21:11:00,451.87,Out For Delivery
ORD01726,CUST0598,2025-11-02 23:04:00,1337.53,Preparing
ORD01727,CUST0306,2026-01-10 05:51:00,2491.14,Out For Delivery
ORD01728,CUST0624,2025-01-01 08:31:00,1165.44,Cancelled
ORD01729,CUST0231,2025-06-11 02:59:00,112.33,Delivered
ORD01730,CUST0776,2025-11-08 02:50:00,181.88,Cancelled
ORD01731,CUST0092,2025-09-05 22:15:00,499.5,Cancelled
ORD01732,CUST0361,2025-07-16 06:16:00,2053.46,Cancelled
ORD01733,CUST0353,2025-06-27 17:47:00,1867.85,Placed
ORD01734,CUST0267,2025-05-19 22:51:00,1705.78,Preparing
ORD01735,CUST0408,2025-01-25 20:31:00,1284.9,Out For Delivery
ORD01736,CUST0849,2026-02-15 00:45:00,2242.69,Placed
ORD01737,CUST0780,2025-05-08 19:59:00,1410.24,Preparing
ORD01738,CUST0698,2025-04-18 18:24:00,484.76,Placed
ORD01739,CUST0841,2025-10-06 17:25:00,768.88,Placed
ORD01740,CUST0013,2025-03-19 12:20:00,1774.75,Placed
ORD01741,CUST0709,2025-08-12 22:38:00,588.94,Preparing
ORD01742,CUST0205,2025-01-29 06:38:00,819.95,Placed
ORD01743,CUST0055,2026-01-26 13:31:00,1827.6,Cancelled
ORD01744,CUST0044,2025-11-02 05:02:00,1817.53,Cancelled
ORD01745,CUST0860,2026-01-06 22:40:00,777.15,Preparing
ORD01746,CUST0877,2026-04-12 04:51:00,340.62,Out For Delivery
ORD01747,CUST0575,2025-01-25 10:10:00,678.33,Placed
ORD01748,CUST0034,2025-06-01 14:51:00,1284.9,Preparing
ORD01749,CUST0927,2025-08-29 21:00:00,2384.74,Out For Delivery
ORD01750,CUST0744,2025-12-24 01:55:00,2240.11,Preparing
ORD01751,CUST0082,2025-08-16 02:18:00,276.23,Cancelled
ORD01752,CUST0591,2025-05-20 13:56:00,2029.38,Delivered
ORD01753,CUST0255,2025-06-17 22:48:00,2314.84,Out For Delivery
ORD01755,CUST0929,2025-08-18 00:13:00,1340.65,Placed
ORD01756,CUST0403,2025-05-02 01:25:00,1141.53,Placed
ORD01757,CUST0544,2026-03-31 20:05:00,1129.44,Placed
ORD01758,CUST0012,2026-03-17 06:37:00,383.84,Preparing
ORD01759,CUST0655,2025-01-15 04:23:00,1559.94,Out For Delivery
ORD01760,CUST0966,2025-08-24 11:36:00,1533.89,Preparing
ORD01761,CUST0845,2025-04-06 12:02:00,1819.86,Delivered
ORD01762,CUST0475,2025-06-28 15:59:00,872.03,Out For Delivery
ORD01763,CUST0141,2025-01-23 10:18:00,2410.35,Out For Delivery
ORD01764,CUST0231,2025-09-21 02:07:00,1613.49,Placed
ORD01765,CUST0357,2025-11-19 11:33:00,2227.16,Out For Delivery
ORD01766,CUST0416,2025-03-22 05:38:00,990.39,Placed
ORD01767,CUST0323,2025-12-25 13:24:00,2426.82,Delivered
ORD01768,CUST0143,2025-06-08 17:27:00,125.16,Delivered
ORD01769,CUST0432,2026-04-07 12:01:00,947.97,Placed
ORD01771,CUST0324,2025-08-05 01:22:00,1473.0,Out For Delivery
ORD01772,CUST0077,2025-04-18 07:37:00,1161.61,Out For Delivery
ORD01773,CUST0271,2026-01-10 23:23:00,1732.02,Out For Delivery
ORD01774,CUST0479,2025-10-26 01:20:00,395.46,Placed
ORD01775,CUST0653,2025-10-22 17:25:00,1884.63,Out For Delivery
ORD01776,CUST0220,2025-08-08 10:24:00,1428.95,Preparing
ORD01777,CUST0507,2025-05-16 20:42:00,1050.37,Placed
ORD01778,CUST0791,2025-04-06 07:47:00,2134.16,Placed
ORD01779,CUST0007,2026-02-17 20:06:00,493.46,Cancelled
ORD01780,CUST0223,2025-04-08 04:44:00,1776.65,Preparing
ORD01781,CUST0580,2026-03-17 12:18:00,546.5,Cancelled
ORD01782,CUST0782,2025-03-25 12:59:00,2413.96,Delivered
ORD01783,CUST0192,2025-05-13 05:28:00,668.22,Preparing
ORD01784,CUST0347,2025-11-30 04:02:00,1746.43,Placed
ORD01785,CUST0001,2025-02-03 13:39:00,1926.75,Preparing
ORD01786,CUST0218,2026-05-08 09:31:00,1551.16,Cancelled
ORD01787,CUST0819,2025-12-11 15:21:00,2168.84,Out For Delivery
ORD01788,CUST0130,2026-04-05 12:03:00,1162.16,Delivered
ORD01789,CUST0072,2025-04-14 17:14:00,109.07,Delivered
ORD01790,CUST0219,2025-12-11 04:11:00,1137.99,Preparing
ORD01791,CUST0479,2025-08-28 06:13:00,1094.0,Cancelled
ORD01792,CUST0408,2025-07-25 09:46:00,1284.9,Delivered
ORD01793,CUST0054,2025-05-02 12:51:00,1574.47,Preparing
ORD01794,CUST0139,2025-11-19 09:05:00,190.22,Delivered
ORD01795,CUST0055,2025-03-09 15:17:00,1655.21,Delivered
ORD01796,CUST0519,2025-03-27 13:29:00,991.0,Placed
ORD01797,CUST0164,2025-01-08 01:15:00,558.18,Cancelled
ORD01798,CUST0868,2026-02-11 12:56:00,729.69,Delivered
ORD01799,CUST0459,2025-05-17 10:38:00,1506.88,Placed
ORD01800,CUST0602,2025-12-24 18:43:00,1478.36,Cancelled
ORD01801,CUST0613,2026-02-09 02:16:00,1284.9,Delivered
ORD01802,CUST0911,2025-06-11 10:00:00,1533.32,Preparing
ORD01803,CUST0894,2025-08-12 09:13:00,1888.72,Cancelled
ORD01804,CUST0134,2025-02-21 05:45:00,1789.33,Cancelled
ORD01805,CUST0888,2026-04-12 03:21:00,1449.72,Out For Delivery
ORD01807,CUST0606,2026-05-13 16:45:00,2353.71,Out For Delivery
ORD01808,CUST0653,2025-03-24 10:25:00,1891.66,Delivered
ORD01809,CUST0514,2025-09-27 04:58:00,592.07,Cancelled
ORD01810,CUST0060,2025-06-18 21:34:00,796.3,Delivered
ORD01811,CUST0079,2026-01-10 06:44:00,1481.28,Out For Delivery
ORD01812,CUST0589,2025-11-03 17:55:00,1039.4,Out For Delivery
ORD01813,CUST0639,2025-05-18 18:49:00,562.71,Cancelled
ORD01815,CUST0902,2025-03-14 13:05:00,417.78,Placed
ORD01816,CUST0327,2026-01-11 14:43:00,2382.6,Out For Delivery
ORD01817,CUST0970,2025-07-24 10:20:00,960.34,Delivered
ORD01818,CUST0177,2025-05-11 15:27:00,116.44,Delivered
ORD01819,CUST0806,2026-02-19 13:51:00,418.7,Placed
ORD01820,CUST0362,2025-05-11 10:06:00,2240.26,Out For Delivery
ORD01821,CUST0603,2025-11-10 15:59:00,444.93,Preparing
ORD01822,CUST0548,2025-08-07 00:32:00,2107.59,Delivered
ORD01823,CUST0464,2025-01-11 07:26:00,2216.55,Out For Delivery
ORD01824,CUST0939,2025-04-19 16:41:00,516.06,Out For Delivery
ORD01825,CUST0754,2025-10-01 07:01:00,1964.46,Out For Delivery
ORD01826,CUST0685,2025-10-24 00:37:00,1631.13,Cancelled
ORD01827,CUST0865,2026-04-16 18:56:00,2117.68,Out For Delivery
ORD01828,CUST0113,2025-04-18 11:24:00,1363.9,Out For Delivery
ORD01829,CUST0210,2025-07-01 12:48:00,817.97,Cancelled
ORD01831,CUST0599,2026-03-01 20:48:00,1284.9,Delivered
ORD01832,CUST0257,2025-05-19 04:41:00,2155.87,Preparing
ORD01833,CUST0544,2025-11-04 04:21:00,1565.26,Placed
ORD01834,CUST0158,2025-01-21 07:06:00,1156.04,Delivered
ORD01835,CUST0472,2025-07-05 19:23:00,372.83,Out For Delivery
ORD01836,CUST0756,2025-05-17 21:33:00,583.52,Cancelled
ORD01837,CUST0860,2025-11-07 10:50:00,2197.1,Cancelled
ORD01838,CUST0585,2025-08-04 05:15:00,1284.9,Delivered
ORD01839,CUST0740,2025-10-08 12:45:00,771.88,Delivered
ORD01840,CUST0951,2025-09-22 06:06:00,1164.29,Placed
ORD01841,CUST0605,2025-04-20 21:41:00,307.48,Placed
ORD01842,CUST0915,2026-02-13 02:29:00,459.0,Preparing
ORD01843,CUST0842,2025-06-24 18:19:00,1417.02,Placed
ORD01844,CUST0242,2025-03-10 14:46:00,1669.03,Placed
ORD01845,CUST0594,2025-01-14 04:56:00,1231.66,Cancelled
ORD01846,CUST0816,2026-01-26 13:20:00,2195.01,Cancelled
ORD01847,CUST0688,2026-03-31 17:17:00,2462.63,Cancelled
ORD01848,CUST0643,2026-02-10 14:26:00,853.3,Cancelled
ORD01849,CUST0900,2026-03-19 17:34:00,195.5,Delivered
ORD01850,CUST0068,2025-06-30 18:04:00,1546.07,Cancelled
ORD01851,CUST0624,2026-01-26 22:40:00,1071.97,Cancelled
ORD01852,CUST0525,2025-08-15 13:13:00,2166.99,Placed
ORD01853,CUST0155,2025-05-02 18:25:00,1284.9,Cancelled
ORD01854,CUST0756,2025-02-15 17:56:00,339.44,Cancelled
ORD01855,CUST0660,2025-07-18 20:50:00,1325.78,Preparing
ORD01857,CUST0466,2025-10-28 04:14:00,452.16,Cancelled
ORD01858,CUST0915,2025-04-29 07:17:00,1327.31,Delivered
ORD01859,CUST0466,2026-04-17 01:15:00,206.17,Delivered
ORD01860,CUST0424,2026-03-18 16:50:00,640.69,Preparing
ORD01861,CUST0014,2026-02-14 15:28:00,343.75,Preparing
ORD01862,CUST0901,2025-04-22 03:20:00,1617.1,Out For Delivery
ORD01863,CUST0367,2025-03-07 20:05:00,1582.88,Preparing
ORD01864,CUST0287,2025-05-15 01:19:00,1321.84,Preparing
ORD01865,CUST0066,2025-06-07 15:03:00,1783.75,Preparing
ORD01866,CUST0813,2025-06-15 01:12:00,2477.15,Placed
ORD01867,CUST0839,2026-04-24 17:38:00,189.94,Delivered
ORD01868,CUST0458,2025-10-03 01:55:00,657.09,Out For Delivery
ORD01869,CUST0366,2025-08-07 16:18:00,2443.18,Cancelled
ORD01871,CUST0068,2025-08-10 06:08:00,1251.44,Delivered
ORD01872,CUST0122,2025-07-01 18:31:00,1795.4,Preparing
ORD01873,CUST0151,2025-12-06 14:14:00,1044.41,Cancelled
ORD01874,CUST0039,2025-03-11 18:53:00,1442.11,Out For Delivery
ORD01875,CUST0233,2025-04-27 05:19:00,2150.89,Out For Delivery
ORD01876,CUST0757,2025-05-11 17:15:00,2013.03,Placed
ORD01877,CUST0308,2025-05-30 12:54:00,711.06,Preparing
ORD01878,CUST0648,2025-10-21 11:34:00,297.59,Delivered
ORD01879,CUST0952,2025-11-09 03:27:00,107.05,Placed
ORD01880,CUST0079,2025-09-20 21:06:00,1424.35,Out For Delivery
ORD01881,CUST0807,2026-01-26 09:53:00,1250.83,Placed
ORD01882,CUST0576,2025-04-15 22:31:00,790.72,Preparing
ORD01883,CUST0129,2025-10-02 12:18:00,2492.61,Preparing
ORD01885,CUST0394,2025-12-29 05:07:00,552.66,Delivered
ORD01886,CUST0765,2025-07-13 13:26:00,287.1,Preparing
ORD01887,CUST0938,2025-05-04 08:11:00,2312.13,Preparing
ORD01888,CUST0137,2025-12-15 22:14:00,1512.12,Placed
ORD01889,CUST0743,2025-08-13 13:35:00,1110.34,Out For Delivery
ORD01891,CUST0281,2025-05-31 00:39:00,688.75,Out For Delivery
ORD01892,CUST0405,2026-04-10 11:27:00,436.27,Delivered
ORD01893,CUST0393,2025-05-07 15:48:00,623.64,Cancelled
ORD01894,CUST0753,2026-04-09 20:24:00,1620.89,Out For Delivery
ORD01895,CUST0188,2025-09-06 21:28:00,2213.92,Placed
ORD01897,CUST0214,2026-03-02 08:49:00,1740.03,Cancelled
ORD01898,CUST0547,2026-04-12 17:14:00,821.66,Preparing
ORD01899,CUST0948,2025-07-04 08:24:00,1769.82,Out For Delivery
ORD01900,CUST0850,2025-04-12 04:22:00,725.71,Cancelled
ORD01901,CUST0604,2026-02-26 10:13:00,2199.64,Placed
ORD01902,CUST0293,2025-05-05 14:31:00,1119.82,Cancelled
ORD01903,CUST0824,2025-07-11 16:03:00,1835.41,Cancelled
ORD01904,CUST0320,2025-04-16 18:05:00,2351.96,Out For Delivery
ORD01905,CUST0423,2025-03-29 20:06:00,135.48,Cancelled
ORD01906,CUST0047,2025-11-11 21:25:00,868.2,Out For Delivery
ORD01907,CUST0860,2025-01-28 13:41:00,2110.85,Preparing
ORD01908,CUST0673,2025-04-12 07:59:00,273.04,Out For Delivery
ORD01909,CUST0013,2025-07-26 01:03:00,230.15,Cancelled
ORD01910,CUST0663,2025-12-20 10:58:00,1720.67,Preparing
ORD01911,CUST0099,2025-05-29 04:01:00,1252.96,Placed
ORD01912,CUST0757,2025-10-29 18:09:00,2459.45,Delivered
ORD01913,CUST0870,2026-01-14 16:09:00,1284.9,Out For Delivery
ORD01914,CUST0238,2026-03-21 18:08:00,522.64,Out For Delivery
ORD01915,CUST0098,2026-05-07 21:47:00,211.26,Placed
ORD01916,CUST0548,2025-06-07 06:14:00,561.86,Preparing
ORD01917,CUST0979,2026-05-14 03:50:00,683.82,Cancelled
ORD01918,CUST0422,2025-12-14 09:21:00,830.27,Cancelled
ORD01919,CUST0306,2025-11-09 14:27:00,515.83,Cancelled
ORD01920,CUST0275,2025-03-31 23:03:00,1500.02,Out For Delivery
ORD01921,CUST0652,2025-12-10 15:40:00,2070.27,Out For Delivery
ORD01922,CUST0641,2025-07-04 05:39:00,656.93,Delivered
ORD01923,CUST0705,2025-04-01 12:25:00,898.04,Placed
ORD01924,CUST0400,2026-05-07 05:23:00,2193.61,Cancelled
ORD01925,CUST0427,2025-06-03 03:17:00,2482.29,Preparing
ORD01926,CUST0715,2025-07-09 05:18:00,1965.89,Out For Delivery
ORD01927,CUST0737,2025-06-12 21:14:00,1446.86,Delivered
ORD01928,CUST0785,2025-10-23 17:56:00,699.62,Out For Delivery
ORD01929,CUST0774,2025-07-18 15:59:00,814.74,Out For Delivery
ORD01930,CUST0469,2026-03-19 20:44:00,2382.17,Cancelled
ORD01931,CUST0218,2026-04-27 21:18:00,888.46,Delivered
ORD01932,CUST0423,2026-02-06 03:25:00,453.08,Cancelled
ORD01933,CUST0631,2025-11-08 17:50:00,1096.67,Out For Delivery
ORD01934,CUST0513,2025-02-12 03:25:00,1336.65,Preparing
ORD01935,CUST0251,2025-01-12 15:51:00,413.92,Placed
ORD01936,CUST0851,2026-01-31 00:06:00,1572.51,Delivered
ORD01937,CUST0020,2025-10-12 04:24:00,1477.22,Placed
ORD01938,CUST0293,2025-07-23 06:37:00,1979.19,Delivered
ORD01939,CUST0285,2026-03-06 04:47:00,2095.23,Preparing
ORD01940,CUST0353,2026-01-20 12:13:00,559.01,Placed
ORD01941,CUST0600,2026-03-17 18:40:00,127.24,Delivered
ORD01942,CUST0867,2025-12-07 02:42:00,1640.87,Delivered
ORD01943,CUST0091,2025-11-14 13:28:00,161.38,Cancelled
ORD01944,CUST0615,2025-02-26 01:06:00,357.85,Out For Delivery
ORD01945,CUST0117,2025-07-25 22:15:00,1284.9,Cancelled
ORD01946,CUST0200,2025-04-26 07:17:00,617.07,Delivered
ORD01947,CUST0211,2026-05-05 21:17:00,340.94,Placed
ORD01948,CUST0708,2025-05-16 02:46:00,270.78,Delivered
ORD01949,CUST0076,2025-05-09 17:05:00,125.01,Out For Delivery
ORD01950,CUST0679,2025-12-03 02:49:00,2136.21,Preparing
ORD01951,CUST0543,2025-10-15 13:54:00,385.77,Cancelled
ORD01952,CUST0075,2026-03-25 19:38:00,800.75,Placed
ORD01953,CUST0265,2025-09-14 23:59:00,1428.44,Preparing
ORD01954,CUST0203,2025-02-08 13:03:00,1457.14,Placed
ORD01955,CUST0606,2025-02-21 06:58:00,241.03,Out For Delivery
ORD01956,CUST0719,2026-03-29 02:50:00,587.87,Preparing
ORD01957,CUST0699,2025-06-08 00:08:00,1213.43,Placed
ORD01958,CUST0569,2026-02-16 20:05:00,386.15,Cancelled
ORD01959,CUST0325,2025-03-11 15:59:00,1954.26,Cancelled
ORD01960,CUST0870,2025-09-19 11:31:00,2164.45,Preparing
ORD01961,CUST0808,2026-05-09 02:02:00,1298.36,Cancelled
ORD01962,CUST0389,2025-03-04 18:18:00,1639.4,Placed
ORD01963,CUST0078,2025-12-30 07:05:00,622.71,Placed
ORD01964,CUST0989,2025-12-05 05:24:00,1414.88,Out For Delivery
ORD01965,CUST0180,2026-01-23 20:31:00,2244.21,Placed
ORD01966,CUST0499,2026-01-04 02:59:00,1501.0,Cancelled
ORD01967,CUST0539,2026-04-14 11:27:00,777.58,Cancelled
ORD01968,CUST0060,2025-01-16 11:06:00,1608.8,Out For Delivery
ORD01969,CUST0680,2026-04-15 12:13:00,1967.91,Out For Delivery
ORD01970,CUST0189,2025-08-18 20:46:00,474.55,Delivered
ORD01971,CUST0415,2025-07-07 00:16:00,119.19,Placed
ORD01972,CUST0880,2025-12-01 08:07:00,112.22,Delivered
ORD01973,CUST0432,2026-03-17 05:16:00,1781.04,Delivered
ORD01974,CUST0006,2025-01-02 20:52:00,1399.59,Placed
ORD01975,CUST0824,2026-01-24 03:31:00,437.72,Delivered
ORD01976,CUST0738,2025-02-26 03:22:00,1683.04,Preparing
ORD01977,CUST0186,2025-03-31 17:09:00,1386.52,Delivered
ORD01978,CUST0198,2025-07-03 19:37:00,176.68,Out For Delivery
ORD01979,CUST0568,2025-05-18 14:38:00,647.62,Placed
ORD01980,CUST0356,2025-12-08 00:52:00,1958.33,Preparing
ORD01981,CUST0454,2026-04-20 04:10:00,1373.47,Preparing
ORD01983,CUST0042,2025-11-03 14:33:00,1284.9,Cancelled
ORD01984,CUST0917,2025-06-03 03:39:00,2180.13,Out For Delivery
ORD01985,CUST0341,2026-03-23 04:50:00,1926.28,Placed
ORD01986,CUST0481,2025-10-12 13:51:00,1858.63,Preparing
ORD01987,CUST0657,2025-09-19 21:35:00,635.85,Delivered
ORD01988,CUST0935,2025-10-14 20:45:00,1716.85,Preparing
ORD01989,CUST0119,2025-12-08 04:06:00,1685.57,Delivered
ORD01990,CUST0246,2026-02-25 23:25:00,132.98,Out For Delivery
ORD01991,CUST0937,2025-09-10 11:37:00,1774.89,Placed
ORD01992,CUST0590,2026-04-04 23:00:00,1546.58,Delivered
ORD01993,CUST0306,2025-07-03 04:33:00,1403.73,Placed
ORD01994,CUST0398,2025-06-19 13:29:00,1185.63,Out For Delivery
ORD01995,CUST0085,2025-07-24 10:09:00,323.76,Preparing
ORD01996,CUST0307,2025-10-28 17:03:00,627.88,Placed
ORD01997,CUST0741,2025-07-24 19:39:00,1570.89,Delivered
ORD01998,CUST0793,2026-03-05 15:55:00,875.46,Placed
ORD01999,CUST0247,2026-01-16 04:57:00,1284.9,Cancelled
ORD02000,CUST0082,2025-08-21 22:08:00,1828.35,Out For Delivery
ORD02001,CUST0615,2025-02-25 10:34:00,1200.49,Cancelled
ORD02002,CUST0855,2025-09-13 18:51:00,489.16,Preparing
ORD02003,CUST0782,2025-04-20 07:42:00,2007.59,Cancelled
ORD02004,CUST0228,2026-03-11 02:20:00,2311.89,Preparing
ORD02005,CUST0287,2025-01-11 04:38:00,541.17,Cancelled
ORD02006,CUST0102,2025-09-06 09:10:00,2090.13,Placed
ORD02007,CUST0555,2026-04-20 05:57:00,1742.79,Cancelled
ORD02008,CUST0619,2025-04-18 15:54:00,111.89,Preparing
ORD02009,CUST0770,2025-01-17 06:07:00,1507.29,Cancelled
ORD02010,CUST0961,2026-02-25 11:00:00,208.2,Placed
ORD02011,CUST0591,2025-05-03 20:15:00,1585.59,Delivered
ORD02012,CUST0064,2025-01-02 01:41:00,1800.96,Out For Delivery
ORD02013,CUST0189,2026-03-07 10:24:00,1724.84,Delivered
ORD02015,CUST0001,2025-05-27 11:46:00,621.27,Preparing
ORD02016,CUST0643,2025-08-28 14:58:00,1944.11,Out For Delivery
ORD02017,CUST0752,2025-05-28 07:28:00,1876.22,Cancelled
ORD02018,CUST0201,2025-12-13 19:44:00,2307.99,Delivered
ORD02019,CUST0431,2025-12-31 13:21:00,524.31,Delivered
ORD02020,CUST0069,2025-03-06 00:50:00,1429.06,Out For Delivery
ORD02021,CUST0679,2025-02-07 23:39:00,416.91,Placed
ORD02022,CUST0642,2025-10-08 21:59:00,1027.32,Delivered
ORD02023,CUST0252,2025-03-11 04:12:00,395.45,Out For Delivery
ORD02024,CUST0142,2025-07-13 20:33:00,1653.09,Out For Delivery
ORD02025,CUST0086,2025-02-12 09:54:00,847.77,Placed
ORD02026,CUST0251,2025-08-21 10:49:00,1467.51,Cancelled
ORD02027,CUST0895,2025-05-05 22:44:00,443.68,Delivered
ORD02028,CUST0515,2026-03-12 12:24:00,404.34,Delivered
ORD02029,CUST0265,2025-02-22 15:42:00,2023.47,Delivered
ORD02030,CUST0904,2025-06-24 06:58:00,198.99,Placed
ORD02031,CUST0032,2026-02-22 12:51:00,1780.79,Delivered
ORD02032,CUST0887,2026-02-11 07:55:00,252.67,Preparing
ORD02033,CUST0324,2026-04-28 11:14:00,2283.01,Delivered
ORD02034,CUST0402,2025-06-10 12:39:00,1085.76,Cancelled
ORD02035,CUST0437,2025-03-23 05:17:00,1486.62,Out For Delivery
ORD02037,CUST0335,2025-07-16 17:59:00,363.66,Placed
ORD02038,CUST0769,2025-08-18 13:45:00,1533.46,Preparing
ORD02039,CUST0629,2025-08-14 18:49:00,1743.56,Out For Delivery
ORD02040,CUST0590,2025-02-26 09:27:00,1676.18,Placed
ORD02041,CUST0300,2026-04-03 15:29:00,2156.87,Placed
ORD02042,CUST0505,2026-01-06 18:29:00,428.66,Placed
ORD02043,CUST0672,2025-01-27 14:01:00,1659.35,Cancelled
ORD02044,CUST0569,2025-12-15 04:49:00,1167.3,Preparing
ORD02045,CUST0716,2025-12-27 08:20:00,2314.07,Delivered
ORD02046,CUST0013,2025-07-22 06:26:00,1710.17,Cancelled
ORD02048,CUST0531,2025-05-30 16:58:00,1030.48,Out For Delivery
ORD02049,CUST0209,2025-04-15 06:27:00,1284.9,Delivered
ORD02050,CUST0171,2026-04-26 22:34:00,1297.04,Placed
ORD02051,CUST0873,2025-06-21 20:43:00,2301.65,Delivered
ORD02052,CUST0025,2025-10-15 11:58:00,1463.82,Placed
ORD02053,CUST0268,2025-11-15 11:48:00,2279.43,Preparing
ORD02054,CUST0993,2026-04-01 00:04:00,896.33,Delivered
ORD02055,CUST0922,2025-09-29 22:44:00,1641.48,Cancelled
ORD02056,CUST0537,2026-01-11 16:36:00,1847.81,Placed
ORD02057,CUST0063,2025-05-25 01:17:00,936.57,Delivered
ORD02058,CUST0704,2025-04-20 10:12:00,1670.87,Out For Delivery
ORD02059,CUST0318,2025-08-23 10:22:00,573.0,Cancelled
ORD02060,CUST0413,2025-09-22 10:24:00,363.98,Delivered
ORD02061,CUST0986,2026-04-20 19:02:00,1210.22,Placed
ORD02062,CUST0711,2025-10-14 20:45:00,1784.14,Delivered
ORD02063,CUST0951,2025-07-19 13:51:00,1113.75,Placed
ORD02064,CUST0852,2025-07-17 14:22:00,1810.74,Preparing
ORD02065,CUST0068,2025-09-01 01:46:00,167.4,Cancelled
ORD02066,CUST0366,2025-11-26 17:04:00,1112.76,Delivered
ORD02067,CUST0253,2025-07-06 07:15:00,1523.84,Cancelled
ORD02068,CUST0410,2025-12-04 04:06:00,1964.26,Delivered
ORD02069,CUST0698,2025-06-19 17:52:00,1120.77,Cancelled
ORD02070,CUST0005,2026-02-22 06:00:00,1337.05,Preparing
ORD02071,CUST0184,2025-09-03 12:27:00,2046.69,Preparing
ORD02072,CUST0380,2026-02-20 23:45:00,867.84,Cancelled
ORD02073,CUST0110,2026-05-11 07:00:00,1221.08,Preparing
ORD02075,CUST0230,2025-10-12 22:54:00,1261.07,Delivered
ORD02076,CUST0973,2026-01-22 03:07:00,1303.03,Preparing
ORD02077,CUST0493,2025-12-01 16:58:00,102.63,Cancelled
ORD02078,CUST0085,2025-03-16 02:03:00,1819.19,Out For Delivery
ORD02079,CUST0298,2025-09-08 06:56:00,224.39,Delivered
ORD02080,CUST0458,2025-08-29 03:48:00,2327.01,Delivered
ORD02081,CUST0597,2025-11-20 15:06:00,1803.46,Delivered
ORD02082,CUST0789,2025-08-22 13:18:00,1562.56,Delivered
ORD02083,CUST0295,2026-02-03 08:01:00,1812.16,Preparing
ORD02084,CUST0289,2026-04-29 04:43:00,1810.35,Preparing
ORD02085,CUST0981,2025-12-22 05:08:00,1490.69,Out For Delivery
ORD02086,CUST0014,2025-08-23 00:23:00,1247.78,Preparing
ORD02087,CUST0343,2025-09-10 20:37:00,1284.9,Out For Delivery
ORD02088,CUST0045,2025-02-05 12:45:00,1284.9,Placed
ORD02089,CUST0411,2025-06-28 17:36:00,1706.62,Delivered
ORD02090,CUST0885,2025-10-12 06:14:00,1318.24,Preparing
ORD02091,CUST0615,2025-04-06 03:18:00,1232.78,Placed
ORD02092,CUST0994,2026-04-04 22:32:00,2463.88,Delivered
ORD02093,CUST0246,2026-02-20 04:01:00,319.89,Delivered
ORD02094,CUST0418,2025-08-05 11:09:00,440.77,Delivered
ORD02095,CUST0911,2025-10-31 05:46:00,1284.9,Placed
ORD02096,CUST0902,2026-01-12 21:42:00,1410.65,Placed
ORD02097,CUST0387,2026-02-09 00:20:00,157.81,Out For Delivery
ORD02098,CUST0508,2026-03-26 03:25:00,587.0,Placed
ORD02099,CUST0203,2025-05-01 10:57:00,1673.09,Preparing
ORD02100,CUST0853,2026-04-05 06:51:00,2276.98,Placed
ORD02101,CUST0539,2026-02-25 19:37:00,1427.31,Cancelled
ORD02103,CUST0237,2025-06-21 22:17:00,1405.01,Cancelled
ORD02104,CUST0052,2025-11-15 23:14:00,730.03,Preparing
ORD02105,CUST0091,2025-05-05 13:25:00,2298.86,Placed
ORD02106,CUST0144,2025-03-12 21:40:00,260.27,Cancelled
ORD02108,CUST0091,2025-01-19 11:43:00,1284.9,Preparing
ORD02109,CUST0510,2026-04-22 06:38:00,1309.21,Preparing
ORD02110,CUST0128,2026-01-18 09:08:00,1555.37,Delivered
ORD02111,CUST0365,2025-11-28 00:48:00,1073.29,Delivered
ORD02112,CUST0101,2025-09-18 15:30:00,2255.06,Cancelled
ORD02113,CUST0419,2026-04-20 07:27:00,1284.9,Out For Delivery
ORD02114,CUST0407,2026-03-27 20:10:00,1063.64,Cancelled
ORD02115,CUST0446,2025-08-16 16:53:00,126.86,Preparing
ORD02116,CUST0973,2025-07-22 10:10:00,2300.26,Cancelled
ORD02117,CUST0991,2025-11-08 00:29:00,1500.96,Out For Delivery
ORD02118,CUST0332,2025-06-24 19:30:00,465.51,Out For Delivery
ORD02119,CUST0390,2025-06-01 00:35:00,2289.12,Out For Delivery
ORD02120,CUST0325,2025-01-16 02:58:00,2344.16,Placed
ORD02121,CUST0970,2026-02-04 12:21:00,1498.51,Cancelled
ORD02122,CUST0605,2026-05-06 11:55:00,2023.44,Cancelled
ORD02123,CUST0117,2026-03-07 09:33:00,234.6,Out For Delivery
ORD02125,CUST0856,2026-04-01 15:22:00,2481.8,Preparing
ORD02126,CUST0604,2025-04-11 00:07:00,2205.25,Out For Delivery
ORD02127,CUST0520,2025-07-20 20:02:00,510.2,Placed
ORD02128,CUST0353,2025-03-18 05:10:00,553.68,Cancelled
ORD02129,CUST0575,2025-01-09 12:10:00,132.74,Delivered
ORD02131,CUST0588,2025-08-20 11:15:00,2002.25,Out For Delivery
ORD02132,CUST0335,2025-09-11 22:05:00,1930.34,Out For Delivery
ORD02133,CUST0612,2025-07-08 13:43:00,1290.49,Placed
ORD02134,CUST0505,2026-02-08 06:23:00,707.56,Out For Delivery
ORD02135,CUST0068,2025-05-24 12:41:00,1417.54,Cancelled
ORD02136,CUST0950,2026-03-24 16:12:00,2194.19,Cancelled
ORD02137,CUST0760,2026-03-15 07:42:00,947.62,Cancelled
ORD02138,CUST0876,2025-08-02 15:13:00,1039.93,Out For Delivery
ORD02139,CUST0031,2026-03-17 21:51:00,1284.9,Delivered
ORD02140,CUST0624,2025-05-29 07:10:00,1661.07,Cancelled
ORD02141,CUST0665,2025-05-09 09:15:00,1849.12,Cancelled
ORD02142,CUST0033,2025-07-02 00:48:00,833.44,Placed
ORD02143,CUST0611,2025-03-31 17:17:00,496.44,Placed
ORD02144,CUST0177,2026-04-15 19:48:00,209.63,Delivered
ORD02145,CUST0502,2026-04-10 04:54:00,855.36,Out For Delivery
ORD02146,CUST0005,2025-05-04 17:59:00,1112.1,Out For Delivery
ORD02147,CUST0363,2025-01-20 21:08:00,1626.46,Out For Delivery
ORD02149,CUST0272,2026-01-31 21:43:00,658.1,Preparing
ORD02150,CUST0853,2026-01-24 10:12:00,1831.72,Placed
ORD02151,CUST0362,2025-10-22 00:17:00,500.49,Out For Delivery
ORD02152,CUST0271,2025-03-18 17:27:00,1012.73,Preparing
ORD02153,CUST0709,2025-01-27 16:23:00,1368.47,Cancelled
ORD02154,CUST0300,2025-06-25 02:16:00,1135.33,Placed
ORD02155,CUST0641,2025-02-11 18:14:00,288.14,Out For Delivery
ORD02156,CUST0774,2025-12-17 07:44:00,175.0,Delivered
ORD02157,CUST0866,2025-02-25 13:29:00,1161.43,Delivered
ORD02158,CUST0867,2025-02-14 21:20:00,998.92,Delivered
ORD02159,CUST0766,2025-03-27 13:16:00,1284.9,Delivered
ORD02160,CUST0122,2025-09-19 20:28:00,133.88,Cancelled
ORD02161,CUST0240,2025-02-12 19:53:00,148.43,Preparing
ORD02162,CUST0973,2025-02-07 13:47:00,1284.9,Out For Delivery
ORD02163,CUST0631,2026-02-25 18:34:00,2070.13,Delivered
ORD02164,CUST0103,2026-05-01 05:48:00,1975.95,Cancelled
ORD02165,CUST0040,2025-06-07 16:22:00,317.08,Out For Delivery
ORD02166,CUST0379,2025-11-08 07:25:00,210.88,Preparing
ORD02167,CUST0244,2025-02-24 07:16:00,968.35,Out For Delivery
ORD02168,CUST0621,2025-11-09 02:07:00,802.73,Placed
ORD02169,CUST0199,2026-04-04 02:33:00,587.5,Out For Delivery
ORD02170,CUST0382,2025-04-26 02:56:00,1667.62,Preparing
ORD02171,CUST0496,2025-03-02 21:41:00,137.92,Preparing
ORD02172,CUST0690,2026-04-25 14:38:00,2267.8,Out For Delivery
ORD02173,CUST0219,2026-03-15 05:32:00,1125.67,Cancelled
ORD02174,CUST0516,2025-09-08 07:52:00,476.15,Cancelled
ORD02175,CUST0922,2025-02-08 10:28:00,1205.22,Delivered
ORD02177,CUST0610,2026-01-15 19:53:00,995.58,Preparing
ORD02178,CUST0053,2025-01-06 05:00:00,1650.88,Cancelled
ORD02179,CUST0628,2025-01-18 06:47:00,1631.08,Placed
ORD02180,CUST0410,2025-08-20 12:03:00,1284.9,Out For Delivery
ORD02181,CUST0808,2025-04-16 08:26:00,1202.17,Out For Delivery
ORD02182,CUST0729,2026-01-06 04:15:00,1400.09,Placed
ORD02183,CUST0851,2025-10-09 21:08:00,272.01,Out For Delivery
ORD02184,CUST0385,2025-01-31 03:34:00,457.35,Placed
ORD02185,CUST0174,2025-07-05 07:11:00,1420.42,Preparing
ORD02186,CUST0771,2025-12-11 12:33:00,1971.36,Delivered
ORD02187,CUST0244,2025-10-03 18:43:00,306.29,Delivered
ORD02188,CUST0615,2025-01-07 14:47:00,1795.43,Delivered
ORD02189,CUST0044,2025-01-12 11:08:00,1777.0,Placed
ORD02190,CUST0936,2025-01-05 14:07:00,745.59,Out For Delivery
ORD02193,CUST0312,2025-07-05 08:59:00,1553.22,Preparing
ORD02194,CUST0399,2026-02-26 03:38:00,1126.69,Placed
ORD02195,CUST0701,2026-02-20 03:44:00,1302.46,Delivered
ORD02196,CUST0247,2025-10-27 11:25:00,1881.24,Delivered
ORD02197,CUST0225,2026-04-27 00:23:00,597.94,Placed
ORD02198,CUST0538,2025-09-02 23:18:00,211.69,Preparing
ORD02199,CUST0735,2026-01-25 09:42:00,265.23,Out For Delivery
ORD02200,CUST0181,2025-09-11 13:13:00,102.04,Placed
ORD02201,CUST0798,2025-02-19 21:19:00,1710.26,Out For Delivery
ORD02202,CUST0116,2025-11-04 12:34:00,597.3,Delivered
ORD02204,CUST0950,2025-01-12 06:24:00,1284.9,Preparing
ORD02205,CUST0226,2025-09-07 21:38:00,646.81,Preparing
ORD02206,CUST0353,2025-10-23 05:47:00,1970.71,Cancelled
ORD02207,CUST0495,2026-04-24 01:24:00,635.33,Placed
ORD02208,CUST0387,2026-01-16 21:09:00,296.69,Delivered
ORD02209,CUST0288,2025-09-03 03:33:00,310.01,Placed
ORD02210,CUST0969,2025-07-25 20:03:00,1253.1,Delivered
ORD02211,CUST0857,2026-01-08 16:41:00,1483.72,Out For Delivery
ORD02212,CUST0615,2025-01-30 10:10:00,423.57,Delivered
ORD02213,CUST0875,2025-07-29 10:26:00,1870.65,Cancelled
ORD02214,CUST0964,2026-04-02 00:27:00,607.02,Out For Delivery
ORD02215,CUST0418,2025-04-13 03:10:00,2454.57,Out For Delivery
ORD02216,CUST0183,2026-01-17 13:06:00,832.21,Delivered
ORD02217,CUST0520,2025-02-06 02:36:00,607.02,Cancelled
ORD02218,CUST0055,2025-07-20 16:10:00,373.19,Preparing
ORD02220,CUST0708,2025-04-10 13:58:00,2110.19,Placed
ORD02221,CUST0338,2025-05-18 18:02:00,208.98,Cancelled
ORD02222,CUST0689,2025-03-25 19:22:00,991.77,Out For Delivery
ORD02223,CUST0432,2026-04-08 07:43:00,1506.39,Placed
ORD02224,CUST0751,2025-04-22 19:40:00,2285.86,Out For Delivery
ORD02225,CUST0072,2026-03-03 19:44:00,874.41,Placed
ORD02226,CUST0925,2026-05-01 08:53:00,1110.33,Preparing
ORD02227,CUST0721,2025-04-04 22:12:00,189.57,Cancelled
ORD02228,CUST0268,2025-07-03 08:06:00,1835.99,Cancelled
ORD02229,CUST0322,2025-07-19 06:49:00,681.67,Delivered
ORD02230,CUST0755,2025-06-22 19:02:00,1128.76,Out For Delivery
ORD02231,CUST0552,2025-08-26 04:40:00,1850.51,Cancelled
ORD02232,CUST0888,2025-04-01 22:06:00,1626.52,Preparing
ORD02233,CUST0948,2025-02-17 13:25:00,259.7,Preparing
ORD02234,CUST0197,2026-04-24 13:28:00,1761.79,Placed
ORD02235,CUST0301,2026-05-15 00:45:00,833.51,Preparing
ORD02236,CUST0968,2025-05-19 03:44:00,2210.94,Preparing
ORD02237,CUST0690,2026-04-13 07:11:00,1141.31,Out For Delivery
ORD02238,CUST0558,2025-02-21 20:50:00,744.29,Out For Delivery
ORD02239,CUST0874,2025-05-19 04:42:00,173.96,Out For Delivery
ORD02240,CUST0377,2025-01-04 22:38:00,1087.25,Placed
ORD02241,CUST0437,2025-12-03 02:21:00,757.51,Cancelled
ORD02242,CUST0317,2025-09-11 11:12:00,1588.1,Placed
ORD02243,CUST0328,2025-06-09 20:08:00,879.49,Placed
ORD02244,CUST0521,2026-04-11 05:24:00,1284.9,Placed
ORD02245,CUST0393,2025-06-13 19:17:00,1284.9,Preparing
ORD02246,CUST0248,2025-09-03 12:45:00,1499.41,Delivered
ORD02247,CUST0584,2025-06-27 07:14:00,323.85,Out For Delivery
ORD02248,CUST0843,2025-10-05 06:38:00,2105.86,Preparing
ORD02249,CUST0288,2025-12-01 20:54:00,105.28,Delivered
ORD02250,CUST0193,2025-05-19 13:12:00,819.78,Cancelled
ORD02251,CUST0244,2025-05-12 06:30:00,2353.77,Cancelled
ORD02252,CUST0261,2026-01-10 01:32:00,2040.1,Out For Delivery
ORD02253,CUST0576,2025-04-01 12:39:00,1284.9,Out For Delivery
ORD02254,CUST0349,2026-02-25 00:36:00,491.41,Cancelled
ORD02255,CUST0827,2025-11-15 11:38:00,2465.21,Delivered
ORD02256,CUST0255,2025-10-19 13:51:00,2196.7,Delivered
ORD02257,CUST0616,2025-02-19 15:25:00,720.67,Placed
ORD02258,CUST0005,2025-01-20 18:51:00,757.52,Cancelled
ORD02259,CUST0957,2025-05-21 09:47:00,1648.13,Delivered
ORD02260,CUST0461,2025-10-29 17:39:00,1196.76,Delivered
ORD02261,CUST0874,2026-03-14 20:01:00,2179.69,Delivered
ORD02262,CUST0268,2025-11-15 14:58:00,163.16,Preparing
ORD02263,CUST0975,2026-05-02 22:59:00,346.31,Delivered
ORD02264,CUST0443,2026-01-08 10:00:00,283.78,Cancelled
ORD02266,CUST0993,2026-05-10 11:39:00,2460.12,Cancelled
ORD02268,CUST0725,2025-10-23 07:31:00,209.35,Out For Delivery
ORD02269,CUST0446,2025-02-06 15:53:00,1510.79,Out For Delivery
ORD02270,CUST0982,2025-01-18 04:21:00,2169.29,Preparing
ORD02271,CUST0503,2025-08-08 23:11:00,2198.91,Out For Delivery
ORD02272,CUST0645,2025-07-30 07:33:00,1475.13,Delivered
ORD02273,CUST0688,2025-07-17 06:20:00,1284.9,Placed
ORD02274,CUST0783,2025-03-14 14:35:00,1542.6,Placed
ORD02275,CUST0214,2025-01-01 09:41:00,2163.17,Preparing
ORD02276,CUST0502,2025-08-24 11:33:00,1239.64,Preparing
ORD02277,CUST0053,2026-04-30 06:47:00,708.95,Out For Delivery
ORD02278,CUST0413,2025-09-18 19:24:00,1824.95,Preparing
ORD02279,CUST0987,2025-03-19 06:14:00,1731.11,Placed
ORD02280,CUST0924,2025-01-25 14:56:00,397.68,Delivered
ORD02281,CUST0473,2025-08-25 13:11:00,2236.46,Delivered
ORD02282,CUST0552,2025-06-10 22:02:00,2264.15,Cancelled
ORD02283,CUST0834,2025-09-11 08:50:00,1956.12,Out For Delivery
ORD02284,CUST0666,2025-05-03 09:53:00,902.28,Cancelled
ORD02285,CUST0768,2025-08-24 08:56:00,165.99,Preparing
ORD02286,CUST0571,2025-09-01 09:01:00,460.71,Delivered
ORD02287,CUST0316,2025-11-02 14:22:00,311.84,Out For Delivery
ORD02288,CUST0668,2026-02-02 06:03:00,239.65,Placed
ORD02289,CUST0872,2025-05-23 23:02:00,994.24,Out For Delivery
ORD02290,CUST0763,2025-05-29 23:16:00,1360.8,Out For Delivery
ORD02291,CUST0252,2025-06-25 05:58:00,1724.4,Delivered
ORD02292,CUST0700,2026-04-14 21:48:00,2399.15,Out For Delivery
ORD02293,CUST0585,2026-01-13 02:04:00,689.24,Out For Delivery
ORD02294,CUST0371,2026-02-27 13:04:00,1754.64,Cancelled
ORD02295,CUST0409,2026-03-03 10:05:00,344.33,Out For Delivery
ORD02296,CUST0459,2026-02-08 08:25:00,848.7,Out For Delivery
ORD02297,CUST0096,2025-09-19 20:48:00,1326.69,Placed
ORD02298,CUST0598,2025-07-30 12:42:00,1976.74,Delivered
ORD02299,CUST0629,2025-01-09 23:23:00,985.26,Out For Delivery
ORD02300,CUST0018,2025-09-27 20:39:00,1823.99,Preparing
ORD02302,CUST0859,2025-09-04 21:15:00,1113.59,Preparing
ORD02303,CUST0069,2025-04-21 02:34:00,177.36,Delivered
ORD02304,CUST0219,2025-10-10 18:53:00,1189.08,Cancelled
ORD02305,CUST0307,2026-03-19 09:52:00,551.15,Cancelled
ORD02306,CUST0953,2026-04-05 23:55:00,2299.18,Preparing
ORD02307,CUST0232,2026-03-06 11:05:00,1894.53,Delivered
ORD02308,CUST0886,2025-09-12 15:19:00,316.41,Preparing
ORD02309,CUST0691,2025-04-07 00:09:00,997.33,Out For Delivery
ORD02310,CUST0791,2025-06-12 17:52:00,604.09,Cancelled
ORD02311,CUST0374,2025-11-23 05:44:00,1420.91,Out For Delivery
ORD02312,CUST0635,2025-01-30 18:33:00,2226.86,Placed
ORD02313,CUST0568,2025-07-12 10:23:00,2114.81,Placed
ORD02314,CUST0636,2025-04-02 06:34:00,2149.15,Cancelled
ORD02315,CUST0978,2025-10-20 02:35:00,1937.03,Placed
ORD02316,CUST0067,2026-02-24 08:55:00,721.88,Cancelled
ORD02317,CUST0937,2025-03-22 03:44:00,987.94,Delivered
ORD02318,CUST0782,2026-03-10 01:53:00,2316.98,Preparing
ORD02319,CUST0484,2026-04-09 06:18:00,309.17,Delivered
ORD02320,CUST0341,2026-03-28 20:22:00,2137.54,Placed
ORD02321,CUST0061,2026-02-18 09:18:00,1158.28,Placed
ORD02322,CUST0049,2025-11-12 23:26:00,1417.67,Out For Delivery
ORD02323,CUST0860,2025-12-29 13:15:00,833.02,Out For Delivery
ORD02324,CUST0998,2025-04-05 19:37:00,1075.86,Cancelled
ORD02325,CUST0350,2025-03-20 01:26:00,296.88,Cancelled
ORD02326,CUST0024,2025-08-03 03:58:00,1017.87,Delivered
ORD02327,CUST0061,2026-04-04 22:46:00,417.8,Out For Delivery
ORD02328,CUST0415,2025-10-02 04:26:00,2320.13,Preparing
ORD02329,CUST0512,2025-07-02 20:25:00,1977.19,Cancelled
ORD02330,CUST0150,2025-01-16 16:12:00,1291.77,Placed
ORD02332,CUST0565,2025-11-18 14:03:00,478.96,Placed
ORD02333,CUST0475,2026-04-13 08:35:00,1284.03,Preparing
ORD02334,CUST0475,2026-04-26 03:09:00,312.09,Out For Delivery
ORD02335,CUST0046,2025-06-19 21:32:00,2026.82,Placed
ORD02336,CUST0647,2026-05-01 16:25:00,1012.25,Out For Delivery
ORD02337,CUST0958,2026-03-02 05:16:00,1979.62,Out For Delivery
ORD02338,CUST0978,2026-02-16 12:44:00,2418.49,Placed
ORD02340,CUST0705,2025-05-13 06:02:00,1033.43,Out For Delivery
ORD02341,CUST0528,2025-10-14 15:33:00,1325.08,Delivered
ORD02342,CUST0934,2026-05-16 19:39:00,277.77,Delivered
ORD02343,CUST0663,2025-03-07 04:53:00,2223.33,Placed
ORD02344,CUST0570,2025-07-15 00:59:00,2093.7,Out For Delivery
ORD02345,CUST0904,2025-02-10 18:39:00,1321.46,Preparing
ORD02346,CUST0748,2025-05-12 16:37:00,1936.71,Preparing
ORD02347,CUST0584,2025-05-29 09:04:00,1908.37,Out For Delivery
ORD02348,CUST0049,2026-05-06 11:14:00,407.55,Preparing
ORD02349,CUST0981,2026-01-12 13:30:00,235.11,Cancelled
ORD02351,CUST0642,2025-09-28 23:49:00,2019.22,Delivered
ORD02352,CUST0913,2025-03-27 11:49:00,1689.83,Preparing
ORD02353,CUST0928,2025-03-26 22:34:00,1924.33,Placed
ORD02354,CUST0383,2025-04-18 01:27:00,1334.17,Delivered
ORD02355,CUST0965,2026-03-02 13:31:00,1284.9,Cancelled
ORD02356,CUST0286,2025-06-15 17:14:00,745.12,Out For Delivery
ORD02357,CUST0487,2025-06-21 04:05:00,1626.83,Placed
ORD02358,CUST0353,2025-12-17 22:21:00,480.74,Cancelled
ORD02359,CUST0551,2025-12-29 14:17:00,1745.99,Out For Delivery
ORD02360,CUST0909,2026-04-21 05:27:00,1925.47,Placed
ORD02361,CUST0435,2025-05-12 10:14:00,1075.02,Out For Delivery
ORD02362,CUST0657,2025-08-12 09:56:00,1067.93,Cancelled
ORD02363,CUST0740,2025-01-05 01:36:00,942.31,Cancelled
ORD02364,CUST0113,2025-07-22 06:53:00,1920.64,Out For Delivery
ORD02365,CUST0159,2025-03-30 08:09:00,773.83,Cancelled
ORD02366,CUST0791,2025-12-06 19:10:00,1084.5,Placed
ORD02367,CUST0261,2025-08-12 20:44:00,298.75,Cancelled
ORD02368,CUST0813,2025-04-15 06:58:00,112.02,Out For Delivery
ORD02369,CUST0248,2025-07-11 16:25:00,1892.49,Placed
ORD02370,CUST0280,2025-08-02 00:22:00,470.18,Delivered
ORD02371,CUST0497,2026-03-15 08:59:00,2477.35,Preparing
ORD02372,CUST0341,2026-01-19 06:25:00,2146.16,Out For Delivery
ORD02373,CUST0614,2025-12-20 04:45:00,2455.52,Delivered
ORD02374,CUST0700,2025-03-20 16:23:00,509.71,Placed
ORD02375,CUST0994,2025-06-14 23:56:00,1657.62,Preparing
ORD02376,CUST0690,2025-09-12 14:21:00,1417.65,Placed
ORD02377,CUST0427,2025-05-14 06:38:00,1246.46,Cancelled
ORD02378,CUST0003,2025-08-17 17:39:00,153.7,Delivered
ORD02379,CUST0801,2026-04-03 18:44:00,340.13,Cancelled
ORD02380,CUST0380,2025-02-05 04:36:00,765.61,Placed
ORD02381,CUST0170,2025-06-23 06:43:00,2302.37,Cancelled
ORD02382,CUST0690,2026-01-25 07:33:00,907.23,Cancelled
ORD02383,CUST0445,2025-06-29 12:49:00,1284.9,Delivered
ORD02384,CUST0743,2025-11-10 08:41:00,604.59,Out For Delivery
ORD02385,CUST0550,2025-08-30 21:31:00,2163.58,Cancelled
ORD02386,CUST0003,2026-03-01 18:17:00,2160.63,Placed
ORD02387,CUST0711,2025-05-04 09:55:00,605.22,Cancelled
ORD02388,CUST0053,2025-12-06 01:07:00,899.26,Out For Delivery
ORD02389,CUST0785,2025-05-28 19:16:00,272.22,Out For Delivery
ORD02390,CUST0178,2025-06-30 11:29:00,908.24,Out For Delivery
ORD02391,CUST0664,2026-05-10 23:40:00,328.55,Cancelled
ORD02392,CUST0479,2025-04-20 19:42:00,670.69,Preparing
ORD02393,CUST0358,2025-10-10 00:53:00,1899.7,Out For Delivery
ORD02394,CUST0853,2025-09-07 11:59:00,1668.69,Delivered
ORD02395,CUST0932,2025-09-29 08:40:00,1964.07,Delivered
ORD02396,CUST0754,2025-12-02 20:19:00,821.4,Delivered
ORD02397,CUST0608,2026-05-15 14:40:00,710.77,Delivered
ORD02398,CUST0829,2026-02-17 22:15:00,398.77,Out For Delivery
ORD02399,CUST0043,2025-09-23 22:13:00,1284.9,Delivered
ORD02400,CUST0196,2025-11-08 12:06:00,1204.28,Cancelled
ORD02401,CUST0041,2026-01-24 03:28:00,2356.28,Delivered
ORD02402,CUST0589,2025-01-18 15:34:00,1533.72,Cancelled
ORD02403,CUST0408,2026-04-08 22:09:00,2015.5,Cancelled
ORD02404,CUST0563,2026-01-30 18:27:00,1724.45,Out For Delivery
ORD02405,CUST0499,2025-05-03 11:56:00,954.51,Cancelled
ORD02406,CUST0060,2025-08-21 04:08:00,614.56,Placed
ORD02407,CUST0354,2026-02-24 03:48:00,117.52,Out For Delivery
ORD02408,CUST0933,2026-03-15 09:10:00,843.41,Cancelled
ORD02409,CUST0689,2026-04-18 07:20:00,1952.54,Cancelled
ORD02410,CUST0906,2025-02-02 22:17:00,153.63,Placed
ORD02411,CUST0690,2026-01-05 07:51:00,1609.34,Out For Delivery
ORD02412,CUST0845,2025-01-13 16:11:00,922.49,Delivered
ORD02413,CUST0830,2025-10-30 08:45:00,263.94,Cancelled
ORD02414,CUST0440,2026-04-26 18:06:00,403.01,Preparing
ORD02415,CUST0171,2025-02-08 08:40:00,873.45,Preparing
ORD02416,CUST0111,2025-10-27 15:50:00,1462.26,Preparing
ORD02417,CUST0886,2025-06-06 12:48:00,1183.61,Out For Delivery
ORD02418,CUST0937,2025-07-10 22:13:00,1747.46,Out For Delivery
ORD02419,CUST0113,2025-09-24 03:51:00,1377.58,Out For Delivery
ORD02420,CUST0461,2025-04-07 16:01:00,446.52,Preparing
ORD02421,CUST0553,2025-02-21 22:37:00,2110.0,Delivered
ORD02422,CUST0550,2026-02-03 08:55:00,292.65,Delivered
ORD02423,CUST0969,2025-02-08 08:42:00,575.98,Out For Delivery
ORD02424,CUST0100,2025-02-26 05:28:00,1284.9,Delivered
ORD02428,CUST0427,2025-04-05 03:31:00,776.65,Cancelled
ORD02429,CUST0051,2025-12-03 09:06:00,2053.41,Preparing
ORD02430,CUST0688,2025-03-24 12:54:00,888.42,Delivered
ORD02431,CUST0306,2025-02-25 18:39:00,188.81,Preparing
ORD02433,CUST0661,2025-01-08 07:19:00,2054.44,Placed
ORD02434,CUST0700,2025-01-28 03:35:00,2172.1,Cancelled
ORD02435,CUST0558,2025-03-14 18:25:00,125.86,Out For Delivery
ORD02436,CUST0945,2025-05-07 02:38:00,2263.19,Preparing
ORD02437,CUST0176,2025-07-25 00:08:00,1116.26,Placed
ORD02438,CUST0376,2026-02-10 08:32:00,2175.61,Cancelled
ORD02439,CUST0377,2025-10-07 07:48:00,815.3,Cancelled
ORD02441,CUST0260,2025-07-13 18:13:00,1284.9,Placed
ORD02442,CUST0084,2025-06-05 01:58:00,312.23,Cancelled
ORD02443,CUST0339,2025-07-08 16:40:00,1284.9,Cancelled
ORD02444,CUST0828,2026-01-24 19:29:00,2329.47,Placed
ORD02445,CUST0197,2025-01-17 11:26:00,2278.13,Cancelled
ORD02447,CUST0780,2025-11-21 20:35:00,601.2,Delivered
ORD02448,CUST0775,2025-10-13 14:48:00,1198.01,Delivered
ORD02450,CUST0651,2025-12-09 07:53:00,1930.14,Preparing
ORD02451,CUST0271,2025-10-25 13:47:00,1840.71,Out For Delivery
ORD02452,CUST0918,2025-05-16 10:07:00,825.27,Out For Delivery
ORD02453,CUST0601,2025-06-05 22:55:00,1840.87,Preparing
ORD02454,CUST0353,2025-07-18 00:54:00,794.82,Delivered
ORD02455,CUST0870,2025-10-26 11:52:00,2235.45,Delivered
ORD02456,CUST0111,2025-01-27 15:36:00,836.02,Delivered
ORD02457,CUST0360,2025-08-03 10:29:00,1456.66,Delivered
ORD02458,CUST0591,2025-04-18 09:32:00,2363.86,Placed
ORD02459,CUST0624,2025-09-17 08:43:00,1284.9,Delivered
ORD02460,CUST0741,2025-10-30 23:38:00,2177.2,Delivered
ORD02461,CUST0954,2025-07-29 17:30:00,1942.07,Delivered
ORD02462,CUST0450,2025-11-02 11:29:00,1670.21,Cancelled
ORD02463,CUST0148,2025-07-12 07:31:00,540.97,Delivered
ORD02464,CUST0057,2026-04-30 14:48:00,958.22,Preparing
ORD02465,CUST0192,2025-12-05 01:26:00,2262.41,Preparing
ORD02466,CUST0198,2025-12-17 07:03:00,617.62,Cancelled
ORD02467,CUST0389,2025-01-12 12:52:00,166.07,Delivered
ORD02469,CUST0902,2025-07-20 10:49:00,833.25,Preparing
ORD02470,CUST0733,2026-03-04 01:02:00,2167.57,Out For Delivery
ORD02471,CUST0570,2025-06-22 09:34:00,2373.0,Preparing
ORD02473,CUST0543,2026-02-15 00:20:00,1165.76,Out For Delivery
ORD02474,CUST0820,2025-01-16 15:35:00,2382.87,Cancelled
ORD02475,CUST0558,2025-07-23 00:43:00,648.84,Cancelled
ORD02476,CUST0256,2026-03-31 02:58:00,2264.71,Placed
ORD02477,CUST0334,2025-10-14 12:26:00,2383.41,Cancelled
ORD02478,CUST0484,2025-10-17 16:49:00,2307.25,Cancelled
ORD02479,CUST0717,2025-02-09 08:51:00,843.32,Out For Delivery
ORD02480,CUST0838,2025-02-27 15:58:00,1041.52,Out For Delivery
ORD02482,CUST0043,2025-04-02 16:31:00,1743.46,Preparing
ORD02483,CUST0164,2026-01-10 22:41:00,297.45,Delivered
ORD02484,CUST0279,2025-02-04 12:17:00,1586.83,Placed
ORD02485,CUST0416,2025-08-01 04:55:00,1660.56,Placed
ORD02486,CUST0416,2025-12-15 21:36:00,761.86,Placed
ORD02487,CUST0057,2025-09-04 17:58:00,801.65,Cancelled
ORD02488,CUST0207,2025-01-07 18:23:00,1284.19,Preparing
ORD02489,CUST0548,2025-12-29 20:00:00,2009.49,Out For Delivery
ORD02490,CUST0158,2025-04-28 04:25:00,742.94,Cancelled
ORD02491,CUST0636,2025-11-21 14:00:00,206.28,Placed
ORD02492,CUST0868,2026-05-15 15:42:00,1581.82,Out For Delivery
ORD02493,CUST0123,2026-03-11 17:09:00,1830.09,Preparing
ORD02495,CUST0518,2025-03-24 18:58:00,1385.26,Out For Delivery
ORD02496,CUST0080,2025-08-08 06:51:00,1164.72,Out For Delivery
ORD02497,CUST0926,2026-02-08 14:21:00,1202.78,Placed
ORD02498,CUST0937,2025-04-04 09:35:00,2084.14,Cancelled
ORD02499,CUST0355,2025-11-04 02:33:00,670.56,Placed
ORD02500,CUST0976,2026-05-16 15:46:00,1923.34,Delivered
ORD02501,CUST0176,2026-03-28 08:19:00,833.72,Out For Delivery
ORD02502,CUST0474,2025-09-23 15:10:00,2180.82,Out For Delivery
ORD02503,CUST0416,2026-01-21 22:54:00,2246.39,Placed
ORD02504,CUST0586,2025-01-25 07:17:00,1653.46,Out For Delivery
ORD02505,CUST0885,2025-08-03 01:40:00,1284.9,Out For Delivery
ORD02506,CUST0716,2025-07-01 15:14:00,405.87,Preparing
ORD02507,CUST0993,2025-12-22 04:08:00,1525.36,Placed
ORD02508,CUST0237,2025-01-28 19:48:00,2397.92,Placed
ORD02509,CUST0152,2025-08-27 07:06:00,372.76,Delivered
ORD02510,CUST0319,2026-04-12 02:16:00,2179.08,Delivered
ORD02511,CUST0900,2025-01-06 20:04:00,402.1,Cancelled
ORD02512,CUST0338,2025-11-09 16:47:00,2022.71,Preparing
ORD02513,CUST0249,2026-03-04 20:48:00,1101.42,Delivered
ORD02514,CUST0489,2026-02-13 02:22:00,1528.31,Preparing
ORD02515,CUST0168,2026-01-15 09:29:00,1284.9,Out For Delivery
ORD02516,CUST0147,2025-11-06 18:01:00,1787.61,Placed
ORD02517,CUST0417,2025-02-04 20:19:00,1183.86,Delivered
ORD02518,CUST0333,2025-06-12 08:42:00,1814.56,Out For Delivery
ORD02519,CUST0411,2025-11-14 15:38:00,1792.79,Placed
ORD02520,CUST0373,2026-02-20 08:36:00,571.49,Preparing
ORD02521,CUST0020,2025-05-22 10:54:00,1966.89,Cancelled
ORD02522,CUST0706,2025-06-27 05:32:00,1765.39,Out For Delivery
ORD02523,CUST0818,2026-02-27 16:06:00,691.06,Delivered
ORD02524,CUST0645,2026-04-05 21:13:00,2465.82,Delivered
ORD02525,CUST0157,2025-05-31 15:59:00,1620.5,Cancelled
ORD02526,CUST0470,2025-03-22 01:15:00,207.57,Placed
ORD02527,CUST0842,2025-03-09 10:06:00,1269.94,Placed
ORD02528,CUST0548,2026-03-16 15:03:00,2394.45,Out For Delivery
ORD02529,CUST0280,2025-03-19 04:57:00,1748.98,Out For Delivery
ORD02530,CUST0073,2025-02-10 18:39:00,2051.23,Placed
ORD02531,CUST0821,2026-02-21 01:31:00,280.88,Placed
ORD02532,CUST0751,2026-05-14 11:57:00,1817.19,Preparing
ORD02533,CUST0985,2025-05-11 02:39:00,1229.07,Out For Delivery
ORD02534,CUST0322,2025-07-03 15:07:00,1041.6,Preparing
ORD02535,CUST0666,2025-03-09 08:26:00,2115.75,Delivered
ORD02536,CUST0866,2026-03-13 02:42:00,1387.47,Out For Delivery
ORD02537,CUST0244,2025-06-11 04:00:00,101.86,Delivered
ORD02538,CUST0297,2025-03-20 01:20:00,1682.87,Cancelled
ORD02539,CUST0431,2025-11-01 14:29:00,834.57,Preparing
ORD02540,CUST0935,2026-04-23 16:02:00,1522.87,Placed
ORD02541,CUST0784,2026-01-22 13:46:00,220.13,Preparing
ORD02542,CUST0526,2025-09-26 16:35:00,1525.35,Placed
ORD02543,CUST0401,2025-12-03 03:24:00,1431.67,Placed
ORD02544,CUST0725,2025-10-02 23:22:00,2061.52,Out For Delivery
ORD02545,CUST0047,2025-06-29 20:02:00,1016.34,Delivered
ORD02546,CUST0165,2025-07-14 15:11:00,128.88,Preparing
ORD02547,CUST0002,2026-01-06 20:35:00,1705.03,Out For Delivery
ORD02548,CUST0470,2025-04-18 11:26:00,1218.66,Preparing
ORD02549,CUST0030,2026-05-07 17:14:00,1060.82,Delivered
ORD02550,CUST0613,2025-10-27 20:36:00,1639.7,Out For Delivery
ORD02551,CUST0210,2025-07-30 14:57:00,1030.07,Out For Delivery
ORD02552,CUST0389,2025-09-27 16:46:00,994.18,Cancelled
ORD02553,CUST0104,2025-02-13 13:19:00,209.04,Cancelled
ORD02554,CUST0213,2025-06-05 07:59:00,1309.07,Delivered
ORD02555,CUST0017,2026-01-04 01:08:00,2103.75,Out For Delivery
ORD02556,CUST0220,2025-05-03 15:45:00,2007.04,Placed
ORD02557,CUST0508,2025-12-19 17:30:00,1978.64,Delivered
ORD02558,CUST0493,2025-12-11 04:00:00,444.59,Placed
ORD02559,CUST0838,2025-05-29 10:20:00,238.73,Out For Delivery
ORD02560,CUST0520,2026-01-17 23:02:00,1506.76,Cancelled
ORD02561,CUST0508,2025-07-25 20:29:00,1324.0,Preparing
ORD02562,CUST0220,2025-01-07 06:51:00,777.04,Cancelled
ORD02563,CUST0029,2025-01-16 18:05:00,850.89,Cancelled
ORD02564,CUST0019,2025-09-09 22:45:00,1150.44,Cancelled
ORD02565,CUST0322,2025-05-19 13:48:00,1328.76,Delivered
ORD02566,CUST0535,2025-11-07 12:10:00,472.49,Out For Delivery
ORD02567,CUST0170,2025-03-07 07:02:00,1284.9,Out For Delivery
ORD02568,CUST0480,2025-08-20 03:11:00,1682.31,Cancelled
ORD02569,CUST0269,2025-02-22 16:54:00,1953.29,Cancelled
ORD02571,CUST0131,2025-09-07 16:35:00,1284.9,Cancelled
ORD02572,CUST0819,2025-04-10 13:05:00,1236.72,Cancelled
ORD02573,CUST0832,2026-03-15 09:19:00,135.55,Preparing
ORD02574,CUST0569,2025-03-18 08:34:00,1042.93,Placed
ORD02575,CUST0474,2025-02-09 09:23:00,2363.25,Placed
ORD02576,CUST0157,2025-07-14 21:24:00,2049.22,Out For Delivery
ORD02578,CUST0095,2026-03-24 16:36:00,397.94,Placed
ORD02579,CUST0631,2025-03-06 23:20:00,1008.08,Cancelled
ORD02580,CUST0498,2025-07-29 17:35:00,607.4,Placed
ORD02581,CUST0081,2025-05-24 02:12:00,1337.6,Placed
ORD02583,CUST0323,2025-11-22 03:28:00,1704.44,Out For Delivery
ORD02584,CUST0370,2025-08-01 00:36:00,2001.72,Delivered
ORD02585,CUST0838,2025-09-15 14:33:00,152.27,Placed
ORD02586,CUST0782,2026-04-12 12:17:00,400.34,Preparing
ORD02587,CUST0484,2025-11-04 08:50:00,1841.55,Placed
ORD02588,CUST0960,2025-08-19 08:16:00,1493.5,Cancelled
ORD02589,CUST0236,2025-05-07 19:06:00,1043.64,Cancelled
ORD02591,CUST0462,2025-06-29 07:04:00,1435.65,Out For Delivery
ORD02592,CUST0248,2025-02-14 21:53:00,164.23,Cancelled
ORD02593,CUST0303,2025-07-28 03:10:00,1050.8,Delivered
ORD02595,CUST0794,2025-11-22 20:37:00,1518.26,Cancelled
ORD02596,CUST0013,2026-04-05 20:15:00,355.66,Placed
ORD02597,CUST0480,2025-01-03 02:28:00,2393.81,Preparing
ORD02598,CUST0930,2025-06-08 19:12:00,2058.1,Placed
ORD02599,CUST0954,2026-03-30 02:28:00,1788.36,Delivered
ORD02600,CUST0285,2025-11-12 00:10:00,743.32,Out For Delivery
ORD02601,CUST0366,2025-06-21 18:27:00,645.88,Preparing
ORD02602,CUST0680,2025-10-17 23:26:00,2321.48,Out For Delivery
ORD02603,CUST0112,2025-09-03 21:01:00,1844.54,Out For Delivery
ORD02605,CUST0357,2025-04-20 23:24:00,2397.39,Cancelled
ORD02606,CUST0242,2025-02-23 14:13:00,2185.73,Delivered
ORD02607,CUST0519,2025-09-11 22:46:00,2303.8,Cancelled
ORD02608,CUST0386,2026-03-16 10:42:00,1592.16,Delivered
ORD02609,CUST0465,2025-12-06 02:16:00,2478.48,Preparing
ORD02610,CUST0128,2026-04-04 15:58:00,1156.76,Placed
ORD02611,CUST0573,2025-11-25 03:30:00,2079.42,Delivered
ORD02612,CUST0735,2025-03-04 12:08:00,1043.68,Cancelled
ORD02613,CUST0898,2025-07-09 08:25:00,600.7,Cancelled
ORD02614,CUST0016,2025-02-22 09:42:00,1650.13,Out For Delivery
ORD02615,CUST0237,2025-11-03 22:15:00,417.57,Placed
ORD02616,CUST0408,2026-05-04 23:37:00,969.08,Preparing
ORD02617,CUST0057,2025-06-18 00:39:00,1284.9,Placed
ORD02618,CUST0803,2026-05-06 03:42:00,232.92,Out For Delivery
ORD02619,CUST0867,2025-10-27 14:12:00,1990.68,Cancelled
ORD02620,CUST0971,2025-02-14 07:00:00,1875.68,Cancelled
ORD02621,CUST0544,2026-03-14 09:42:00,2097.3,Cancelled
ORD02622,CUST0973,2026-04-01 22:52:00,1071.71,Preparing
ORD02623,CUST0076,2025-02-01 08:42:00,399.69,Delivered
ORD02624,CUST0423,2026-03-15 11:20:00,268.5,Preparing
ORD02625,CUST0544,2025-10-08 04:56:00,1085.59,Placed
ORD02626,CUST0842,2025-05-28 03:30:00,1631.38,Preparing
ORD02627,CUST0424,2025-05-15 03:44:00,1558.12,Delivered
ORD02628,CUST0641,2025-11-09 18:04:00,1284.9,Out For Delivery
ORD02629,CUST0231,2026-02-05 18:42:00,1471.76,Preparing
ORD02630,CUST0144,2026-02-08 17:09:00,1624.16,Delivered
ORD02631,CUST0180,2025-07-14 19:15:00,724.09,Cancelled
ORD02632,CUST0170,2026-04-25 05:20:00,1575.76,Out For Delivery
ORD02633,CUST0286,2026-01-25 07:51:00,1611.51,Cancelled
ORD02634,CUST0996,2026-03-29 03:04:00,2430.62,Preparing
ORD02635,CUST0620,2025-12-29 16:01:00,1299.24,Placed
ORD02636,CUST0357,2025-11-01 21:42:00,233.89,Delivered
ORD02637,CUST0494,2025-09-29 15:59:00,512.15,Out For Delivery
ORD02638,CUST0017,2026-01-01 23:17:00,2388.92,Delivered
ORD02639,CUST0908,2026-01-06 12:25:00,619.27,Preparing
ORD02640,CUST0549,2026-02-12 00:11:00,927.28,Cancelled
ORD02641,CUST0480,2026-01-30 07:46:00,2300.68,Cancelled
ORD02642,CUST0501,2026-03-13 18:20:00,261.88,Preparing
ORD02643,CUST0699,2025-02-13 02:04:00,619.77,Delivered
ORD02644,CUST0224,2025-12-30 16:27:00,952.35,Delivered
ORD02645,CUST0165,2025-07-06 17:18:00,1284.9,Preparing
ORD02647,CUST0171,2025-11-18 08:40:00,1327.06,Preparing
ORD02648,CUST0176,2026-02-14 03:02:00,1739.08,Cancelled
ORD02649,CUST0652,2025-08-14 07:45:00,947.54,Out For Delivery
ORD02650,CUST0003,2025-08-30 04:00:00,1178.05,Placed
ORD02651,CUST0482,2025-05-10 21:04:00,1819.53,Delivered
ORD02652,CUST0910,2025-04-18 20:25:00,476.82,Out For Delivery
ORD02653,CUST0727,2025-01-10 00:23:00,177.67,Placed
ORD02654,CUST0788,2025-05-12 22:08:00,2205.07,Preparing
ORD02656,CUST0237,2025-01-02 22:57:00,752.12,Preparing
ORD02657,CUST0203,2025-08-22 10:51:00,375.35,Delivered
ORD02658,CUST0980,2025-10-14 00:55:00,2190.88,Delivered
ORD02659,CUST0922,2026-02-06 13:39:00,1284.9,Out For Delivery
ORD02660,CUST0002,2025-05-11 11:17:00,254.27,Placed
ORD02661,CUST0271,2025-10-25 14:00:00,1411.83,Out For Delivery
ORD02662,CUST0029,2025-02-21 10:46:00,1275.52,Out For Delivery
ORD02665,CUST0102,2026-01-10 23:49:00,891.75,Preparing
ORD02666,CUST0715,2025-05-06 22:10:00,2003.64,Cancelled
ORD02667,CUST0858,2025-10-08 06:29:00,1626.31,Preparing
ORD02668,CUST0059,2026-05-04 22:54:00,1292.67,Delivered
ORD02669,CUST0892,2025-12-13 06:38:00,1951.81,Placed
ORD02670,CUST0163,2026-02-23 10:20:00,1144.96,Preparing
ORD02671,CUST0566,2025-10-03 05:25:00,297.89,Delivered
ORD02672,CUST0993,2025-05-02 00:16:00,960.99,Cancelled
ORD02673,CUST0724,2026-01-24 18:30:00,1404.56,Placed
ORD02674,CUST0317,2026-02-28 04:11:00,2242.9,Out For Delivery
ORD02675,CUST0709,2026-01-29 09:42:00,1531.02,Preparing
ORD02676,CUST0362,2025-10-16 13:28:00,1290.22,Cancelled
ORD02677,CUST0697,2025-04-07 14:37:00,636.4,Out For Delivery
ORD02678,CUST0995,2025-03-15 14:55:00,1940.93,Placed
ORD02679,CUST0563,2025-10-19 11:33:00,2287.75,Placed
ORD02680,CUST0357,2025-12-04 05:11:00,592.25,Delivered
ORD02681,CUST0385,2025-02-01 00:58:00,753.51,Delivered
ORD02682,CUST0688,2025-09-17 20:36:00,1284.9,Preparing
ORD02683,CUST0508,2025-05-24 12:57:00,380.4,Preparing
ORD02684,CUST0774,2025-11-24 15:36:00,2129.54,Preparing
ORD02685,CUST0952,2025-06-18 22:25:00,2289.68,Preparing
ORD02686,CUST0767,2025-10-04 16:43:00,2088.95,Cancelled
ORD02687,CUST0967,2025-10-15 19:32:00,1664.71,Cancelled
ORD02688,CUST0241,2026-05-12 18:29:00,1284.9,Cancelled
ORD02690,CUST0670,2026-02-26 09:50:00,1210.13,Out For Delivery
ORD02691,CUST0113,2026-03-12 01:28:00,2273.5,Preparing
ORD02692,CUST0656,2026-01-30 10:18:00,814.52,Delivered
ORD02693,CUST0112,2025-12-19 12:01:00,1860.7,Preparing
ORD02694,CUST0528,2025-04-18 19:33:00,1604.02,Cancelled
ORD02695,CUST0621,2025-12-27 18:27:00,2152.17,Delivered
ORD02696,CUST0689,2025-09-12 10:26:00,2013.68,Placed
ORD02697,CUST0844,2025-04-22 09:43:00,2118.42,Preparing
ORD02698,CUST0687,2025-02-20 21:53:00,2397.52,Placed
ORD02699,CUST0881,2025-04-09 10:42:00,1603.4,Delivered
ORD02700,CUST0598,2025-03-22 04:12:00,1807.84,Out For Delivery
ORD02701,CUST0194,2025-07-29 18:37:00,411.75,Cancelled
ORD02702,CUST0746,2025-04-06 07:05:00,2408.81,Delivered
ORD02703,CUST0244,2025-06-10 22:42:00,2041.27,Out For Delivery
ORD02704,CUST0609,2025-12-20 01:12:00,407.1,Out For Delivery
ORD02705,CUST0435,2026-02-10 19:21:00,1504.38,Out For Delivery
ORD02706,CUST0463,2025-01-22 04:02:00,372.51,Out For Delivery
ORD02707,CUST0317,2025-05-16 11:36:00,1228.26,Delivered
ORD02708,CUST0565,2025-10-16 07:59:00,323.79,Preparing
ORD02709,CUST0805,2025-01-08 13:20:00,1863.86,Placed
ORD02710,CUST0154,2026-04-10 17:41:00,1804.2,Placed
ORD02711,CUST0430,2025-10-13 22:22:00,110.49,Out For Delivery
ORD02712,CUST0963,2025-06-24 18:21:00,2426.86,Preparing
ORD02713,CUST0512,2025-09-13 15:49:00,2024.82,Out For Delivery
ORD02714,CUST0662,2025-03-12 15:26:00,560.05,Cancelled
ORD02715,CUST0421,2025-01-19 00:33:00,1880.39,Preparing
ORD02716,CUST0677,2026-02-24 04:27:00,1450.73,Preparing
ORD02717,CUST0064,2025-10-16 14:23:00,1723.68,Delivered
ORD02718,CUST0039,2025-08-10 20:58:00,2302.45,Placed
ORD02719,CUST0177,2025-01-20 01:13:00,601.08,Out For Delivery
ORD02720,CUST0614,2025-09-01 05:58:00,537.57,Placed
ORD02721,CUST0244,2026-01-22 21:52:00,1863.26,Placed
ORD02722,CUST0942,2025-07-13 20:39:00,105.87,Out For Delivery
ORD02723,CUST0164,2025-03-30 13:02:00,2254.52,Preparing
ORD02724,CUST0669,2025-08-26 14:47:00,1189.67,Placed
ORD02725,CUST0332,2025-09-09 23:34:00,1167.77,Preparing
ORD02726,CUST0064,2025-07-24 06:09:00,1684.56,Placed
ORD02727,CUST0172,2025-08-04 18:35:00,798.73,Delivered
ORD02728,CUST0594,2025-06-15 04:47:00,1278.57,Placed
ORD02729,CUST0710,2026-02-25 00:41:00,2092.76,Out For Delivery
ORD02730,CUST0264,2026-04-15 10:11:00,622.05,Cancelled
ORD02731,CUST0507,2025-10-08 17:16:00,108.65,Cancelled
ORD02732,CUST0480,2025-08-23 01:27:00,2271.72,Cancelled
ORD02733,CUST0944,2025-03-20 17:19:00,1353.89,Cancelled
ORD02734,CUST0151,2026-04-03 12:43:00,1797.87,Delivered
ORD02735,CUST0002,2025-06-24 06:55:00,1284.9,Delivered
ORD02736,CUST0735,2025-07-23 17:32:00,583.04,Delivered
ORD02737,CUST0993,2026-03-22 18:53:00,253.85,Delivered
ORD02738,CUST0127,2026-03-27 05:48:00,730.02,Cancelled
ORD02739,CUST0383,2025-12-11 21:17:00,1057.38,Placed
ORD02740,CUST0632,2025-10-12 21:16:00,1353.52,Placed
ORD02741,CUST0002,2025-12-21 16:49:00,1060.93,Placed
ORD02742,CUST0479,2025-11-29 03:46:00,1231.11,Out For Delivery
ORD02743,CUST0435,2026-05-15 17:37:00,1162.32,Delivered
ORD02744,CUST0934,2025-05-31 13:05:00,886.06,Placed
ORD02745,CUST0585,2026-04-19 00:03:00,222.39,Placed
ORD02746,CUST0029,2026-01-07 05:00:00,456.63,Out For Delivery
ORD02747,CUST0781,2026-04-22 20:14:00,1582.66,Placed
ORD02748,CUST0177,2025-11-14 15:23:00,1997.33,Delivered
ORD02749,CUST0710,2025-12-01 21:55:00,1636.01,Cancelled
ORD02750,CUST0767,2025-08-20 23:19:00,1924.2,Out For Delivery
ORD02751,CUST0697,2025-11-12 23:16:00,497.83,Out For Delivery
ORD02752,CUST0358,2026-02-03 23:13:00,194.44,Out For Delivery
ORD02753,CUST0193,2025-05-03 14:59:00,1570.26,Preparing
ORD02754,CUST0816,2026-01-20 12:47:00,1980.08,Cancelled
ORD02755,CUST0762,2025-12-13 12:49:00,2109.96,Out For Delivery
ORD02756,CUST0828,2026-02-12 14:19:00,211.42,Out For Delivery
ORD02757,CUST0401,2025-09-22 16:05:00,1511.75,Placed
ORD02758,CUST0840,2026-02-13 10:32:00,779.78,Placed
ORD02759,CUST0272,2025-06-19 00:36:00,1438.82,Preparing
ORD02760,CUST0250,2025-06-12 04:28:00,362.27,Placed
ORD02761,CUST0933,2025-12-25 16:23:00,2167.85,Cancelled
ORD02762,CUST0919,2025-09-19 19:35:00,1844.55,Cancelled
ORD02763,CUST0249,2025-07-02 18:26:00,1698.42,Placed
ORD02764,CUST0712,2025-04-12 20:17:00,2143.41,Placed
ORD02765,CUST0160,2025-03-17 21:54:00,471.67,Cancelled
ORD02766,CUST0955,2025-03-10 00:21:00,811.62,Preparing
ORD02767,CUST0906,2026-04-20 15:58:00,2174.71,Cancelled
ORD02768,CUST0777,2026-02-16 09:30:00,712.92,Cancelled
ORD02769,CUST0006,2025-05-31 05:37:00,1193.6,Placed
ORD02770,CUST0259,2025-12-16 15:50:00,293.45,Delivered
ORD02771,CUST0345,2025-10-02 01:51:00,2021.46,Cancelled
ORD02772,CUST0457,2026-03-19 13:39:00,1344.33,Cancelled
ORD02773,CUST0538,2025-08-25 15:21:00,890.53,Out For Delivery
ORD02775,CUST0709,2025-04-20 13:56:00,1759.01,Cancelled
ORD02776,CUST0341,2025-12-06 02:44:00,702.8,Preparing
ORD02778,CUST0737,2026-02-08 21:22:00,2310.69,Placed
ORD02779,CUST0823,2025-07-25 04:45:00,2311.83,Placed
ORD02780,CUST0029,2025-12-03 13:21:00,1344.3,Out For Delivery
ORD02781,CUST0036,2025-03-09 22:08:00,2317.13,Preparing
ORD02782,CUST0451,2026-05-07 21:11:00,2292.62,Delivered
ORD02783,CUST0665,2025-03-24 09:19:00,2198.41,Delivered
ORD02784,CUST0826,2025-02-23 04:40:00,1404.66,Placed
ORD02785,CUST0571,2026-04-08 15:34:00,213.97,Delivered
ORD02786,CUST0904,2025-06-02 11:39:00,895.19,Delivered
ORD02787,CUST0334,2025-12-29 09:05:00,168.93,Cancelled
ORD02788,CUST0143,2025-02-08 05:58:00,1791.74,Delivered
ORD02789,CUST0948,2025-06-11 19:17:00,2313.62,Cancelled
ORD02790,CUST0550,2025-09-14 05:44:00,2476.36,Delivered
ORD02791,CUST0046,2025-05-05 02:42:00,1718.83,Cancelled
ORD02792,CUST0472,2025-02-16 23:48:00,603.06,Preparing
ORD02793,CUST0443,2026-04-29 12:33:00,803.15,Delivered
ORD02794,CUST0559,2025-07-19 04:27:00,1785.82,Out For Delivery
ORD02795,CUST0474,2026-01-14 12:01:00,458.9,Cancelled
ORD02796,CUST0575,2025-04-26 08:28:00,2395.81,Placed
ORD02797,CUST0234,2026-02-26 07:17:00,932.7,Out For Delivery
ORD02798,CUST0436,2025-03-30 06:41:00,2030.13,Delivered
ORD02799,CUST0038,2025-01-29 08:21:00,1373.78,Cancelled
ORD02800,CUST0129,2026-02-02 14:14:00,1706.07,Preparing
ORD02801,CUST0947,2026-02-19 14:59:00,849.21,Preparing
ORD02802,CUST0745,2026-05-13 04:21:00,796.85,Delivered
ORD02803,CUST0718,2025-12-17 07:37:00,2241.7,Delivered
ORD02804,CUST0107,2025-08-01 15:35:00,2390.42,Out For Delivery
ORD02805,CUST0804,2026-03-19 09:25:00,1204.56,Cancelled
ORD02806,CUST0895,2025-06-25 12:38:00,2413.38,Out For Delivery
ORD02807,CUST0271,2026-01-18 21:27:00,647.83,Preparing
ORD02808,CUST0073,2026-05-09 22:10:00,1545.49,Out For Delivery
ORD02809,CUST0449,2025-01-15 00:42:00,2238.8,Preparing
ORD02810,CUST0321,2025-10-26 18:43:00,2401.33,Delivered
ORD02811,CUST0025,2025-11-22 17:38:00,241.98,Preparing
ORD02812,CUST0881,2026-05-05 07:36:00,1765.14,Preparing
ORD02813,CUST0094,2026-03-20 12:09:00,694.6,Delivered
ORD02814,CUST0913,2026-03-31 17:49:00,191.66,Placed
ORD02815,CUST0224,2025-04-16 14:17:00,574.55,Delivered
ORD02816,CUST0672,2025-08-19 15:10:00,1205.94,Out For Delivery
ORD02817,CUST0442,2025-12-04 19:23:00,2299.65,Out For Delivery
ORD02818,CUST0582,2025-06-25 19:36:00,982.83,Out For Delivery
ORD02819,CUST0705,2025-11-19 12:08:00,1615.7,Delivered
ORD02820,CUST0897,2026-04-01 09:57:00,638.21,Out For Delivery
ORD02821,CUST0135,2026-01-14 21:57:00,2041.61,Placed
ORD02822,CUST0793,2025-09-29 20:32:00,1922.34,Delivered
ORD02823,CUST0069,2025-11-09 20:45:00,818.49,Out For Delivery
ORD02824,CUST0328,2025-03-18 01:51:00,1994.78,Preparing
ORD02825,CUST0638,2026-03-28 08:29:00,1330.94,Cancelled
ORD02826,CUST0194,2026-02-26 23:23:00,680.73,Placed
ORD02827,CUST0292,2026-03-26 09:00:00,514.89,Preparing
ORD02828,CUST0297,2025-11-26 00:36:00,522.47,Placed
ORD02829,CUST0371,2026-01-03 21:10:00,1472.02,Cancelled
ORD02830,CUST0290,2026-04-19 15:38:00,312.5,Preparing
ORD02831,CUST0417,2025-01-05 02:35:00,308.7,Placed
ORD02832,CUST0987,2026-01-09 07:16:00,1804.13,Delivered
ORD02833,CUST0786,2025-12-18 19:27:00,2241.99,Delivered
ORD02834,CUST0506,2025-05-03 09:52:00,1284.9,Preparing
ORD02835,CUST0089,2026-03-29 22:45:00,1284.9,Preparing
ORD02836,CUST0880,2025-06-06 17:02:00,1361.54,Cancelled
ORD02837,CUST0541,2025-12-31 02:37:00,1089.2,Out For Delivery
ORD02838,CUST0587,2025-02-25 21:36:00,186.64,Preparing
ORD02839,CUST0329,2025-07-20 17:46:00,596.55,Delivered
ORD02840,CUST0442,2026-03-28 20:25:00,2480.08,Placed
ORD02841,CUST0879,2025-12-02 06:44:00,1451.64,Cancelled
ORD02842,CUST0782,2025-09-03 09:02:00,2180.34,Placed
ORD02843,CUST0163,2025-01-12 07:17:00,732.39,Out For Delivery
ORD02844,CUST0079,2025-05-12 16:30:00,927.86,Delivered
ORD02845,CUST0158,2025-07-03 22:55:00,464.86,Placed
ORD02846,CUST0214,2025-03-02 12:01:00,1689.13,Cancelled
ORD02847,CUST0996,2026-03-13 21:47:00,231.69,Delivered
ORD02848,CUST0978,2025-04-07 18:39:00,1951.57,Placed
ORD02849,CUST0024,2025-01-07 11:38:00,1066.22,Cancelled
ORD02850,CUST0407,2025-12-18 19:15:00,428.62,Preparing
ORD02851,CUST0030,2025-09-10 03:47:00,1355.0,Placed
ORD02852,CUST0888,2026-04-13 02:17:00,1442.64,Preparing
ORD02853,CUST0221,2026-03-09 00:51:00,910.35,Cancelled
ORD02854,CUST0903,2025-12-23 17:44:00,562.47,Preparing
ORD02855,CUST0750,2025-01-03 18:31:00,1359.04,Out For Delivery
ORD02856,CUST0145,2025-12-18 11:35:00,1882.47,Out For Delivery
ORD02857,CUST0217,2025-11-14 03:57:00,1109.99,Placed
ORD02858,CUST0532,2026-03-18 05:49:00,1128.08,Cancelled
ORD02859,CUST0728,2025-09-08 06:25:00,2118.85,Preparing
ORD02860,CUST0018,2025-01-17 08:44:00,712.81,Out For Delivery
ORD02861,CUST0921,2026-02-14 08:33:00,1251.06,Out For Delivery
ORD02862,CUST0786,2025-02-15 04:02:00,353.56,Out For Delivery
ORD02863,CUST0453,2025-09-04 12:02:00,1284.9,Out For Delivery
ORD02864,CUST0768,2026-02-02 08:16:00,987.69,Preparing
ORD02865,CUST0729,2025-04-20 22:24:00,274.46,Cancelled
ORD02866,CUST0396,2026-04-15 00:55:00,1000.13,Placed
ORD02867,CUST0767,2026-01-19 00:50:00,915.48,Out For Delivery
ORD02868,CUST0265,2025-03-31 23:25:00,692.32,Cancelled
ORD02869,CUST0966,2026-02-03 07:31:00,2472.73,Placed
ORD02870,CUST0693,2025-05-20 20:43:00,2480.51,Cancelled
ORD02871,CUST0435,2025-01-15 00:14:00,2142.94,Placed
ORD02872,CUST0141,2025-03-19 15:49:00,629.31,Cancelled
ORD02873,CUST0929,2025-05-17 21:08:00,1663.92,Delivered
ORD02874,CUST0400,2026-02-13 16:14:00,1679.49,Placed
ORD02875,CUST0696,2025-11-20 14:01:00,1284.9,Out For Delivery
ORD02876,CUST0588,2025-02-13 13:43:00,965.71,Cancelled
ORD02877,CUST0823,2025-12-21 08:54:00,1956.75,Placed
ORD02878,CUST0644,2025-05-09 17:17:00,1889.21,Delivered
ORD02879,CUST0708,2025-08-04 05:51:00,1468.99,Cancelled
ORD02880,CUST0313,2026-02-20 05:38:00,712.2,Cancelled
ORD02881,CUST0338,2025-05-31 04:53:00,1880.51,Delivered
ORD02882,CUST0363,2026-03-09 13:08:00,504.53,Placed
ORD02883,CUST0991,2026-04-22 23:56:00,2334.02,Placed
ORD02884,CUST0278,2025-06-06 14:37:00,782.96,Out For Delivery
ORD02885,CUST0691,2025-03-02 13:45:00,647.09,Preparing
ORD02886,CUST0527,2025-11-07 15:45:00,2393.32,Placed
ORD02887,CUST0477,2025-10-12 03:08:00,1595.11,Out For Delivery
ORD02888,CUST0756,2026-01-14 07:02:00,2197.5,Cancelled
ORD02889,CUST0716,2026-04-17 09:11:00,2238.46,Preparing
ORD02890,CUST0154,2026-02-08 17:12:00,1260.14,Cancelled
ORD02891,CUST0881,2025-07-27 21:31:00,1431.51,Preparing
ORD02892,CUST0907,2025-06-16 12:17:00,2381.41,Delivered
ORD02893,CUST0531,2025-10-14 04:56:00,2463.04,Cancelled
ORD02894,CUST0983,2025-01-20 21:56:00,1526.84,Placed
ORD02895,CUST0500,2026-01-08 18:07:00,1099.65,Placed
ORD02896,CUST0261,2025-07-15 22:41:00,347.37,Cancelled
ORD02897,CUST0777,2025-10-23 14:23:00,513.91,Out For Delivery
ORD02898,CUST0983,2026-01-10 21:33:00,2159.15,Out For Delivery
ORD02899,CUST0509,2026-01-05 21:30:00,1442.96,Delivered
ORD02900,CUST0574,2025-10-14 03:40:00,681.4,Out For Delivery
ORD02901,CUST0769,2025-11-29 23:49:00,173.91,Preparing
ORD02902,CUST0586,2026-05-13 18:03:00,1698.03,Delivered
ORD02903,CUST0441,2025-07-04 23:53:00,2482.6,Cancelled
ORD02904,CUST0065,2025-07-29 09:25:00,1704.73,Preparing
ORD02905,CUST0002,2026-03-01 00:12:00,1888.06,Placed
ORD02906,CUST0864,2025-01-11 14:02:00,1269.8,Placed
ORD02907,CUST0751,2025-08-02 22:45:00,1903.5,Cancelled
ORD02908,CUST0820,2026-03-07 22:02:00,2234.32,Cancelled
ORD02909,CUST0609,2025-03-21 21:44:00,1280.1,Out For Delivery
ORD02910,CUST0957,2025-12-17 05:39:00,242.24,Delivered
ORD02911,CUST0276,2026-02-20 10:25:00,419.76,Delivered
ORD02912,CUST0092,2026-01-31 19:32:00,347.11,Cancelled
ORD02913,CUST0359,2025-01-02 01:12:00,1935.31,Preparing
ORD02914,CUST0184,2025-07-23 19:14:00,400.02,Delivered
ORD02915,CUST0354,2025-03-29 11:28:00,124.26,Placed
ORD02916,CUST0794,2026-02-24 08:49:00,1857.86,Preparing
ORD02917,CUST0352,2025-03-17 20:09:00,1059.31,Delivered
ORD02918,CUST0726,2025-10-13 06:30:00,1479.41,Placed
ORD02919,CUST0861,2026-03-06 06:25:00,1940.97,Cancelled
ORD02920,CUST0505,2025-08-11 07:13:00,410.84,Cancelled
ORD02921,CUST0164,2026-01-31 16:14:00,2248.5,Preparing
ORD02922,CUST0346,2026-01-20 18:13:00,659.39,Preparing
ORD02923,CUST0751,2025-12-24 22:56:00,1403.72,Cancelled
ORD02924,CUST0258,2026-04-25 01:13:00,126.74,Preparing
ORD02925,CUST0202,2025-12-16 03:40:00,2229.37,Cancelled
ORD02926,CUST0409,2025-11-21 02:08:00,1268.48,Cancelled
ORD02928,CUST0117,2025-09-02 13:36:00,1396.85,Delivered
ORD02929,CUST0366,2025-06-07 09:46:00,445.79,Out For Delivery
ORD02930,CUST0811,2025-04-24 14:39:00,1144.18,Placed
ORD02931,CUST0645,2026-02-26 14:12:00,2477.95,Cancelled
ORD02932,CUST0632,2025-04-15 08:46:00,1362.82,Cancelled
ORD02933,CUST0039,2025-04-24 19:29:00,1557.25,Cancelled
ORD02934,CUST0083,2025-12-22 11:01:00,327.05,Cancelled
ORD02935,CUST0691,2025-08-04 11:51:00,293.67,Placed
ORD02937,CUST0413,2025-11-27 14:14:00,1286.11,Delivered
ORD02938,CUST0582,2025-10-23 21:34:00,441.58,Cancelled
ORD02939,CUST0912,2026-01-10 00:14:00,544.48,Preparing
ORD02940,CUST0157,2025-02-22 10:22:00,1061.06,Delivered
ORD02941,CUST0425,2025-04-27 19:38:00,908.36,Cancelled
ORD02942,CUST0577,2025-06-28 10:50:00,1095.42,Delivered
ORD02943,CUST0204,2025-02-08 15:03:00,621.28,Placed
ORD02944,CUST0017,2025-12-06 04:47:00,1222.58,Preparing
ORD02945,CUST0700,2026-01-16 05:22:00,1676.35,Delivered
ORD02946,CUST0191,2025-03-29 23:13:00,1311.98,Out For Delivery
ORD02949,CUST0880,2026-01-17 04:26:00,2317.54,Delivered
ORD02950,CUST0585,2025-11-18 22:12:00,1333.84,Cancelled
ORD02951,CUST0094,2025-09-05 13:50:00,2058.62,Placed
ORD02952,CUST0941,2025-08-01 09:58:00,1797.42,Out For Delivery
ORD02953,CUST0015,2025-05-27 11:48:00,692.62,Out For Delivery
ORD02954,CUST0856,2025-06-03 08:58:00,612.18,Preparing
ORD02955,CUST0904,2025-01-30 23:49:00,2367.42,Out For Delivery
ORD02956,CUST0031,2025-12-04 10:24:00,2304.14,Placed
ORD02957,CUST0819,2026-04-03 09:47:00,317.37,Cancelled
ORD02958,CUST0243,2026-05-16 14:17:00,733.66,Placed
ORD02959,CUST0327,2025-11-13 06:32:00,478.58,Out For Delivery
ORD02960,CUST0524,2026-03-17 18:41:00,1715.36,Out For Delivery
ORD02961,CUST0656,2025-03-26 08:59:00,1958.87,Preparing
ORD02962,CUST0610,2025-06-18 05:07:00,345.1,Out For Delivery
ORD02963,CUST0517,2025-08-20 02:00:00,208.02,Out For Delivery
ORD02964,CUST0298,2025-07-15 13:00:00,1509.77,Placed
ORD02965,CUST0452,2025-05-22 14:27:00,1498.81,Placed
ORD02966,CUST0119,2026-02-20 10:02:00,670.58,Cancelled
ORD02967,CUST0321,2025-06-29 17:50:00,1306.5,Placed
ORD02968,CUST0046,2025-01-22 09:07:00,1545.23,Preparing
ORD02969,CUST0557,2025-08-01 22:45:00,103.05,Preparing
ORD02970,CUST0001,2026-01-28 00:10:00,1984.97,Delivered
ORD02971,CUST0109,2026-03-25 00:04:00,806.33,Out For Delivery
ORD02972,CUST0555,2025-02-17 11:35:00,1894.42,Placed
ORD02973,CUST0790,2025-10-24 03:12:00,1284.9,Out For Delivery
ORD02974,CUST0124,2025-10-22 03:42:00,2045.34,Preparing
ORD02975,CUST0546,2025-08-13 02:32:00,1684.63,Placed
ORD02976,CUST0658,2025-06-09 19:09:00,589.62,Preparing
ORD02977,CUST0871,2025-10-13 22:50:00,2474.15,Placed
ORD02978,CUST0104,2025-11-04 13:05:00,1518.38,Preparing
ORD02979,CUST0200,2025-05-24 18:22:00,423.45,Cancelled
ORD02980,CUST0828,2025-05-16 01:42:00,2480.86,Preparing
ORD02981,CUST0959,2026-04-21 15:31:00,1433.61,Delivered
ORD02982,CUST0554,2025-01-04 12:25:00,1757.21,Preparing
ORD02983,CUST0759,2025-03-09 23:02:00,2300.44,Delivered
ORD02984,CUST0966,2025-02-07 13:20:00,323.93,Placed
ORD02985,CUST0852,2025-11-26 02:34:00,391.45,Preparing
ORD02986,CUST0799,2025-04-28 21:39:00,2322.8,Preparing
ORD02987,CUST0598,2026-03-24 23:32:00,1493.94,Preparing
ORD02988,CUST0227,2025-02-28 09:52:00,1540.08,Cancelled
ORD02989,CUST0620,2026-03-10 03:54:00,1498.42,Delivered
ORD02990,CUST0415,2026-03-17 17:03:00,962.34,Out For Delivery
ORD02991,CUST0773,2025-01-26 06:50:00,1345.28,Delivered
ORD02992,CUST0965,2025-12-19 17:49:00,712.26,Delivered
ORD02993,CUST0719,2025-02-08 22:39:00,345.3,Placed
ORD02994,CUST0242,2025-05-20 13:36:00,1284.9,Out For Delivery
ORD02995,CUST0605,2025-12-15 23:21:00,2288.13,Placed
ORD02996,CUST0968,2025-08-22 08:21:00,1525.89,Preparing
ORD02997,CUST0937,2026-03-03 11:36:00,1269.07,Preparing
ORD02998,CUST0313,2025-03-15 21:39:00,796.85,Out For Delivery
ORD02999,CUST0667,2025-08-15 13:11:00,557.28,Cancelled
ORD03000,CUST0400,2025-11-06 02:56:00,928.95,Placed
ORD03001,CUST0991,2025-05-27 15:08:00,1612.04,Placed
ORD03002,CUST0730,2025-07-12 16:20:00,134.38,Delivered
ORD03003,CUST0981,2025-07-18 02:07:00,1028.67,Cancelled
ORD03005,CUST0647,2026-02-07 21:26:00,210.33,Delivered
ORD03006,CUST0510,2026-01-17 15:52:00,207.53,Placed
ORD03007,CUST0510,2026-05-03 04:13:00,2350.75,Out For Delivery
ORD03008,CUST0208,2025-06-24 04:21:00,1284.9,Placed
ORD03009,CUST0858,2025-09-25 19:19:00,2208.57,Delivered
ORD03010,CUST0870,2025-01-29 10:49:00,1602.25,Preparing
ORD03011,CUST0193,2026-01-04 03:32:00,2304.5,Placed
ORD03012,CUST0639,2025-04-28 09:42:00,1284.9,Placed
ORD03013,CUST0151,2026-04-17 18:17:00,2233.85,Preparing
ORD03014,CUST0284,2026-04-11 22:41:00,774.49,Placed
ORD03015,CUST0809,2025-09-06 16:14:00,2276.64,Preparing
ORD03016,CUST0897,2026-03-04 15:37:00,462.71,Out For Delivery
ORD03017,CUST0951,2025-02-28 13:59:00,647.41,Preparing
ORD03018,CUST0887,2025-12-15 23:33:00,361.72,Placed
ORD03019,CUST0581,2025-07-16 04:55:00,2436.22,Out For Delivery
ORD03020,CUST0632,2026-01-22 13:51:00,897.99,Cancelled
ORD03021,CUST0795,2026-04-29 11:55:00,611.7,Out For Delivery
ORD03022,CUST0148,2025-04-11 23:48:00,2077.52,Preparing
ORD03023,CUST0191,2025-03-07 20:20:00,380.21,Delivered
ORD03024,CUST0776,2025-04-06 17:01:00,2463.77,Out For Delivery
ORD03025,CUST0754,2025-09-27 05:32:00,481.21,Out For Delivery
ORD03026,CUST0389,2026-04-14 12:45:00,408.41,Cancelled
ORD03027,CUST0724,2025-12-23 16:28:00,1696.3,Placed
ORD03028,CUST0074,2025-12-17 06:45:00,1433.07,Cancelled
ORD03029,CUST0769,2025-12-30 04:25:00,1676.0,Placed
ORD03030,CUST0921,2026-04-27 02:16:00,731.99,Placed
ORD03031,CUST0825,2025-07-18 02:17:00,953.13,Cancelled
ORD03032,CUST0954,2025-06-06 11:45:00,750.93,Preparing
ORD03033,CUST0628,2026-03-12 15:06:00,1740.46,Out For Delivery
ORD03034,CUST0909,2025-05-22 18:59:00,1593.33,Cancelled
ORD03035,CUST0769,2025-01-24 23:13:00,826.11,Out For Delivery
ORD03036,CUST0374,2026-01-14 22:34:00,2052.94,Delivered
ORD03037,CUST0537,2025-09-17 02:53:00,1328.16,Placed
ORD03038,CUST0829,2026-03-28 04:07:00,1517.83,Delivered
ORD03039,CUST0448,2026-05-16 07:32:00,2267.25,Cancelled
ORD03040,CUST0216,2025-04-20 03:10:00,649.87,Cancelled
ORD03041,CUST0952,2026-03-27 14:00:00,596.17,Placed
ORD03042,CUST0900,2026-01-13 16:13:00,1433.38,Out For Delivery
ORD03043,CUST0509,2025-05-11 00:29:00,1066.45,Delivered
ORD03044,CUST0362,2025-07-25 00:00:00,1178.27,Preparing
ORD03045,CUST0873,2025-03-21 03:55:00,1989.86,Cancelled
ORD03046,CUST0951,2025-04-19 16:26:00,1389.24,Delivered
ORD03047,CUST0451,2025-03-10 13:16:00,617.18,Preparing
ORD03049,CUST0038,2026-04-06 12:25:00,1053.02,Out For Delivery
ORD03050,CUST0097,2025-04-04 06:16:00,735.1,Out For Delivery
ORD03051,CUST0593,2026-03-26 17:05:00,1350.05,Out For Delivery
ORD03052,CUST0360,2025-02-20 04:16:00,169.81,Delivered
ORD03053,CUST0699,2025-02-15 15:48:00,836.63,Preparing
ORD03054,CUST0973,2025-09-28 03:05:00,1843.87,Cancelled
ORD03055,CUST0840,2025-10-10 20:45:00,2336.92,Preparing
ORD03056,CUST0588,2026-01-22 06:58:00,1931.35,Delivered
ORD03057,CUST0345,2025-10-23 15:11:00,1206.92,Cancelled
ORD03058,CUST0582,2025-04-18 11:50:00,272.57,Out For Delivery
ORD03059,CUST0610,2025-02-07 18:22:00,1284.9,Cancelled
ORD03060,CUST0558,2026-02-14 09:11:00,1279.33,Preparing
ORD03061,CUST0014,2025-12-14 15:54:00,1284.9,Placed
ORD03062,CUST0230,2025-11-09 03:21:00,2420.84,Out For Delivery
ORD03063,CUST0423,2026-05-13 08:31:00,1919.54,Out For Delivery
ORD03064,CUST0090,2025-01-02 23:33:00,333.4,Delivered
ORD03065,CUST0257,2026-02-27 14:45:00,848.48,Cancelled
ORD03066,CUST0928,2025-09-04 07:33:00,164.23,Delivered
ORD03067,CUST0473,2025-12-08 07:24:00,2446.74,Cancelled
ORD03068,CUST0821,2025-04-03 06:29:00,833.33,Preparing
ORD03069,CUST0397,2025-10-18 18:28:00,2249.93,Out For Delivery
ORD03070,CUST0681,2026-03-09 20:23:00,1736.86,Cancelled
ORD03071,CUST0501,2025-08-28 00:07:00,905.54,Cancelled
ORD03072,CUST0693,2025-09-13 06:40:00,1284.9,Delivered
ORD03073,CUST0435,2025-09-18 10:26:00,1750.86,Cancelled
ORD03074,CUST0951,2026-01-23 16:21:00,1238.28,Out For Delivery
ORD03075,CUST0491,2026-03-18 18:18:00,2377.34,Preparing
ORD03076,CUST0279,2026-03-29 15:03:00,581.83,Delivered
ORD03077,CUST0435,2026-03-30 11:38:00,2192.51,Out For Delivery
ORD03078,CUST0672,2026-01-15 12:24:00,2066.24,Out For Delivery
ORD03079,CUST0358,2025-07-01 20:51:00,760.18,Delivered
ORD03080,CUST0664,2025-01-19 22:40:00,156.44,Out For Delivery
ORD03081,CUST0615,2025-11-28 00:35:00,1730.14,Cancelled
ORD03082,CUST0233,2025-11-25 19:16:00,164.77,Delivered
ORD03083,CUST0568,2026-03-20 01:49:00,1359.94,Out For Delivery
ORD03084,CUST0747,2025-10-01 11:59:00,552.37,Cancelled
ORD03085,CUST0389,2025-06-05 23:33:00,2305.13,Placed
ORD03086,CUST0057,2026-05-11 08:05:00,1832.11,Delivered
ORD03087,CUST0724,2025-05-12 00:20:00,2025.2,Preparing
ORD03088,CUST0891,2025-09-30 14:40:00,594.34,Out For Delivery
ORD03089,CUST0664,2025-08-07 08:44:00,1992.84,Delivered
ORD03090,CUST0254,2025-04-22 04:57:00,2073.37,Cancelled
ORD03091,CUST0344,2025-11-01 04:50:00,2391.83,Cancelled
ORD03092,CUST0055,2026-03-26 02:01:00,1274.16,Placed
ORD03093,CUST0699,2026-03-24 19:20:00,817.67,Cancelled
ORD03094,CUST0488,2025-10-17 20:30:00,571.15,Preparing
ORD03096,CUST0541,2025-10-30 06:54:00,2370.01,Out For Delivery
ORD03097,CUST0703,2025-04-04 13:02:00,1221.62,Delivered
ORD03098,CUST0444,2026-01-23 15:03:00,1627.62,Cancelled
ORD03099,CUST0164,2025-11-04 05:15:00,1057.9,Placed
ORD03100,CUST0131,2025-04-07 15:29:00,1535.73,Cancelled
ORD03101,CUST0689,2025-02-22 22:47:00,2282.14,Preparing
ORD03102,CUST0457,2025-01-05 10:58:00,1968.4,Placed
ORD03103,CUST0046,2025-11-18 12:54:00,385.85,Placed
ORD03104,CUST0508,2025-01-19 14:33:00,1390.82,Out For Delivery
ORD03105,CUST0525,2026-05-12 06:51:00,710.33,Out For Delivery
ORD03106,CUST0887,2025-06-18 21:18:00,117.37,Out For Delivery
ORD03107,CUST0491,2025-04-05 16:03:00,553.94,Delivered
ORD03108,CUST0251,2026-02-10 21:50:00,2466.47,Preparing
ORD03109,CUST0505,2026-01-17 16:20:00,1306.18,Out For Delivery
ORD03110,CUST0911,2025-01-22 17:35:00,2262.4,Cancelled
ORD03111,CUST0191,2026-05-13 20:02:00,1284.9,Delivered
ORD03112,CUST0351,2025-03-21 13:39:00,229.8,Out For Delivery
ORD03113,CUST0665,2025-01-20 04:38:00,1680.15,Delivered
ORD03114,CUST0983,2025-11-04 05:58:00,2139.25,Delivered
ORD03115,CUST0251,2025-01-16 14:38:00,381.61,Out For Delivery
ORD03116,CUST0062,2026-02-16 05:43:00,2318.54,Placed
ORD03117,CUST0644,2025-11-08 11:13:00,1284.9,Out For Delivery
ORD03118,CUST0206,2025-02-10 21:34:00,193.56,Delivered
ORD03119,CUST0931,2025-01-29 09:33:00,1976.23,Placed
ORD03120,CUST0058,2026-04-11 11:19:00,1801.16,Preparing
ORD03121,CUST0775,2026-02-27 15:38:00,590.98,Cancelled
ORD03122,CUST0851,2026-01-02 10:40:00,668.09,Placed
ORD03123,CUST0161,2025-09-06 04:55:00,1935.25,Preparing
ORD03124,CUST0135,2025-10-28 11:55:00,1310.66,Preparing
ORD03125,CUST0479,2025-12-18 13:49:00,1362.28,Placed
ORD03126,CUST0043,2025-05-05 01:59:00,1480.45,Cancelled
ORD03127,CUST0760,2025-09-14 14:24:00,2018.1,Placed
ORD03128,CUST0525,2025-10-11 09:37:00,2223.46,Out For Delivery
ORD03129,CUST0140,2025-12-02 08:18:00,797.15,Preparing
ORD03131,CUST0957,2025-04-18 11:55:00,1325.87,Placed
ORD03132,CUST0680,2025-03-20 14:28:00,820.06,Delivered
ORD03133,CUST0279,2025-07-10 18:55:00,781.29,Placed
ORD03134,CUST0152,2026-03-12 09:47:00,2047.41,Delivered
ORD03135,CUST0018,2025-09-10 01:45:00,894.24,Out For Delivery
ORD03136,CUST0853,2025-06-08 18:44:00,1208.43,Out For Delivery
ORD03137,CUST0109,2025-08-12 13:08:00,1452.74,Delivered
ORD03138,CUST0158,2025-06-18 11:37:00,2263.93,Preparing
ORD03139,CUST0270,2025-11-16 23:50:00,822.7,Preparing
ORD03140,CUST0503,2025-03-17 21:30:00,573.63,Placed
ORD03141,CUST0972,2025-02-27 22:40:00,347.73,Placed
ORD03142,CUST0374,2025-06-22 17:15:00,947.66,Cancelled
ORD03143,CUST0373,2026-04-18 13:51:00,395.26,Cancelled
ORD03144,CUST0209,2025-07-10 21:30:00,2165.54,Delivered
ORD03145,CUST0841,2026-02-05 19:22:00,823.65,Cancelled
ORD03146,CUST0778,2026-01-03 01:18:00,1236.76,Out For Delivery
ORD03147,CUST0573,2025-06-14 05:05:00,1489.8,Cancelled
ORD03148,CUST0393,2026-03-31 01:49:00,1735.96,Preparing
ORD03149,CUST0431,2025-01-19 16:36:00,2220.05,Cancelled
ORD03150,CUST0026,2025-02-15 01:23:00,1929.93,Preparing
ORD03151,CUST0379,2026-03-07 06:11:00,1284.9,Placed
ORD03152,CUST0703,2025-12-14 23:15:00,2357.03,Delivered
ORD03153,CUST0190,2026-04-11 00:42:00,666.89,Cancelled
ORD03154,CUST0967,2025-12-02 02:35:00,607.01,Out For Delivery
ORD03155,CUST0533,2025-02-20 13:49:00,1070.03,Out For Delivery
ORD03156,CUST0757,2025-01-05 17:14:00,1778.46,Preparing
ORD03157,CUST0415,2025-08-11 09:30:00,1847.03,Delivered
ORD03158,CUST0264,2025-08-26 20:35:00,1742.14,Preparing
ORD03159,CUST0445,2025-07-28 07:28:00,1662.89,Cancelled
ORD03160,CUST0486,2025-08-16 09:17:00,505.04,Delivered
ORD03161,CUST0314,2026-04-23 08:24:00,621.34,Cancelled
ORD03162,CUST0095,2026-02-19 10:21:00,1068.1,Preparing
ORD03163,CUST0965,2025-03-20 20:24:00,1500.01,Placed
ORD03164,CUST0825,2025-07-12 08:49:00,1032.64,Delivered
ORD03165,CUST0066,2026-05-06 03:42:00,536.95,Preparing
ORD03166,CUST0249,2025-12-07 20:40:00,1649.45,Out For Delivery
ORD03167,CUST0191,2026-04-08 01:14:00,652.97,Cancelled
ORD03168,CUST0397,2025-12-12 22:04:00,1092.82,Out For Delivery
ORD03169,CUST0987,2025-06-17 15:32:00,2327.78,Out For Delivery
ORD03170,CUST0820,2026-04-13 10:43:00,1690.22,Out For Delivery
ORD03171,CUST0395,2025-10-15 21:00:00,946.15,Placed
ORD03172,CUST0406,2025-11-23 23:30:00,726.73,Out For Delivery
ORD03173,CUST0992,2025-08-01 07:10:00,982.35,Placed
ORD03174,CUST0198,2026-03-28 08:51:00,201.55,Out For Delivery
ORD03175,CUST0523,2025-08-09 14:16:00,339.4,Out For Delivery
ORD03176,CUST0085,2025-11-20 18:05:00,1366.44,Placed
ORD03177,CUST0643,2025-02-21 07:14:00,2145.32,Out For Delivery
ORD03178,CUST0270,2025-04-07 05:53:00,1450.37,Delivered
ORD03179,CUST0210,2025-04-06 15:42:00,1819.99,Out For Delivery
ORD03180,CUST0099,2025-01-01 12:02:00,1885.56,Cancelled
ORD03181,CUST0844,2025-09-09 01:02:00,404.58,Placed
ORD03182,CUST0922,2026-03-06 20:49:00,809.13,Delivered
ORD03183,CUST0342,2026-03-10 04:30:00,532.46,Cancelled
ORD03184,CUST0116,2026-02-15 09:13:00,2452.27,Preparing
ORD03185,CUST0007,2025-11-18 15:30:00,1880.83,Out For Delivery
ORD03186,CUST0079,2025-01-06 19:48:00,2234.67,Preparing
ORD03187,CUST0467,2025-05-28 10:51:00,2075.45,Placed
ORD03188,CUST0990,2026-03-04 04:02:00,298.44,Preparing
ORD03189,CUST0090,2025-04-02 13:27:00,1055.54,Placed
ORD03190,CUST0089,2026-04-09 13:22:00,153.21,Preparing
ORD03191,CUST0347,2025-03-18 13:29:00,2246.19,Preparing
ORD03192,CUST0766,2025-01-30 04:29:00,370.56,Placed
ORD03193,CUST0767,2026-03-09 21:59:00,1269.83,Delivered
ORD03194,CUST0980,2025-02-08 02:11:00,1354.12,Delivered
ORD03195,CUST0208,2026-02-19 05:15:00,2009.78,Cancelled
ORD03196,CUST0942,2025-04-29 00:40:00,754.34,Out For Delivery
ORD03197,CUST0992,2025-02-11 13:21:00,234.56,Delivered
ORD03198,CUST0882,2025-02-25 22:33:00,454.97,Preparing
ORD03199,CUST0768,2025-09-28 10:40:00,894.2,Placed
ORD03200,CUST0036,2025-06-05 02:54:00,2274.2,Out For Delivery
ORD03201,CUST0034,2026-02-03 10:06:00,631.26,Out For Delivery
ORD03202,CUST0254,2025-04-25 13:12:00,115.63,Delivered
ORD03203,CUST0310,2025-04-10 14:44:00,106.96,Cancelled
ORD03204,CUST0790,2025-05-15 07:28:00,179.21,Preparing
ORD03205,CUST0849,2026-05-10 23:17:00,367.17,Preparing
ORD03206,CUST0638,2025-03-28 17:57:00,2031.98,Preparing
ORD03207,CUST0579,2026-01-17 15:05:00,2117.36,Cancelled
ORD03208,CUST0465,2025-07-13 19:28:00,951.05,Placed
ORD03209,CUST0992,2025-12-19 18:15:00,1783.47,Placed
ORD03210,CUST0914,2026-02-27 18:05:00,1555.78,Cancelled
ORD03211,CUST0076,2025-09-07 18:13:00,1284.9,Delivered
ORD03212,CUST0837,2025-05-12 23:19:00,940.93,Out For Delivery
ORD03213,CUST0848,2025-03-18 23:21:00,2335.35,Out For Delivery
ORD03214,CUST0873,2026-04-27 12:55:00,1483.72,Delivered
ORD03216,CUST0839,2025-03-23 13:01:00,2447.66,Delivered
ORD03217,CUST0067,2025-03-04 17:27:00,1284.9,Placed
ORD03218,CUST0962,2026-02-08 07:27:00,1510.32,Placed
ORD03219,CUST0004,2026-02-22 17:04:00,217.5,Preparing
ORD03220,CUST0416,2025-12-08 05:33:00,2329.76,Cancelled
ORD03221,CUST0872,2025-09-11 01:05:00,1512.81,Preparing
ORD03222,CUST0903,2026-05-06 03:06:00,1124.33,Cancelled
ORD03223,CUST0029,2026-05-09 15:28:00,863.04,Cancelled
ORD03224,CUST0577,2025-12-18 03:37:00,458.31,Out For Delivery
ORD03225,CUST0124,2026-05-13 06:23:00,2153.16,Cancelled
ORD03226,CUST0817,2025-05-25 23:33:00,1563.55,Out For Delivery
ORD03227,CUST0109,2025-08-06 14:47:00,2045.14,Cancelled
ORD03228,CUST0372,2025-10-05 03:35:00,371.21,Delivered
ORD03229,CUST0289,2025-09-13 14:38:00,2171.96,Cancelled
ORD03230,CUST0968,2025-06-20 20:35:00,1388.91,Out For Delivery
ORD03231,CUST0481,2026-01-20 03:11:00,1955.25,Placed
ORD03232,CUST0390,2026-04-02 08:27:00,395.41,Delivered
ORD03233,CUST0092,2025-10-19 13:37:00,605.97,Preparing
ORD03234,CUST0079,2025-05-06 17:30:00,195.05,Delivered
ORD03235,CUST0756,2026-01-06 15:23:00,890.62,Out For Delivery
ORD03236,CUST0055,2025-03-11 19:43:00,1417.27,Delivered
ORD03237,CUST0117,2025-04-06 17:10:00,2150.78,Cancelled
ORD03238,CUST0126,2025-08-20 07:36:00,2021.54,Preparing
ORD03239,CUST0661,2025-08-24 16:27:00,2338.48,Preparing
ORD03240,CUST0739,2026-02-20 14:23:00,1646.01,Placed
ORD03241,CUST0710,2025-12-05 15:46:00,2128.08,Placed
ORD03242,CUST0937,2025-03-06 21:19:00,1637.77,Preparing
ORD03243,CUST0713,2025-02-09 02:44:00,944.12,Cancelled
ORD03244,CUST0162,2025-01-26 19:17:00,1859.37,Preparing
ORD03245,CUST0383,2025-08-19 20:22:00,547.49,Cancelled
ORD03246,CUST0103,2025-07-28 17:24:00,1998.38,Placed
ORD03247,CUST0333,2025-01-09 12:36:00,646.79,Cancelled
ORD03248,CUST0822,2025-02-24 01:50:00,137.54,Preparing
ORD03249,CUST0608,2025-08-31 08:39:00,768.17,Cancelled
ORD03250,CUST0002,2025-02-24 16:51:00,1409.67,Cancelled
ORD03251,CUST0638,2025-11-25 03:13:00,1930.39,Cancelled
ORD03252,CUST0977,2025-06-14 06:33:00,1306.71,Placed
ORD03253,CUST0512,2025-01-20 06:19:00,1049.49,Placed
ORD03254,CUST0294,2026-03-07 21:10:00,824.53,Out For Delivery
ORD03255,CUST0167,2025-01-02 05:07:00,920.04,Out For Delivery
ORD03256,CUST0713,2025-03-28 04:42:00,782.78,Delivered
ORD03257,CUST0456,2025-05-07 21:18:00,1023.81,Placed
ORD03258,CUST0949,2025-06-24 08:30:00,1829.78,Placed
ORD03259,CUST0256,2026-04-20 18:33:00,284.78,Delivered
ORD03260,CUST0111,2025-07-20 06:21:00,723.42,Placed
ORD03262,CUST0928,2025-11-07 10:27:00,2092.0,Cancelled
ORD03263,CUST0277,2025-03-04 06:13:00,1143.4,Out For Delivery
ORD03265,CUST0566,2025-03-01 14:41:00,1700.76,Delivered
ORD03266,CUST0721,2025-06-18 05:47:00,1522.36,Preparing
ORD03267,CUST0119,2025-11-26 21:06:00,484.08,Cancelled
ORD03269,CUST0407,2026-04-07 18:37:00,390.39,Preparing
ORD03270,CUST0928,2025-03-03 05:52:00,359.37,Out For Delivery
ORD03271,CUST0635,2026-04-07 16:41:00,837.34,Cancelled
ORD03272,CUST0534,2025-07-20 12:23:00,1405.02,Cancelled
ORD03273,CUST0819,2025-11-04 03:15:00,1196.95,Out For Delivery
ORD03274,CUST0936,2025-08-02 09:17:00,1484.11,Out For Delivery
ORD03275,CUST0117,2025-10-14 20:01:00,336.1,Placed
ORD03276,CUST0223,2025-02-22 11:25:00,1380.69,Preparing
ORD03277,CUST0188,2025-10-06 08:59:00,129.69,Preparing
ORD03278,CUST0753,2026-04-17 08:25:00,1043.36,Placed
ORD03279,CUST0162,2025-01-06 04:20:00,2104.08,Out For Delivery
ORD03280,CUST0452,2026-02-14 01:52:00,1023.68,Out For Delivery
ORD03281,CUST0750,2025-04-12 20:40:00,1685.62,Cancelled
ORD03282,CUST0922,2025-08-07 22:25:00,825.72,Cancelled
ORD03283,CUST0512,2025-09-07 04:04:00,1660.69,Preparing
ORD03284,CUST0054,2025-01-11 07:53:00,185.91,Out For Delivery
ORD03286,CUST0999,2025-03-12 11:17:00,931.25,Placed
ORD03287,CUST0545,2025-10-31 21:13:00,1264.95,Delivered
ORD03288,CUST0727,2026-01-01 07:37:00,1778.36,Preparing
ORD03289,CUST0565,2025-03-28 16:36:00,1015.18,Preparing
ORD03290,CUST0796,2026-03-04 14:35:00,1338.33,Delivered
ORD03291,CUST0041,2025-05-21 05:41:00,945.48,Delivered
ORD03292,CUST0534,2025-11-11 19:23:00,269.86,Placed
ORD03293,CUST0608,2025-04-06 21:05:00,865.0,Out For Delivery
ORD03294,CUST0355,2025-01-04 15:54:00,107.91,Delivered
ORD03295,CUST0565,2026-04-16 09:36:00,1486.88,Cancelled
ORD03296,CUST0802,2025-06-27 14:24:00,1790.44,Delivered
ORD03297,CUST0560,2026-04-24 00:51:00,1489.12,Placed
ORD03298,CUST0566,2025-05-24 23:22:00,511.16,Out For Delivery
ORD03299,CUST0201,2026-02-23 06:45:00,885.77,Placed
ORD03300,CUST0424,2025-04-17 21:44:00,1284.9,Placed
ORD03301,CUST0317,2025-06-25 03:43:00,2165.35,Delivered
ORD03302,CUST0752,2025-11-06 00:54:00,173.05,Placed
ORD03303,CUST0944,2026-04-09 04:09:00,422.34,Delivered
ORD03304,CUST0478,2026-03-21 01:45:00,2394.03,Preparing
ORD03305,CUST0115,2025-03-13 16:05:00,2228.42,Cancelled
ORD03306,CUST0584,2026-01-20 07:22:00,837.3,Delivered
ORD03307,CUST0328,2026-03-26 04:52:00,2267.58,Delivered
ORD03308,CUST0434,2025-05-06 15:57:00,268.79,Out For Delivery
ORD03309,CUST0245,2025-02-23 00:34:00,488.74,Preparing
ORD03310,CUST0786,2025-06-21 18:56:00,2093.26,Placed
ORD03311,CUST0098,2025-09-18 00:15:00,814.82,Out For Delivery
ORD03312,CUST0940,2025-01-23 04:04:00,1284.9,Out For Delivery
ORD03313,CUST0047,2025-03-10 16:16:00,250.43,Cancelled
ORD03314,CUST0812,2025-11-20 06:11:00,775.72,Cancelled
ORD03315,CUST0875,2025-01-06 06:42:00,149.44,Preparing
ORD03316,CUST0262,2025-04-20 23:13:00,411.3,Placed
ORD03317,CUST0047,2026-02-17 00:18:00,104.67,Placed
ORD03318,CUST0125,2025-05-01 10:23:00,1888.48,Cancelled
ORD03319,CUST0484,2026-01-25 04:43:00,1729.64,Cancelled
ORD03320,CUST0882,2025-12-21 14:08:00,1273.89,Placed
ORD03321,CUST0615,2026-04-02 17:37:00,1816.75,Delivered
ORD03322,CUST0449,2026-04-15 11:55:00,1300.24,Delivered
ORD03323,CUST0219,2025-11-07 17:05:00,1477.03,Cancelled
ORD03324,CUST0165,2025-01-22 08:32:00,193.2,Out For Delivery
ORD03325,CUST0350,2026-01-14 16:26:00,2040.37,Placed
ORD03326,CUST0849,2026-01-06 07:17:00,1433.25,Placed
ORD03327,CUST0674,2025-07-26 09:46:00,695.14,Placed
ORD03328,CUST0327,2025-09-19 10:39:00,1464.95,Cancelled
ORD03329,CUST0401,2026-01-04 04:02:00,769.43,Out For Delivery
ORD03330,CUST0598,2025-04-04 14:05:00,858.88,Placed
ORD03331,CUST0322,2026-03-10 13:57:00,436.65,Placed
ORD03332,CUST0077,2026-01-29 11:12:00,1676.15,Preparing
ORD03333,CUST0368,2025-12-16 20:22:00,1913.83,Out For Delivery
ORD03334,CUST0870,2025-01-19 14:48:00,1338.76,Cancelled
ORD03335,CUST0716,2026-05-11 16:55:00,2432.92,Cancelled
ORD03336,CUST0733,2026-04-05 23:08:00,2017.74,Placed
ORD03337,CUST0144,2025-12-14 21:00:00,151.99,Cancelled
ORD03338,CUST0070,2025-03-05 05:18:00,1751.4,Out For Delivery
ORD03339,CUST0016,2026-04-02 08:06:00,155.17,Out For Delivery
ORD03340,CUST0084,2025-09-25 13:16:00,457.44,Delivered
ORD03341,CUST0844,2026-04-30 15:03:00,1451.08,Delivered
ORD03342,CUST0017,2025-03-02 16:29:00,133.07,Preparing
ORD03343,CUST0049,2025-12-21 09:42:00,1985.99,Placed
ORD03344,CUST0861,2025-07-12 21:27:00,1459.11,Cancelled
ORD03345,CUST0263,2025-11-04 21:03:00,1633.81,Placed
ORD03346,CUST0526,2025-02-21 14:28:00,2208.04,Cancelled
ORD03347,CUST0268,2025-07-26 18:10:00,153.59,Cancelled
ORD03348,CUST0697,2025-04-09 01:05:00,1942.73,Out For Delivery
ORD03349,CUST0834,2025-05-16 11:44:00,991.81,Cancelled
ORD03350,CUST0377,2025-11-01 02:57:00,236.49,Preparing
ORD03351,CUST0472,2025-05-19 06:46:00,949.84,Delivered
ORD03352,CUST0030,2026-05-13 22:21:00,431.37,Placed
ORD03353,CUST0211,2025-03-05 02:52:00,362.13,Placed
ORD03354,CUST0923,2025-01-14 20:08:00,127.79,Placed
ORD03355,CUST0598,2025-04-15 01:50:00,2190.74,Preparing
ORD03356,CUST0272,2025-03-25 20:55:00,2325.89,Preparing
ORD03357,CUST0205,2025-10-14 08:42:00,1959.89,Placed
ORD03358,CUST0987,2025-12-17 10:42:00,1470.1,Cancelled
ORD03359,CUST0424,2026-02-10 22:05:00,2142.44,Out For Delivery
ORD03360,CUST0793,2026-03-26 10:34:00,1063.54,Preparing
ORD03361,CUST0062,2025-10-01 03:17:00,1493.27,Out For Delivery
ORD03362,CUST0197,2025-03-10 06:22:00,1523.59,Out For Delivery
ORD03363,CUST0972,2025-12-09 23:59:00,2202.15,Preparing
ORD03364,CUST0029,2026-04-20 15:20:00,1292.98,Cancelled
ORD03365,CUST0914,2025-11-19 14:51:00,722.19,Out For Delivery
ORD03366,CUST0288,2025-12-27 22:30:00,1257.82,Out For Delivery
ORD03367,CUST0400,2025-05-16 18:15:00,1125.13,Placed
ORD03369,CUST0760,2025-12-10 14:23:00,2025.58,Delivered
ORD03370,CUST0908,2026-02-22 17:22:00,1284.9,Delivered
ORD03371,CUST0125,2025-01-12 08:01:00,2163.3,Out For Delivery
ORD03372,CUST0203,2025-11-05 13:02:00,1141.94,Cancelled
ORD03373,CUST0834,2025-04-24 04:53:00,706.89,Placed
ORD03374,CUST0976,2025-03-11 11:42:00,2005.63,Delivered
ORD03375,CUST0404,2026-02-01 01:13:00,240.92,Preparing
ORD03376,CUST0796,2025-10-27 09:15:00,1533.97,Cancelled
ORD03377,CUST0159,2025-08-24 17:36:00,1745.63,Preparing
ORD03378,CUST0512,2025-10-30 08:36:00,730.15,Out For Delivery
ORD03379,CUST0363,2025-12-31 19:22:00,1859.31,Placed
ORD03380,CUST0744,2025-02-25 15:45:00,1734.53,Preparing
ORD03381,CUST0235,2025-03-09 04:59:00,2265.36,Preparing
ORD03382,CUST0404,2026-03-18 21:58:00,1029.91,Delivered
ORD03383,CUST0728,2025-01-16 21:17:00,767.6,Delivered
ORD03384,CUST0083,2025-03-25 17:24:00,290.69,Placed
ORD03385,CUST0961,2025-03-11 22:55:00,1376.55,Cancelled
ORD03386,CUST0666,2025-05-30 21:40:00,955.62,Cancelled
ORD03387,CUST0453,2026-02-04 13:31:00,754.98,Preparing
ORD03388,CUST0272,2025-04-22 07:52:00,2212.59,Preparing
ORD03389,CUST0452,2025-09-24 06:38:00,1890.84,Preparing
ORD03390,CUST0123,2025-01-22 00:08:00,1275.32,Preparing
ORD03391,CUST0644,2025-11-17 08:44:00,2395.39,Cancelled
ORD03392,CUST0810,2026-04-20 10:13:00,263.88,Out For Delivery
ORD03393,CUST0027,2025-07-02 05:00:00,1442.64,Placed
ORD03394,CUST0682,2026-02-19 18:23:00,1594.47,Preparing
ORD03395,CUST0927,2025-04-27 03:08:00,2473.37,Out For Delivery
ORD03396,CUST0530,2025-06-24 01:57:00,483.78,Delivered
ORD03397,CUST0622,2025-11-24 22:01:00,1284.9,Placed
ORD03398,CUST0155,2025-03-30 00:35:00,1246.21,Preparing
ORD03399,CUST0599,2026-03-09 08:22:00,1530.9,Out For Delivery
ORD03400,CUST0135,2025-05-01 06:04:00,2045.66,Cancelled
ORD03401,CUST0360,2025-02-28 14:23:00,1590.53,Preparing
ORD03403,CUST0069,2025-08-27 10:00:00,2008.71,Out For Delivery
ORD03404,CUST0025,2025-01-25 14:32:00,1115.67,Out For Delivery
ORD03405,CUST0333,2025-06-24 21:34:00,2478.14,Cancelled
ORD03406,CUST0311,2025-06-21 01:18:00,2280.96,Preparing
ORD03407,CUST0637,2025-05-30 21:25:00,527.16,Delivered
ORD03408,CUST0934,2025-03-05 09:49:00,194.46,Preparing
ORD03409,CUST0679,2025-06-15 01:43:00,722.2,Delivered
ORD03410,CUST0396,2025-05-14 21:12:00,1551.46,Preparing
ORD03411,CUST0110,2025-08-06 22:48:00,1177.92,Placed
ORD03412,CUST0574,2025-12-11 22:26:00,1865.86,Out For Delivery
ORD03413,CUST0636,2025-02-08 02:03:00,2046.51,Delivered
ORD03414,CUST0440,2025-05-29 02:32:00,666.76,Cancelled
ORD03415,CUST0325,2025-04-21 14:30:00,2420.84,Out For Delivery
ORD03416,CUST0113,2025-08-09 23:17:00,1707.99,Cancelled
ORD03417,CUST0265,2025-05-07 14:34:00,1284.9,Out For Delivery
ORD03418,CUST0206,2025-07-19 11:04:00,2111.21,Out For Delivery
ORD03419,CUST0443,2026-04-06 22:57:00,1916.44,Preparing
ORD03420,CUST0163,2025-08-29 06:21:00,382.74,Out For Delivery
ORD03421,CUST0190,2025-02-07 04:54:00,164.47,Out For Delivery
ORD03422,CUST0590,2025-06-28 18:07:00,440.47,Out For Delivery
ORD03423,CUST0390,2025-01-11 00:37:00,1837.55,Placed
ORD03424,CUST0503,2026-02-20 17:13:00,1284.9,Preparing
ORD03425,CUST0276,2025-02-07 07:52:00,912.11,Preparing
ORD03426,CUST0445,2026-01-10 17:17:00,1731.17,Delivered
ORD03427,CUST0836,2026-05-10 00:47:00,1284.9,Placed
ORD03428,CUST0387,2025-02-20 08:50:00,2192.51,Placed
ORD03429,CUST0751,2025-10-30 02:46:00,1271.68,Out For Delivery
ORD03430,CUST0397,2025-10-14 14:05:00,1628.63,Delivered
ORD03431,CUST0470,2025-08-12 05:55:00,958.69,Delivered
ORD03432,CUST0853,2025-01-04 23:20:00,999.18,Cancelled
ORD03433,CUST0153,2025-05-29 17:46:00,260.96,Preparing
ORD03434,CUST0240,2025-11-18 02:16:00,1861.63,Cancelled
ORD03435,CUST0213,2025-12-29 08:43:00,297.18,Preparing
ORD03436,CUST0591,2026-03-22 18:53:00,2252.93,Preparing
ORD03437,CUST0025,2025-01-08 14:44:00,607.89,Preparing
ORD03439,CUST0073,2025-07-06 21:17:00,2381.48,Delivered
ORD03440,CUST0428,2025-10-08 18:53:00,302.85,Placed
ORD03441,CUST0318,2025-07-09 14:41:00,2309.5,Delivered
ORD03442,CUST0382,2026-02-23 15:46:00,1062.09,Out For Delivery
ORD03443,CUST0576,2025-06-30 04:00:00,1869.74,Out For Delivery
ORD03444,CUST0447,2025-06-09 10:56:00,544.11,Delivered
ORD03445,CUST0639,2025-10-03 16:31:00,1523.88,Cancelled
ORD03446,CUST0370,2025-06-03 23:17:00,111.87,Placed
ORD03447,CUST0709,2025-01-21 13:56:00,1527.79,Cancelled
ORD03448,CUST0661,2025-09-27 13:50:00,183.28,Delivered
ORD03449,CUST0425,2026-03-17 13:12:00,689.81,Placed
ORD03450,CUST0092,2025-10-06 22:12:00,2069.83,Preparing
ORD03452,CUST0258,2025-09-14 17:20:00,1295.57,Out For Delivery
ORD03453,CUST0158,2025-10-19 12:06:00,763.55,Delivered
ORD03454,CUST0355,2025-08-21 22:33:00,274.86,Delivered
ORD03455,CUST0205,2025-11-29 16:29:00,313.58,Preparing
ORD03456,CUST0979,2025-08-06 19:27:00,693.86,Preparing
ORD03457,CUST0825,2025-10-22 11:45:00,1389.28,Out For Delivery
ORD03458,CUST0946,2025-03-14 10:43:00,210.18,Placed
ORD03459,CUST0114,2026-02-01 23:27:00,2165.71,Cancelled
ORD03460,CUST0721,2026-05-01 05:37:00,2024.1,Cancelled
ORD03461,CUST0881,2025-07-05 03:31:00,1198.18,Delivered
ORD03462,CUST0621,2026-03-30 01:05:00,109.42,Delivered
ORD03463,CUST0060,2025-12-14 19:20:00,1878.89,Preparing
ORD03464,CUST0979,2025-12-05 14:10:00,408.65,Out For Delivery
ORD03465,CUST0650,2025-05-21 11:46:00,511.65,Out For Delivery
ORD03466,CUST0428,2025-12-19 05:09:00,1037.65,Delivered
ORD03467,CUST0242,2025-11-05 06:43:00,1352.62,Out For Delivery
ORD03468,CUST0132,2025-06-15 07:43:00,2390.58,Placed
ORD03469,CUST0322,2025-06-10 19:48:00,781.16,Out For Delivery
ORD03470,CUST0906,2025-05-25 16:19:00,2375.36,Placed
ORD03471,CUST0779,2026-05-04 23:38:00,2181.09,Preparing
ORD03472,CUST0656,2026-04-27 18:38:00,158.66,Out For Delivery
ORD03473,CUST0807,2025-04-14 02:01:00,128.86,Delivered
ORD03474,CUST0242,2025-12-13 10:44:00,2352.89,Preparing
ORD03475,CUST0645,2025-11-26 07:31:00,923.55,Delivered
ORD03476,CUST0455,2025-07-02 15:14:00,843.96,Placed
ORD03477,CUST0185,2026-04-11 12:26:00,915.01,Preparing
ORD03478,CUST0591,2026-01-17 04:38:00,1210.41,Placed
ORD03479,CUST0355,2025-01-31 20:06:00,711.24,Preparing
ORD03480,CUST0448,2025-03-22 15:39:00,1395.03,Cancelled
ORD03481,CUST0186,2026-04-02 09:51:00,553.47,Cancelled
ORD03482,CUST0886,2025-11-06 01:14:00,368.61,Cancelled
ORD03483,CUST0355,2025-11-03 07:36:00,970.32,Delivered
ORD03484,CUST0295,2026-02-15 05:05:00,314.97,Preparing
ORD03485,CUST0949,2025-12-28 12:54:00,1715.14,Cancelled
ORD03487,CUST0844,2025-03-24 23:49:00,2006.52,Cancelled
ORD03488,CUST0707,2026-01-25 22:00:00,1212.13,Preparing
ORD03489,CUST0453,2025-07-23 22:32:00,477.31,Cancelled
ORD03490,CUST0925,2026-03-28 14:58:00,1704.77,Placed
ORD03491,CUST0193,2025-10-04 11:13:00,204.64,Placed
ORD03492,CUST0217,2025-11-21 04:21:00,2165.12,Delivered
ORD03493,CUST0291,2025-07-26 11:35:00,1250.64,Cancelled
ORD03494,CUST0670,2025-01-15 07:18:00,1110.78,Preparing
ORD03495,CUST0840,2025-07-13 11:41:00,1925.72,Delivered
ORD03496,CUST0961,2026-02-26 02:21:00,1085.96,Preparing
ORD03497,CUST0507,2025-04-15 10:48:00,2474.4,Out For Delivery
ORD03498,CUST0512,2025-07-22 18:43:00,1788.73,Cancelled
ORD03499,CUST0336,2026-02-09 13:00:00,2328.66,Preparing
ORD03500,CUST0323,2025-03-20 05:36:00,1868.23,Cancelled
ORD03501,CUST0009,2025-10-16 05:11:00,406.92,Placed
ORD03502,CUST0492,2026-04-15 18:40:00,1828.82,Delivered
ORD03503,CUST0407,2025-07-31 01:17:00,445.41,Delivered
ORD03504,CUST0634,2026-03-10 15:02:00,629.63,Delivered
ORD03505,CUST0147,2025-03-04 00:39:00,968.09,Preparing
ORD03506,CUST0195,2025-11-07 04:10:00,986.27,Placed
ORD03507,CUST0967,2026-04-24 09:36:00,1284.9,Out For Delivery
ORD03508,CUST0694,2025-11-27 21:37:00,575.53,Placed
ORD03509,CUST0957,2025-04-19 21:42:00,1297.19,Delivered
ORD03511,CUST0317,2025-12-19 17:14:00,1742.28,Placed
ORD03512,CUST0317,2025-04-18 16:26:00,2209.11,Out For Delivery
ORD03514,CUST0189,2025-07-13 12:36:00,451.22,Preparing
ORD03515,CUST0163,2025-09-07 07:40:00,1822.82,Delivered
ORD03516,CUST0621,2025-12-31 05:30:00,1846.37,Out For Delivery
ORD03517,CUST0689,2025-12-15 07:16:00,2200.57,Delivered
ORD03518,CUST0362,2025-02-21 09:38:00,1027.2,Cancelled
ORD03519,CUST0526,2025-07-22 05:32:00,1026.67,Cancelled
ORD03520,CUST0966,2025-11-12 05:17:00,1549.77,Out For Delivery
ORD03521,CUST0697,2026-04-24 20:43:00,964.54,Cancelled
ORD03522,CUST0332,2025-08-02 02:14:00,755.37,Cancelled
ORD03523,CUST0672,2025-05-01 03:34:00,166.38,Delivered
ORD03524,CUST0481,2025-08-04 18:04:00,1648.96,Preparing
ORD03525,CUST0993,2026-02-06 07:40:00,1422.48,Placed
ORD03526,CUST0162,2025-03-23 00:04:00,329.92,Out For Delivery
ORD03528,CUST0846,2025-07-22 20:48:00,1729.33,Out For Delivery
ORD03529,CUST0182,2025-02-10 05:31:00,686.58,Cancelled
ORD03530,CUST0192,2025-01-18 03:11:00,1550.55,Preparing
ORD03531,CUST0498,2025-11-22 10:25:00,1284.9,Placed
ORD03533,CUST0351,2026-03-08 06:52:00,2353.63,Out For Delivery
ORD03534,CUST0224,2026-02-06 16:58:00,372.96,Placed
ORD03535,CUST0312,2025-08-11 19:07:00,2443.28,Placed
ORD03536,CUST0464,2025-01-06 04:30:00,2421.67,Placed
ORD03537,CUST0639,2025-05-02 21:46:00,123.21,Cancelled
ORD03538,CUST0643,2026-01-01 18:41:00,2109.7,Preparing
ORD03539,CUST0013,2025-01-13 11:55:00,1804.45,Preparing
ORD03540,CUST0240,2025-03-13 21:47:00,548.57,Delivered
ORD03541,CUST0672,2026-03-21 01:56:00,628.58,Placed
ORD03542,CUST0743,2025-05-29 05:33:00,1888.27,Preparing
ORD03543,CUST0028,2025-02-21 23:48:00,1170.24,Placed
ORD03544,CUST0946,2025-08-28 23:34:00,1284.9,Cancelled
ORD03545,CUST0342,2025-04-07 16:25:00,1909.63,Delivered
ORD03546,CUST0175,2025-03-29 01:39:00,300.81,Out For Delivery
ORD03547,CUST0290,2026-04-30 21:00:00,573.73,Cancelled
ORD03548,CUST0063,2025-12-07 10:01:00,2008.88,Placed
ORD03549,CUST0168,2025-10-08 09:26:00,1171.79,Preparing
ORD03550,CUST0447,2025-08-20 19:31:00,116.65,Preparing
ORD03551,CUST0403,2025-05-20 21:18:00,915.38,Cancelled
ORD03552,CUST0918,2025-01-04 02:31:00,1160.48,Delivered
ORD03553,CUST0249,2026-04-22 23:08:00,1455.3,Placed
ORD03554,CUST0242,2025-03-08 00:23:00,1903.38,Placed
ORD03555,CUST0438,2026-04-04 06:54:00,174.48,Cancelled
ORD03556,CUST0184,2025-06-05 01:25:00,258.74,Delivered
ORD03557,CUST0877,2026-05-02 15:51:00,312.92,Placed
ORD03558,CUST0361,2026-04-26 14:36:00,1324.52,Delivered
ORD03559,CUST0092,2025-03-25 08:53:00,1284.9,Cancelled
ORD03560,CUST0557,2025-12-17 02:15:00,1678.35,Placed
ORD03561,CUST0103,2026-01-21 08:52:00,1776.88,Delivered
ORD03562,CUST0450,2025-08-02 02:37:00,410.19,Cancelled
ORD03564,CUST0922,2025-09-05 14:48:00,409.45,Preparing
ORD03565,CUST0258,2025-12-27 11:14:00,1311.52,Preparing
ORD03566,CUST0331,2026-03-18 06:46:00,1581.44,Out For Delivery
ORD03567,CUST0187,2025-09-30 08:33:00,1238.32,Preparing
ORD03568,CUST0179,2026-05-16 14:10:00,2203.38,Preparing
ORD03569,CUST0718,2025-08-30 21:40:00,1284.9,Out For Delivery
ORD03570,CUST0249,2025-10-22 16:25:00,569.08,Cancelled
ORD03571,CUST0394,2025-05-27 17:18:00,1725.59,Preparing
ORD03572,CUST0741,2026-01-24 12:50:00,414.09,Preparing
ORD03573,CUST0567,2025-08-02 21:29:00,1993.68,Preparing
ORD03574,CUST0888,2025-04-26 07:54:00,107.14,Delivered
ORD03575,CUST0107,2025-07-30 13:12:00,1970.91,Placed
ORD03576,CUST0095,2025-07-11 12:44:00,2217.37,Out For Delivery
ORD03577,CUST0217,2025-07-25 05:51:00,1435.85,Preparing
ORD03578,CUST0471,2025-01-17 09:17:00,971.37,Placed
ORD03579,CUST0966,2025-06-06 06:17:00,2341.64,Placed
ORD03580,CUST0272,2026-04-01 18:16:00,1462.31,Delivered
ORD03581,CUST0833,2025-02-11 20:35:00,818.28,Out For Delivery
ORD03582,CUST0921,2025-07-07 02:10:00,395.24,Delivered
ORD03583,CUST0626,2025-03-30 08:42:00,527.28,Cancelled
ORD03584,CUST0178,2025-05-10 14:46:00,614.58,Cancelled
ORD03585,CUST0384,2026-01-27 20:36:00,964.32,Placed
ORD03586,CUST0123,2025-05-14 11:41:00,1369.68,Out For Delivery
ORD03587,CUST0940,2025-12-18 07:03:00,1217.29,Cancelled
ORD03588,CUST0202,2025-02-09 00:46:00,436.75,Delivered
ORD03589,CUST0245,2026-01-16 15:34:00,2082.14,Delivered
ORD03590,CUST0763,2025-01-25 20:04:00,1616.57,Placed
ORD03591,CUST0605,2025-07-19 03:46:00,2041.61,Cancelled
ORD03592,CUST0457,2026-04-13 09:38:00,2048.92,Placed
ORD03593,CUST0979,2025-12-25 20:02:00,121.49,Placed
ORD03594,CUST0086,2025-06-29 18:00:00,1284.9,Out For Delivery
ORD03596,CUST0170,2025-10-13 19:34:00,2488.07,Cancelled
ORD03597,CUST0116,2026-04-19 05:03:00,2232.55,Out For Delivery
ORD03598,CUST0303,2025-03-14 11:02:00,1584.35,Delivered
ORD03599,CUST0771,2026-05-10 14:32:00,493.42,Placed
ORD03600,CUST0285,2026-03-06 08:08:00,133.22,Delivered
ORD03601,CUST0253,2025-12-28 17:58:00,1824.17,Out For Delivery
ORD03602,CUST0722,2026-04-20 10:47:00,2181.14,Out For Delivery
ORD03603,CUST0482,2025-12-24 13:13:00,2254.41,Cancelled
ORD03604,CUST0030,2025-06-24 10:31:00,1226.15,Cancelled
ORD03605,CUST0214,2025-07-19 14:27:00,848.52,Placed
ORD03606,CUST0620,2025-05-20 23:43:00,859.5,Out For Delivery
ORD03607,CUST0058,2026-05-15 07:21:00,1140.76,Placed
ORD03608,CUST0786,2025-10-10 20:26:00,2413.19,Delivered
ORD03609,CUST0430,2025-04-19 11:19:00,1284.9,Delivered
ORD03610,CUST0866,2025-02-11 05:05:00,1300.98,Preparing
ORD03611,CUST0389,2025-06-09 20:18:00,1363.35,Preparing
ORD03612,CUST0301,2025-02-01 16:22:00,1555.7,Preparing
ORD03613,CUST0345,2025-03-22 08:41:00,1954.92,Cancelled
ORD03614,CUST0741,2026-04-03 13:58:00,970.05,Out For Delivery
ORD03615,CUST0897,2026-03-17 08:35:00,2017.37,Out For Delivery
ORD03616,CUST0339,2025-02-08 05:10:00,2351.71,Cancelled
ORD03617,CUST0813,2025-10-31 20:03:00,1280.26,Out For Delivery
ORD03618,CUST0873,2025-09-03 18:48:00,520.37,Out For Delivery
ORD03619,CUST0439,2025-06-17 05:13:00,1053.78,Out For Delivery
ORD03620,CUST0959,2025-10-16 19:03:00,2067.84,Cancelled
ORD03621,CUST0001,2025-01-31 17:16:00,921.97,Placed
ORD03622,CUST0425,2025-10-16 23:20:00,868.39,Cancelled
ORD03623,CUST0207,2025-12-12 19:55:00,1793.04,Out For Delivery
ORD03624,CUST0073,2025-06-09 04:46:00,502.19,Out For Delivery
ORD03625,CUST0023,2025-07-23 07:13:00,1078.28,Placed
ORD03626,CUST0508,2025-04-07 14:09:00,1661.7,Out For Delivery
ORD03627,CUST0194,2025-12-04 06:44:00,788.45,Cancelled
ORD03628,CUST0906,2026-02-17 12:03:00,585.6,Preparing
ORD03629,CUST0299,2025-05-25 02:33:00,699.52,Delivered
ORD03630,CUST0017,2025-11-19 19:58:00,634.04,Cancelled
ORD03631,CUST0701,2026-04-11 02:02:00,2331.52,Delivered
ORD03632,CUST0424,2025-09-13 14:50:00,676.4,Delivered
ORD03633,CUST0387,2025-06-09 11:22:00,1581.95,Placed
ORD03634,CUST0517,2025-02-26 19:21:00,1769.94,Preparing
ORD03635,CUST0114,2025-02-25 01:08:00,590.37,Out For Delivery
ORD03636,CUST0051,2025-10-03 19:46:00,561.14,Preparing
ORD03637,CUST0085,2025-04-16 11:43:00,267.6,Cancelled
ORD03638,CUST0030,2025-08-26 00:09:00,141.67,Preparing
ORD03639,CUST0395,2025-08-14 09:45:00,1617.38,Placed
ORD03640,CUST0835,2025-09-17 15:27:00,2338.11,Delivered
ORD03641,CUST0251,2026-01-12 08:42:00,1773.43,Cancelled
ORD03642,CUST0598,2025-05-25 01:27:00,2080.13,Preparing
ORD03643,CUST0162,2025-04-28 23:51:00,966.94,Cancelled
ORD03644,CUST0115,2025-03-24 11:34:00,734.72,Cancelled
ORD03645,CUST0686,2026-04-01 22:37:00,820.37,Cancelled
ORD03646,CUST0695,2026-01-07 10:39:00,1897.94,Cancelled
ORD03647,CUST0404,2025-12-03 09:19:00,1941.89,Preparing
ORD03648,CUST0031,2025-05-13 02:23:00,2195.25,Cancelled
ORD03650,CUST0704,2025-06-27 01:07:00,823.03,Delivered
ORD03651,CUST0631,2025-12-14 07:27:00,1921.05,Out For Delivery
ORD03652,CUST0930,2025-09-15 22:01:00,1758.86,Placed
ORD03653,CUST0034,2026-03-01 20:31:00,1782.53,Delivered
ORD03654,CUST0424,2025-02-20 07:42:00,1891.67,Cancelled
ORD03655,CUST0764,2025-02-14 12:56:00,1255.44,Preparing
ORD03656,CUST0184,2026-01-03 16:45:00,2197.54,Preparing
ORD03657,CUST0502,2025-12-18 16:21:00,2402.73,Placed
ORD03658,CUST0534,2026-04-24 16:04:00,1882.52,Placed
ORD03659,CUST0426,2025-12-13 13:05:00,1095.0,Cancelled
ORD03660,CUST0580,2025-05-03 13:59:00,1031.22,Delivered
ORD03661,CUST0904,2025-07-09 10:07:00,379.76,Placed
ORD03662,CUST0426,2025-04-07 05:08:00,991.48,Placed
ORD03663,CUST0622,2025-07-26 02:37:00,2377.11,Delivered
ORD03664,CUST0757,2026-04-02 09:35:00,1779.33,Delivered
ORD03665,CUST0539,2025-09-04 18:48:00,1605.94,Delivered
ORD03666,CUST0436,2026-04-22 07:03:00,1287.19,Placed
ORD03667,CUST0585,2026-03-25 05:11:00,2052.89,Placed
ORD03668,CUST0005,2026-04-27 03:08:00,1072.88,Placed
ORD03669,CUST0997,2025-02-25 19:05:00,1305.78,Delivered
ORD03670,CUST0668,2025-01-09 16:23:00,1284.9,Delivered
ORD03671,CUST0178,2025-04-09 00:26:00,1101.23,Preparing
ORD03672,CUST0466,2025-07-11 12:39:00,498.88,Cancelled
ORD03674,CUST0481,2025-04-15 00:13:00,840.49,Cancelled
ORD03675,CUST0886,2025-12-22 12:13:00,879.71,Preparing
ORD03676,CUST0083,2025-03-01 17:32:00,462.99,Preparing
ORD03677,CUST0704,2026-03-08 13:54:00,1788.56,Cancelled
ORD03678,CUST0423,2026-05-10 04:42:00,903.62,Placed
ORD03679,CUST0953,2025-03-25 16:48:00,1284.9,Cancelled
ORD03680,CUST0653,2025-07-20 13:24:00,1041.48,Cancelled
ORD03681,CUST0076,2025-11-29 07:10:00,2137.72,Cancelled
ORD03682,CUST0198,2025-04-13 21:31:00,1821.1,Cancelled
ORD03683,CUST0853,2025-04-26 15:23:00,1619.06,Preparing
ORD03684,CUST0206,2025-03-21 22:16:00,402.75,Delivered
ORD03685,CUST0463,2026-03-02 03:37:00,213.85,Preparing
ORD03686,CUST0466,2025-10-12 01:29:00,401.92,Delivered
ORD03687,CUST0875,2025-11-15 09:50:00,273.4,Out For Delivery
ORD03688,CUST0980,2025-09-16 07:32:00,506.2,Placed
ORD03689,CUST0124,2025-05-22 18:29:00,1092.77,Cancelled
ORD03690,CUST0087,2025-07-29 11:28:00,931.31,Cancelled
ORD03691,CUST0138,2025-12-27 12:06:00,1673.23,Out For Delivery
ORD03692,CUST0835,2025-01-13 04:36:00,2154.04,Cancelled
ORD03693,CUST0873,2026-01-17 08:47:00,1199.24,Delivered
ORD03694,CUST0903,2025-05-02 17:34:00,1284.9,Out For Delivery
ORD03695,CUST0903,2026-04-14 01:45:00,2141.96,Out For Delivery
ORD03696,CUST0763,2025-08-16 16:12:00,599.89,Out For Delivery
ORD03697,CUST0775,2025-04-07 12:51:00,380.85,Out For Delivery
ORD03698,CUST0032,2025-08-01 12:06:00,885.23,Preparing
ORD03699,CUST0505,2025-10-01 01:59:00,1284.9,Preparing
ORD03700,CUST0229,2026-04-20 20:45:00,2355.56,Placed
ORD03701,CUST0777,2026-04-13 18:39:00,2145.83,Delivered
ORD03702,CUST0967,2025-01-09 06:41:00,808.57,Out For Delivery
ORD03705,CUST0035,2025-06-12 08:25:00,582.94,Preparing
ORD03706,CUST0612,2025-01-03 18:47:00,749.31,Delivered
ORD03707,CUST0508,2026-01-18 07:45:00,1912.13,Cancelled
ORD03708,CUST0128,2025-01-30 05:21:00,326.85,Cancelled
ORD03709,CUST0904,2025-08-03 04:20:00,1288.81,Cancelled
ORD03710,CUST0578,2025-06-17 16:03:00,2138.6,Out For Delivery
ORD03711,CUST0623,2026-02-08 14:49:00,198.12,Placed
ORD03712,CUST0990,2026-04-01 01:28:00,1315.52,Out For Delivery
ORD03713,CUST0777,2025-12-30 07:40:00,1290.75,Preparing
ORD03714,CUST0238,2026-02-24 18:40:00,1430.73,Out For Delivery
ORD03715,CUST0544,2025-06-12 18:24:00,1356.82,Preparing
ORD03716,CUST0359,2025-05-31 04:59:00,1629.76,Preparing
ORD03717,CUST0089,2026-05-10 18:41:00,1913.67,Cancelled
ORD03718,CUST0592,2025-05-31 05:42:00,251.33,Preparing
ORD03719,CUST0640,2026-01-14 18:02:00,647.85,Preparing
ORD03720,CUST0459,2025-12-14 13:29:00,1132.49,Delivered
ORD03721,CUST0537,2025-10-23 10:57:00,270.48,Preparing
ORD03722,CUST0018,2025-11-28 06:36:00,2437.06,Cancelled
ORD03723,CUST0298,2025-12-09 22:41:00,1367.31,Cancelled
ORD03724,CUST0708,2026-01-23 18:42:00,1596.36,Delivered
ORD03725,CUST0771,2025-07-15 07:32:00,110.6,Placed
ORD03726,CUST0082,2025-10-10 10:07:00,2079.77,Placed
ORD03727,CUST0425,2025-01-29 10:28:00,1074.38,Delivered
ORD03728,CUST0722,2026-02-05 21:35:00,423.46,Placed
ORD03729,CUST0160,2025-09-29 14:20:00,747.56,Out For Delivery
ORD03730,CUST0191,2025-05-02 21:53:00,1102.35,Delivered
ORD03731,CUST0114,2025-11-01 20:10:00,1533.04,Preparing
ORD03732,CUST0902,2025-08-27 02:12:00,776.33,Delivered
ORD03733,CUST0373,2025-02-18 22:47:00,649.31,Out For Delivery
ORD03734,CUST0737,2025-06-03 09:43:00,2076.64,Cancelled
ORD03735,CUST0143,2026-01-04 13:41:00,1548.5,Placed
ORD03736,CUST0375,2026-05-01 03:48:00,2065.44,Out For Delivery
ORD03737,CUST0256,2026-02-08 07:34:00,278.96,Delivered
ORD03738,CUST0507,2025-01-19 20:23:00,1284.9,Cancelled
ORD03739,CUST0208,2025-09-16 23:13:00,2162.75,Preparing
ORD03740,CUST0062,2025-04-01 15:20:00,1127.98,Preparing
ORD03741,CUST0764,2026-04-06 11:24:00,678.51,Preparing
ORD03742,CUST0251,2025-06-03 19:56:00,769.35,Out For Delivery
ORD03743,CUST0325,2026-03-19 10:46:00,1373.12,Preparing
ORD03744,CUST0008,2026-02-26 20:12:00,2407.63,Preparing
ORD03745,CUST0682,2025-09-26 23:42:00,485.69,Cancelled
ORD03746,CUST0958,2025-08-25 23:16:00,1836.01,Preparing
ORD03747,CUST0648,2025-08-29 00:13:00,926.9,Out For Delivery
ORD03748,CUST0771,2026-03-22 22:11:00,330.36,Preparing
ORD03749,CUST0159,2025-04-02 23:36:00,316.66,Preparing
ORD03750,CUST0143,2025-09-19 22:00:00,1934.3,Delivered
ORD03751,CUST0594,2025-05-09 23:06:00,965.27,Out For Delivery
ORD03752,CUST0553,2025-11-10 05:20:00,1371.61,Preparing
ORD03753,CUST0053,2026-04-01 07:22:00,167.18,Preparing
ORD03754,CUST0196,2025-06-17 21:19:00,121.77,Delivered
ORD03755,CUST0975,2025-07-14 11:28:00,2087.96,Cancelled
ORD03756,CUST0143,2025-02-17 06:09:00,2005.01,Placed
ORD03757,CUST0553,2025-07-28 17:20:00,2405.0,Preparing
ORD03758,CUST0702,2025-12-15 16:52:00,1284.9,Preparing
ORD03759,CUST0371,2025-10-06 14:11:00,1999.42,Out For Delivery
ORD03760,CUST0681,2025-04-20 12:13:00,585.66,Placed
ORD03761,CUST0043,2025-02-22 15:10:00,2421.87,Preparing
ORD03763,CUST0802,2026-03-30 21:31:00,293.77,Placed
ORD03764,CUST0261,2026-03-13 20:45:00,2493.34,Placed
ORD03765,CUST0731,2026-05-02 22:06:00,663.68,Delivered
ORD03766,CUST0995,2025-03-15 16:17:00,863.57,Placed
ORD03769,CUST0793,2025-08-01 23:02:00,1996.92,Preparing
ORD03770,CUST0304,2025-08-03 18:01:00,1161.27,Cancelled
ORD03771,CUST0850,2025-11-21 19:06:00,1825.73,Preparing
ORD03772,CUST0988,2025-01-13 13:24:00,1409.65,Out For Delivery
ORD03773,CUST0953,2025-04-24 04:58:00,937.95,Preparing
ORD03774,CUST0919,2025-04-19 16:36:00,738.58,Out For Delivery
ORD03776,CUST0173,2025-05-05 21:42:00,930.54,Placed
ORD03777,CUST0097,2025-05-10 17:21:00,633.7,Preparing
ORD03778,CUST0083,2025-05-11 14:36:00,956.4,Placed
ORD03779,CUST0888,2025-10-10 22:10:00,1920.25,Preparing
ORD03780,CUST0185,2025-09-17 21:57:00,955.69,Preparing
ORD03781,CUST0697,2025-07-01 04:07:00,1284.9,Cancelled
ORD03782,CUST0162,2025-08-02 19:27:00,2415.67,Out For Delivery
ORD03783,CUST0234,2025-12-31 04:17:00,1540.34,Preparing
ORD03784,CUST0056,2025-05-07 22:48:00,209.99,Preparing
ORD03785,CUST0834,2025-03-19 07:35:00,2404.68,Out For Delivery
ORD03786,CUST0972,2026-05-14 21:53:00,1641.66,Out For Delivery
ORD03787,CUST0607,2025-05-17 04:53:00,1284.9,Cancelled
ORD03788,CUST0027,2025-09-25 13:40:00,330.47,Cancelled
ORD03789,CUST0132,2025-10-30 20:02:00,2049.13,Out For Delivery
ORD03790,CUST0279,2026-04-25 21:32:00,1685.9,Out For Delivery
ORD03791,CUST0121,2025-10-13 04:58:00,1271.74,Placed
ORD03792,CUST0260,2025-05-28 08:30:00,655.61,Placed
ORD03793,CUST0497,2026-04-27 08:54:00,170.95,Out For Delivery
ORD03794,CUST0912,2025-09-16 22:17:00,1371.9,Out For Delivery
ORD03795,CUST0214,2025-09-03 09:49:00,1008.07,Delivered
ORD03796,CUST0225,2025-07-21 12:46:00,801.24,Delivered
ORD03797,CUST0572,2025-02-24 17:00:00,1340.22,Preparing
ORD03798,CUST0861,2026-03-16 04:50:00,1284.9,Out For Delivery
ORD03799,CUST0253,2026-02-01 11:07:00,428.16,Cancelled
ORD03800,CUST0998,2025-08-14 11:08:00,1133.34,Cancelled
ORD03801,CUST0053,2025-04-22 21:47:00,571.12,Delivered
ORD03802,CUST0154,2025-05-14 20:35:00,911.93,Delivered
ORD03803,CUST0625,2026-03-01 16:14:00,628.51,Preparing
ORD03804,CUST0367,2025-05-04 19:23:00,1775.65,Delivered
ORD03805,CUST0355,2025-04-07 05:38:00,2108.04,Preparing
ORD03806,CUST0096,2025-02-13 08:39:00,1273.2,Out For Delivery
ORD03807,CUST0745,2025-09-08 06:43:00,1284.9,Delivered
ORD03808,CUST0976,2025-11-12 01:36:00,1201.17,Placed
ORD03809,CUST0811,2025-07-19 10:36:00,1181.73,Cancelled
ORD03810,CUST0033,2025-12-06 06:49:00,150.97,Delivered
ORD03811,CUST0555,2026-04-08 23:37:00,222.83,Placed
ORD03812,CUST0691,2025-09-12 10:27:00,1284.9,Preparing
ORD03813,CUST0934,2025-03-24 03:57:00,1684.57,Cancelled
ORD03814,CUST0070,2025-12-13 23:27:00,1482.82,Placed
ORD03815,CUST0186,2025-04-29 13:15:00,268.35,Placed
ORD03816,CUST0451,2025-10-12 22:26:00,2290.98,Preparing
ORD03817,CUST0711,2025-03-23 17:53:00,2425.12,Cancelled
ORD03818,CUST0503,2026-01-24 17:39:00,1381.67,Out For Delivery
ORD03819,CUST0592,2026-05-05 21:37:00,2210.05,Placed
ORD03820,CUST0737,2025-12-23 11:43:00,1968.13,Out For Delivery
ORD03821,CUST0064,2025-12-28 08:13:00,1099.19,Placed
ORD03822,CUST0414,2026-05-13 15:01:00,395.82,Cancelled
ORD03823,CUST0728,2026-04-18 03:17:00,105.44,Placed
ORD03824,CUST0804,2025-08-16 11:26:00,672.26,Placed
ORD03825,CUST0993,2026-02-02 01:28:00,1557.44,Preparing
ORD03826,CUST0166,2025-04-01 23:35:00,2256.1,Out For Delivery
ORD03827,CUST0761,2025-05-17 08:37:00,1481.74,Cancelled
ORD03828,CUST0118,2026-02-13 20:58:00,1755.17,Delivered
ORD03829,CUST0330,2025-05-22 14:46:00,1320.95,Delivered
ORD03830,CUST0963,2025-12-08 23:15:00,1262.36,Placed
ORD03831,CUST0331,2025-04-07 18:47:00,951.05,Cancelled
ORD03832,CUST0826,2025-09-11 14:07:00,1284.9,Delivered
ORD03833,CUST0487,2025-05-29 07:44:00,247.04,Preparing
ORD03834,CUST0061,2025-01-24 09:07:00,339.05,Delivered
ORD03835,CUST0152,2025-09-03 00:28:00,473.8,Delivered
ORD03836,CUST0706,2025-08-28 03:28:00,1284.9,Out For Delivery
ORD03837,CUST0780,2025-06-01 05:44:00,1466.73,Cancelled
ORD03838,CUST0216,2025-09-20 17:40:00,2280.27,Delivered
ORD03839,CUST0886,2025-03-27 14:02:00,934.58,Preparing
ORD03840,CUST0238,2025-10-22 02:20:00,2489.47,Out For Delivery
ORD03841,CUST0429,2025-01-28 09:24:00,2473.19,Cancelled
ORD03842,CUST0699,2025-04-15 13:39:00,1764.89,Placed
ORD03843,CUST0360,2025-01-17 21:52:00,2284.69,Preparing
ORD03844,CUST0892,2025-08-30 07:05:00,471.35,Placed
ORD03845,CUST0394,2025-08-13 13:25:00,787.57,Placed
ORD03846,CUST0184,2025-05-23 05:40:00,373.41,Delivered
ORD03847,CUST0343,2025-04-25 22:10:00,1301.39,Delivered
ORD03848,CUST0682,2025-01-07 11:35:00,1284.9,Cancelled
ORD03849,CUST0230,2025-04-06 03:14:00,2035.49,Cancelled
ORD03850,CUST0574,2025-07-17 09:22:00,993.5,Delivered
ORD03851,CUST0452,2025-01-06 23:22:00,2456.27,Placed
ORD03852,CUST0638,2026-04-30 11:02:00,1375.85,Out For Delivery
ORD03853,CUST0196,2025-06-25 21:37:00,2142.08,Cancelled
ORD03854,CUST0956,2026-04-24 10:35:00,461.13,Delivered
ORD03855,CUST0036,2025-07-16 20:11:00,930.01,Out For Delivery
ORD03856,CUST0975,2025-10-28 14:44:00,281.34,Cancelled
ORD03857,CUST0257,2025-10-29 10:13:00,2450.22,Delivered
ORD03858,CUST0890,2025-05-09 10:33:00,1705.69,Cancelled
ORD03859,CUST0164,2025-02-27 06:17:00,314.03,Out For Delivery
ORD03860,CUST0153,2026-04-26 22:51:00,1948.05,Preparing
ORD03861,CUST0868,2025-12-12 08:57:00,1179.17,Cancelled
ORD03862,CUST0110,2025-05-19 16:44:00,1498.86,Delivered
ORD03863,CUST0280,2025-01-23 17:38:00,1679.91,Preparing
ORD03864,CUST0310,2025-10-11 21:48:00,1654.92,Placed
ORD03865,CUST0528,2025-02-26 15:48:00,699.37,Placed
ORD03867,CUST0521,2025-01-22 17:07:00,562.22,Out For Delivery
ORD03869,CUST0728,2025-04-24 10:41:00,2076.64,Delivered
ORD03870,CUST0039,2025-11-21 05:06:00,2499.16,Placed
ORD03871,CUST0311,2025-08-03 00:56:00,1627.29,Preparing
ORD03872,CUST0928,2025-08-09 14:53:00,719.87,Cancelled
ORD03873,CUST0742,2026-01-08 11:36:00,556.35,Preparing
ORD03874,CUST0274,2025-11-15 16:52:00,2114.07,Cancelled
ORD03876,CUST0864,2025-05-13 23:27:00,2424.68,Out For Delivery
ORD03877,CUST0123,2026-01-24 13:25:00,2141.49,Cancelled
ORD03878,CUST0293,2025-10-22 19:22:00,827.7,Cancelled
ORD03879,CUST0298,2025-11-29 03:25:00,194.72,Delivered
ORD03880,CUST0955,2025-10-16 10:12:00,412.44,Preparing
ORD03882,CUST0191,2025-07-31 03:57:00,2179.38,Out For Delivery
ORD03883,CUST0372,2025-09-08 08:20:00,384.57,Placed
ORD03884,CUST0205,2025-10-23 07:19:00,186.73,Preparing
ORD03885,CUST0948,2025-05-23 04:43:00,1335.9,Out For Delivery
ORD03886,CUST0128,2025-10-29 05:00:00,1019.38,Delivered
ORD03887,CUST0681,2026-04-14 19:26:00,2384.49,Delivered
ORD03888,CUST0425,2025-10-03 07:05:00,1228.03,Preparing
ORD03889,CUST0211,2025-11-10 23:38:00,2498.69,Out For Delivery
ORD03890,CUST0575,2026-02-25 23:49:00,486.4,Preparing
ORD03892,CUST0889,2026-04-14 00:08:00,1685.3,Cancelled
ORD03893,CUST0796,2025-07-06 21:13:00,2485.55,Out For Delivery
ORD03894,CUST0032,2026-01-16 06:11:00,1866.29,Placed
ORD03895,CUST0679,2026-01-19 13:29:00,1629.16,Delivered
ORD03896,CUST0763,2025-05-12 15:30:00,425.78,Placed
ORD03898,CUST0572,2025-03-30 12:01:00,1641.79,Delivered
ORD03899,CUST0636,2026-01-21 11:41:00,2179.56,Out For Delivery
ORD03900,CUST0606,2025-04-26 19:08:00,407.56,Delivered
ORD03901,CUST0467,2025-08-22 08:23:00,913.78,Preparing
ORD03902,CUST0534,2025-09-27 11:11:00,2345.64,Out For Delivery
ORD03903,CUST0036,2025-04-27 22:24:00,652.7,Delivered
ORD03904,CUST0556,2026-03-03 16:55:00,2047.2,Placed
ORD03905,CUST0293,2025-08-25 10:57:00,1760.67,Cancelled
ORD03906,CUST0680,2025-09-15 19:19:00,1239.53,Delivered
ORD03907,CUST0850,2025-05-06 21:37:00,916.8,Preparing
ORD03908,CUST0997,2026-04-24 10:19:00,2145.22,Delivered
ORD03909,CUST0765,2025-08-16 20:28:00,2003.45,Cancelled
ORD03910,CUST0807,2025-08-11 06:45:00,2306.82,Preparing
ORD03911,CUST0736,2025-05-29 20:20:00,1505.86,Placed
ORD03912,CUST0767,2025-08-13 05:14:00,897.25,Placed
ORD03913,CUST0219,2025-09-11 15:36:00,1062.47,Preparing
ORD03914,CUST0389,2026-03-29 11:18:00,1450.54,Cancelled
ORD03915,CUST0584,2025-02-13 22:30:00,1284.9,Preparing
ORD03916,CUST0661,2025-03-05 00:50:00,1881.65,Preparing
ORD03917,CUST0427,2025-11-02 01:25:00,305.94,Delivered
ORD03918,CUST0260,2026-03-20 18:49:00,202.59,Delivered
ORD03919,CUST0804,2025-12-10 00:42:00,103.76,Out For Delivery
ORD03920,CUST0712,2025-09-05 05:17:00,518.79,Out For Delivery
ORD03921,CUST0604,2026-05-06 12:27:00,1682.15,Cancelled
ORD03922,CUST0874,2025-01-23 11:07:00,1507.18,Preparing
ORD03923,CUST0669,2025-04-22 08:13:00,664.04,Preparing
ORD03924,CUST0692,2025-08-18 21:30:00,610.42,Preparing
ORD03925,CUST0343,2025-09-30 15:20:00,1697.48,Placed
ORD03927,CUST0187,2026-03-21 16:01:00,1091.05,Cancelled
ORD03928,CUST0271,2025-07-21 12:56:00,1089.53,Delivered
ORD03929,CUST0156,2026-02-11 23:05:00,1901.68,Preparing
ORD03930,CUST0400,2025-08-05 16:42:00,1978.32,Placed
ORD03931,CUST0202,2025-07-18 18:23:00,2220.59,Out For Delivery
ORD03932,CUST0911,2025-07-14 15:13:00,125.25,Cancelled
ORD03933,CUST0678,2025-09-13 05:33:00,1665.9,Out For Delivery
ORD03934,CUST0275,2026-05-01 23:26:00,2416.32,Placed
ORD03935,CUST0267,2025-11-09 22:40:00,591.06,Delivered
ORD03936,CUST0790,2025-10-21 12:11:00,2299.67,Out For Delivery
ORD03937,CUST0229,2025-10-25 01:37:00,1610.91,Out For Delivery
ORD03938,CUST0223,2025-01-09 01:41:00,1036.16,Placed
ORD03939,CUST0696,2025-02-09 12:16:00,1325.0,Placed
ORD03940,CUST0514,2025-02-25 02:13:00,973.47,Preparing
ORD03941,CUST0488,2026-01-19 20:42:00,1550.44,Out For Delivery
ORD03942,CUST0644,2026-03-31 05:48:00,860.57,Cancelled
ORD03943,CUST0714,2025-02-01 10:23:00,1522.54,Placed
ORD03944,CUST0711,2025-10-28 19:24:00,1543.17,Placed
ORD03945,CUST0188,2026-05-14 15:00:00,405.5,Preparing
ORD03946,CUST0108,2025-04-19 04:25:00,568.09,Out For Delivery
ORD03947,CUST0256,2025-08-11 17:54:00,281.78,Delivered
ORD03948,CUST0760,2025-11-08 02:33:00,1780.92,Out For Delivery
ORD03949,CUST0816,2025-07-31 02:30:00,2470.48,Out For Delivery
ORD03950,CUST0159,2025-04-23 22:23:00,411.15,Cancelled
ORD03952,CUST0182,2025-11-08 07:51:00,2381.26,Cancelled
ORD03953,CUST0510,2025-02-23 11:46:00,941.8,Cancelled
ORD03954,CUST0966,2025-03-22 13:33:00,2141.18,Delivered
ORD03955,CUST0369,2025-06-14 01:29:00,2252.48,Preparing
ORD03957,CUST0553,2025-09-03 10:25:00,2065.18,Out For Delivery
ORD03958,CUST0347,2025-10-05 03:41:00,1284.9,Placed
ORD03959,CUST0570,2026-04-01 21:52:00,1526.9,Out For Delivery
ORD03960,CUST0603,2025-04-19 14:34:00,1851.7,Delivered
ORD03961,CUST0805,2025-11-21 09:24:00,681.37,Preparing
ORD03962,CUST0454,2025-05-22 23:36:00,649.29,Delivered
ORD03963,CUST0160,2026-02-11 22:27:00,508.64,Placed
ORD03964,CUST0001,2025-04-03 06:31:00,1418.6,Delivered
ORD03965,CUST0052,2025-06-15 05:07:00,120.82,Placed
ORD03966,CUST0427,2025-01-14 19:30:00,1639.83,Delivered
ORD03967,CUST0364,2026-05-02 18:31:00,2443.62,Delivered
ORD03968,CUST0770,2026-01-15 10:37:00,1435.96,Delivered
ORD03969,CUST0738,2025-04-29 12:27:00,1573.59,Cancelled
ORD03970,CUST0826,2025-06-03 16:47:00,1731.93,Out For Delivery
ORD03971,CUST0819,2025-11-20 19:34:00,729.87,Cancelled
ORD03972,CUST0446,2025-05-05 18:20:00,1249.34,Delivered
ORD03973,CUST0450,2025-11-24 05:05:00,1318.21,Cancelled
ORD03974,CUST0925,2026-02-22 02:50:00,1590.02,Cancelled
ORD03975,CUST0481,2025-06-20 11:31:00,1705.15,Preparing
ORD03976,CUST0609,2025-01-21 20:49:00,1284.9,Cancelled
ORD03977,CUST0758,2025-02-28 14:14:00,1284.9,Out For Delivery
ORD03978,CUST0069,2025-10-20 07:17:00,543.77,Delivered
ORD03979,CUST0891,2025-08-29 03:08:00,662.3,Placed
ORD03980,CUST0345,2025-05-02 06:23:00,567.4,Out For Delivery
ORD03981,CUST0956,2026-04-10 18:42:00,1468.77,Preparing
ORD03983,CUST0482,2025-09-16 20:55:00,1967.84,Delivered
ORD03984,CUST0962,2025-08-06 07:03:00,1225.27,Preparing
ORD03985,CUST0743,2025-05-07 13:54:00,165.34,Delivered
ORD03986,CUST0516,2026-02-19 10:59:00,126.72,Placed
ORD03987,CUST0373,2025-12-05 01:28:00,1541.44,Preparing
ORD03988,CUST0747,2026-05-13 23:01:00,141.32,Delivered
ORD03989,CUST0707,2026-05-02 04:25:00,1176.73,Preparing
ORD03990,CUST0017,2025-06-20 19:19:00,1870.81,Delivered
ORD03991,CUST0453,2025-06-13 06:37:00,1949.55,Delivered
ORD03992,CUST0324,2025-10-11 02:45:00,1987.66,Cancelled
ORD03994,CUST0826,2025-01-02 11:12:00,912.96,Delivered
ORD03995,CUST0892,2025-11-14 11:02:00,1877.82,Placed
ORD03996,CUST0873,2025-01-24 13:38:00,536.01,Preparing
ORD03997,CUST0561,2025-05-05 17:28:00,2087.07,Preparing
ORD03998,CUST0960,2025-06-20 07:28:00,2054.13,Preparing
ORD03999,CUST0743,2025-10-21 05:19:00,1235.52,Delivered
ORD04000,CUST0437,2025-12-19 06:36:00,2397.74,Out For Delivery
ORD04001,CUST0573,2025-05-14 21:58:00,2446.67,Delivered
ORD04002,CUST0952,2025-03-05 13:28:00,1385.75,Delivered
ORD04003,CUST0957,2025-07-24 15:30:00,2341.68,Cancelled
ORD04004,CUST0753,2026-04-13 10:18:00,107.21,Delivered
ORD04005,CUST0363,2026-05-16 00:18:00,887.7,Cancelled
ORD04006,CUST0562,2025-02-03 00:40:00,868.38,Out For Delivery
ORD04007,CUST0351,2025-09-06 16:18:00,1982.05,Preparing
ORD04009,CUST0959,2026-01-26 09:37:00,1074.56,Placed
ORD04010,CUST0785,2025-12-15 03:05:00,980.14,Delivered
ORD04011,CUST0664,2025-05-26 00:45:00,1692.56,Out For Delivery
ORD04012,CUST0850,2025-06-09 10:35:00,2377.51,Cancelled
ORD04013,CUST0490,2025-01-12 12:55:00,1595.13,Placed
ORD04014,CUST0622,2026-02-09 09:39:00,1149.03,Out For Delivery
ORD04015,CUST0666,2026-02-27 16:02:00,640.63,Delivered
ORD04016,CUST0300,2025-09-07 04:55:00,970.77,Cancelled
ORD04017,CUST0040,2025-09-26 23:14:00,255.09,Out For Delivery
ORD04018,CUST0267,2025-05-20 20:40:00,1570.18,Delivered
ORD04019,CUST0623,2025-01-19 01:46:00,956.72,Cancelled
ORD04020,CUST0019,2025-05-20 22:55:00,1420.33,Cancelled
ORD04021,CUST0648,2025-03-26 10:06:00,1749.82,Delivered
ORD04022,CUST0579,2025-10-24 16:28:00,1294.76,Placed
ORD04023,CUST0119,2026-03-31 12:26:00,2286.47,Placed
ORD04025,CUST0104,2025-07-15 08:20:00,1081.25,Preparing
ORD04026,CUST0159,2026-03-20 11:14:00,405.35,Delivered
ORD04027,CUST0177,2026-01-30 05:50:00,2227.31,Out For Delivery
ORD04028,CUST0655,2025-10-27 09:31:00,189.1,Placed
ORD04029,CUST0632,2026-02-06 14:07:00,655.7,Preparing
ORD04030,CUST0508,2025-02-18 13:02:00,513.98,Placed
ORD04031,CUST0259,2025-08-18 02:57:00,188.54,Out For Delivery
ORD04032,CUST0190,2025-08-09 08:18:00,1737.25,Cancelled
ORD04033,CUST0925,2026-02-10 13:47:00,1848.16,Out For Delivery
ORD04034,CUST0860,2025-10-21 03:53:00,1852.71,Delivered
ORD04035,CUST0519,2025-09-06 13:08:00,554.44,Cancelled
ORD04036,CUST0609,2025-07-20 10:47:00,2257.49,Delivered
ORD04038,CUST0277,2025-01-02 05:27:00,556.8,Preparing
ORD04039,CUST0350,2025-07-17 02:35:00,2061.41,Delivered
ORD04040,CUST0213,2025-10-01 08:07:00,964.2,Placed
ORD04041,CUST0361,2025-05-20 04:55:00,968.87,Preparing
ORD04042,CUST0377,2025-07-25 17:32:00,1325.33,Out For Delivery
ORD04043,CUST0177,2025-12-23 00:28:00,272.37,Delivered
ORD04044,CUST0709,2025-12-06 05:42:00,1272.91,Placed
ORD04045,CUST0417,2025-08-29 05:28:00,471.16,Delivered
ORD04046,CUST0739,2025-08-08 14:18:00,1574.58,Cancelled
ORD04047,CUST0595,2025-11-21 09:48:00,2426.88,Delivered
ORD04048,CUST0155,2026-05-15 18:18:00,1565.38,Placed
ORD04049,CUST0653,2026-03-30 15:10:00,2090.21,Delivered
ORD04050,CUST0835,2025-11-06 00:58:00,651.78,Delivered
ORD04051,CUST0215,2026-01-26 05:02:00,1052.4,Preparing
ORD04052,CUST0612,2025-01-08 10:15:00,2296.33,Cancelled
ORD04053,CUST0205,2025-02-22 20:20:00,1695.39,Placed
ORD04054,CUST0413,2025-05-24 17:52:00,698.87,Preparing
ORD04055,CUST0893,2025-11-02 07:32:00,1763.5,Cancelled
ORD04056,CUST0199,2025-02-06 03:22:00,2224.71,Preparing
ORD04057,CUST0097,2025-07-04 15:15:00,307.81,Out For Delivery
ORD04058,CUST0690,2025-07-13 13:00:00,2130.48,Preparing
ORD04059,CUST0297,2025-07-23 01:09:00,2473.26,Preparing
ORD04060,CUST0975,2025-09-11 17:40:00,447.06,Out For Delivery
ORD04061,CUST0714,2025-03-16 13:41:00,2000.98,Preparing
ORD04062,CUST0129,2025-02-03 01:33:00,285.73,Delivered
ORD04063,CUST0509,2026-04-18 20:01:00,1801.83,Cancelled
ORD04064,CUST0627,2025-09-02 20:22:00,2394.44,Cancelled
ORD04065,CUST0051,2025-10-01 06:26:00,1930.72,Cancelled
ORD04066,CUST0168,2025-02-28 09:02:00,642.49,Preparing
ORD04067,CUST0465,2025-02-12 08:48:00,1284.9,Cancelled
ORD04068,CUST0159,2025-01-14 01:21:00,1873.44,Delivered
ORD04069,CUST0494,2025-01-04 20:11:00,2345.79,Delivered
ORD04070,CUST0915,2025-12-01 14:39:00,1382.23,Cancelled
ORD04071,CUST0173,2025-08-25 07:34:00,892.42,Preparing
ORD04072,CUST0213,2025-03-30 04:36:00,1729.6,Out For Delivery
ORD04073,CUST0607,2025-12-10 21:15:00,2381.74,Out For Delivery
ORD04074,CUST0299,2025-05-01 20:05:00,1064.36,Out For Delivery
ORD04075,CUST0560,2025-01-27 01:30:00,2094.77,Cancelled
ORD04076,CUST0772,2025-08-08 06:25:00,1536.77,Cancelled
ORD04077,CUST0369,2026-05-16 20:41:00,140.96,Out For Delivery
ORD04078,CUST0370,2025-01-20 00:55:00,1894.42,Placed
ORD04079,CUST0193,2025-03-01 14:50:00,1612.36,Placed
ORD04080,CUST0602,2025-12-28 16:00:00,602.75,Placed
ORD04081,CUST0431,2025-10-25 13:16:00,217.03,Out For Delivery
ORD04082,CUST0633,2025-12-13 06:58:00,884.5,Placed
ORD04083,CUST0179,2026-02-19 12:03:00,596.96,Delivered
ORD04084,CUST0396,2025-07-24 07:14:00,326.78,Placed
ORD04085,CUST0195,2025-02-23 00:04:00,1758.63,Placed
ORD04086,CUST0325,2025-08-27 23:16:00,1929.78,Cancelled
ORD04087,CUST0030,2025-10-11 02:38:00,127.88,Out For Delivery
ORD04088,CUST0829,2025-04-30 20:22:00,1101.27,Preparing
ORD04089,CUST0484,2026-02-14 13:15:00,732.96,Preparing
ORD04091,CUST0407,2025-08-01 10:47:00,504.48,Cancelled
ORD04092,CUST0905,2025-08-17 14:28:00,1694.3,Cancelled
ORD04093,CUST0511,2025-06-22 06:09:00,1290.38,Cancelled
ORD04094,CUST0506,2025-12-22 21:49:00,1045.04,Placed
ORD04095,CUST0935,2025-09-25 19:45:00,2318.85,Cancelled
ORD04096,CUST0836,2026-01-09 17:55:00,1245.64,Placed
ORD04097,CUST0096,2025-02-04 08:10:00,378.42,Out For Delivery
ORD04098,CUST0374,2026-03-31 09:26:00,278.47,Preparing
ORD04099,CUST0482,2026-04-04 22:16:00,2239.25,Placed
ORD04100,CUST0329,2025-06-08 10:41:00,944.52,Placed
ORD04102,CUST0212,2025-11-29 01:07:00,401.73,Preparing
ORD04103,CUST0681,2026-05-03 16:40:00,1284.9,Preparing
ORD04104,CUST0326,2025-08-29 18:24:00,1284.9,Out For Delivery
ORD04105,CUST0066,2025-12-07 20:59:00,861.26,Preparing
ORD04106,CUST0727,2026-04-03 14:35:00,456.53,Out For Delivery
ORD04107,CUST0287,2025-04-16 08:48:00,827.1,Placed
ORD04108,CUST0485,2025-06-12 09:42:00,1147.6,Out For Delivery
ORD04109,CUST0130,2025-04-28 01:41:00,2482.69,Out For Delivery
ORD04110,CUST0082,2025-08-05 16:16:00,638.36,Cancelled
ORD04111,CUST0719,2025-06-23 19:09:00,2306.44,Delivered
ORD04112,CUST0866,2026-01-21 15:18:00,879.4,Preparing
ORD04113,CUST0887,2025-05-19 18:50:00,1132.36,Out For Delivery
ORD04114,CUST0099,2025-12-20 06:30:00,2328.28,Placed
ORD04115,CUST0298,2025-11-25 13:47:00,681.04,Placed
ORD04117,CUST0701,2026-01-19 10:28:00,228.43,Cancelled
ORD04118,CUST0015,2025-05-21 03:44:00,1621.6,Out For Delivery
ORD04119,CUST0858,2025-09-13 07:15:00,634.95,Cancelled
ORD04120,CUST0618,2025-09-02 01:06:00,1304.71,Out For Delivery
ORD04121,CUST0857,2025-05-04 02:42:00,1785.73,Out For Delivery
ORD04122,CUST0815,2025-10-16 06:30:00,2288.65,Placed
ORD04123,CUST0571,2025-10-21 22:28:00,142.84,Cancelled
ORD04124,CUST0336,2026-01-06 21:22:00,940.24,Cancelled
ORD04125,CUST0274,2025-08-17 23:09:00,1312.78,Delivered
ORD04126,CUST0621,2025-11-07 20:57:00,284.72,Placed
ORD04127,CUST0276,2025-01-19 22:46:00,2256.76,Delivered
ORD04128,CUST0662,2026-04-02 19:01:00,1378.58,Placed
ORD04129,CUST0092,2026-01-26 03:09:00,2072.03,Delivered
ORD04130,CUST0143,2026-03-26 17:09:00,2213.81,Preparing
ORD04131,CUST0338,2025-07-19 15:31:00,105.54,Preparing
ORD04132,CUST0775,2026-04-02 13:07:00,1753.76,Placed
ORD04133,CUST0195,2025-05-23 05:31:00,1286.95,Preparing
ORD04134,CUST0239,2025-12-25 15:55:00,2279.68,Placed
ORD04135,CUST0155,2025-01-07 19:16:00,1154.29,Preparing
ORD04136,CUST0379,2025-11-29 16:29:00,1801.38,Out For Delivery
ORD04137,CUST0881,2025-12-06 10:36:00,2402.21,Out For Delivery
ORD04138,CUST0657,2026-02-18 00:55:00,973.93,Cancelled
ORD04139,CUST0991,2025-12-28 19:14:00,1711.37,Preparing
ORD04140,CUST0357,2025-08-21 04:14:00,1604.41,Delivered
ORD04141,CUST0074,2025-03-07 18:09:00,869.49,Placed
ORD04142,CUST0246,2025-12-02 06:03:00,1241.02,Preparing
ORD04143,CUST0046,2025-04-02 08:25:00,769.41,Cancelled
ORD04144,CUST0729,2026-01-10 03:10:00,2074.66,Preparing
ORD04145,CUST0929,2025-01-18 17:30:00,1356.93,Out For Delivery
ORD04146,CUST0486,2025-01-31 23:36:00,1503.44,Placed
ORD04148,CUST0231,2026-05-02 03:27:00,1877.45,Preparing
ORD04149,CUST0529,2025-01-04 19:51:00,1171.3,Out For Delivery
ORD04150,CUST0948,2025-08-18 17:19:00,1536.56,Cancelled
ORD04151,CUST0554,2025-01-02 06:28:00,2463.06,Delivered
ORD04152,CUST0557,2025-03-05 03:14:00,1168.93,Out For Delivery
ORD04153,CUST0314,2026-03-08 11:20:00,1155.09,Delivered
ORD04155,CUST0940,2025-05-16 17:46:00,1284.9,Cancelled
ORD04156,CUST0184,2025-10-17 20:47:00,2481.84,Placed
ORD04157,CUST0933,2025-10-01 08:31:00,2440.69,Preparing
ORD04158,CUST0754,2025-07-01 07:29:00,990.64,Out For Delivery
ORD04159,CUST0827,2026-04-30 07:13:00,1171.0,Placed
ORD04160,CUST0914,2025-09-10 01:41:00,1775.45,Preparing
ORD04161,CUST0103,2025-10-21 02:45:00,323.92,Placed
ORD04162,CUST0346,2026-01-16 07:01:00,1276.18,Placed
ORD04163,CUST0059,2025-04-28 15:31:00,2434.07,Placed
ORD04164,CUST0586,2025-11-20 20:13:00,334.05,Cancelled
ORD04165,CUST0918,2025-01-08 09:58:00,411.02,Delivered
ORD04166,CUST0187,2026-03-01 08:28:00,816.57,Out For Delivery
ORD04167,CUST0490,2025-05-05 04:23:00,2310.36,Placed
ORD04168,CUST0855,2025-03-10 18:42:00,904.69,Preparing
ORD04169,CUST0452,2025-11-16 20:07:00,2054.67,Preparing
ORD04170,CUST0036,2025-11-15 11:30:00,1284.9,Cancelled
ORD04171,CUST0713,2026-05-15 22:20:00,2448.42,Placed
ORD04172,CUST0809,2026-05-11 13:34:00,2350.09,Out For Delivery
ORD04173,CUST0975,2025-12-27 14:47:00,1392.71,Placed
ORD04174,CUST0302,2025-04-05 01:20:00,2323.71,Out For Delivery
ORD04175,CUST0944,2025-07-09 22:42:00,1284.9,Out For Delivery
ORD04176,CUST0050,2025-03-01 23:25:00,2017.34,Cancelled
ORD04177,CUST0037,2026-04-19 00:04:00,717.99,Placed
ORD04178,CUST0756,2025-11-19 17:03:00,1249.01,Cancelled
ORD04179,CUST0805,2025-05-20 13:22:00,1284.9,Placed
ORD04180,CUST0039,2025-01-12 09:45:00,2138.21,Out For Delivery
ORD04181,CUST0811,2025-04-19 09:46:00,2043.35,Out For Delivery
ORD04182,CUST0289,2026-04-04 17:37:00,2163.23,Delivered
ORD04183,CUST0433,2025-01-31 02:12:00,1772.03,Cancelled
ORD04184,CUST0520,2025-02-27 05:42:00,2002.29,Delivered
ORD04185,CUST0382,2025-01-31 17:43:00,1284.9,Cancelled
ORD04186,CUST0347,2026-04-27 00:28:00,2331.23,Placed
ORD04187,CUST0648,2025-08-10 21:17:00,2029.49,Delivered
ORD04188,CUST0854,2026-02-22 03:40:00,2409.81,Preparing
ORD04189,CUST0254,2025-03-04 18:29:00,238.99,Out For Delivery
ORD04190,CUST0424,2025-09-19 08:58:00,1011.34,Delivered
ORD04191,CUST0660,2025-09-16 19:57:00,703.11,Out For Delivery
ORD04192,CUST0234,2025-04-05 16:57:00,2180.35,Preparing
ORD04193,CUST0279,2026-04-28 23:43:00,1941.82,Cancelled
ORD04194,CUST0593,2025-08-23 23:45:00,1479.27,Out For Delivery
ORD04195,CUST0543,2026-04-11 18:19:00,111.92,Out For Delivery
ORD04196,CUST0885,2025-10-06 08:57:00,2216.73,Cancelled
ORD04197,CUST0574,2026-01-15 16:31:00,1645.65,Delivered
ORD04198,CUST0683,2025-11-23 21:51:00,2026.73,Cancelled
ORD04199,CUST0544,2025-01-24 10:15:00,455.24,Placed
ORD04200,CUST0466,2025-03-04 13:08:00,1471.96,Out For Delivery
ORD04201,CUST0443,2025-08-06 22:25:00,1760.97,Placed
ORD04202,CUST0916,2025-07-06 05:24:00,402.83,Cancelled
ORD04203,CUST0116,2025-08-18 13:55:00,2129.11,Placed
ORD04204,CUST0771,2026-03-15 14:20:00,162.78,Out For Delivery
ORD04205,CUST0806,2025-04-19 23:37:00,2078.18,Delivered
ORD04206,CUST0877,2025-05-23 14:30:00,2300.08,Placed
ORD04207,CUST0462,2026-03-10 14:59:00,2426.23,Placed
ORD04208,CUST0986,2025-05-25 08:39:00,1635.76,Cancelled
ORD04209,CUST0329,2025-08-23 10:08:00,2484.07,Preparing
ORD04210,CUST0274,2026-04-24 23:35:00,907.92,Out For Delivery
ORD04211,CUST0400,2026-04-28 21:26:00,2087.38,Out For Delivery
ORD04213,CUST0165,2025-08-29 23:30:00,1600.07,Preparing
ORD04214,CUST0689,2025-09-17 17:31:00,1821.73,Cancelled
ORD04215,CUST0885,2025-03-22 23:56:00,1284.9,Delivered
ORD04216,CUST0434,2026-02-20 19:34:00,1626.93,Delivered
ORD04217,CUST0271,2025-10-04 05:41:00,1540.16,Out For Delivery
ORD04218,CUST0058,2026-05-07 15:38:00,2024.72,Delivered
ORD04219,CUST0892,2026-02-04 14:43:00,434.96,Delivered
ORD04220,CUST0578,2025-02-03 18:07:00,2367.63,Delivered
ORD04222,CUST0621,2025-02-07 11:27:00,1372.39,Delivered
ORD04223,CUST0055,2025-09-02 21:02:00,251.95,Preparing
ORD04224,CUST0845,2026-01-13 18:01:00,2372.66,Delivered
ORD04225,CUST0443,2025-10-21 22:11:00,768.9,Out For Delivery
ORD04227,CUST0711,2025-03-31 18:54:00,2262.67,Placed
ORD04228,CUST0556,2025-03-21 17:29:00,2273.63,Out For Delivery
ORD04229,CUST0358,2025-02-19 02:41:00,2043.33,Preparing
ORD04230,CUST0061,2025-07-08 19:24:00,1731.94,Cancelled
ORD04231,CUST0971,2026-04-20 09:52:00,1721.6,Delivered
ORD04232,CUST0764,2026-03-30 09:56:00,1302.18,Delivered
ORD04233,CUST0248,2025-06-06 20:35:00,1284.9,Preparing
ORD04234,CUST0184,2026-03-24 14:30:00,1741.08,Placed
ORD04235,CUST0834,2025-02-08 12:10:00,2377.1,Out For Delivery
ORD04236,CUST0455,2025-11-13 19:09:00,2120.56,Out For Delivery
ORD04237,CUST0252,2025-12-20 14:09:00,1440.04,Delivered
ORD04238,CUST0907,2025-05-04 23:32:00,1363.6,Out For Delivery
ORD04239,CUST0176,2026-03-14 16:27:00,1315.42,Delivered
ORD04240,CUST0393,2026-04-16 19:05:00,143.23,Delivered
ORD04241,CUST0170,2025-11-02 12:55:00,2006.51,Out For Delivery
ORD04242,CUST0103,2026-01-16 10:31:00,1697.73,Placed
ORD04244,CUST0824,2025-05-24 07:50:00,1195.34,Preparing
ORD04245,CUST0946,2025-02-21 09:39:00,1284.9,Out For Delivery
ORD04246,CUST0379,2025-04-18 02:42:00,2217.42,Out For Delivery
ORD04247,CUST0454,2026-03-08 07:56:00,625.36,Placed
ORD04248,CUST0734,2025-02-03 21:44:00,1461.35,Placed
ORD04249,CUST0425,2026-05-03 00:51:00,659.72,Preparing
ORD04250,CUST0718,2026-03-12 14:13:00,666.52,Cancelled
ORD04251,CUST0046,2025-02-12 00:06:00,2365.82,Cancelled
ORD04252,CUST0847,2026-02-14 17:39:00,2306.41,Preparing
ORD04253,CUST0268,2025-01-08 00:26:00,1358.12,Out For Delivery
ORD04254,CUST0437,2026-04-20 12:03:00,1660.79,Placed
ORD04255,CUST0350,2025-10-05 23:02:00,2088.81,Placed
ORD04256,CUST0874,2025-01-16 01:19:00,298.97,Out For Delivery
ORD04257,CUST0725,2025-02-27 18:20:00,2287.15,Delivered
ORD04258,CUST0494,2025-07-27 19:49:00,2232.84,Out For Delivery
ORD04259,CUST0507,2025-09-06 19:27:00,2133.63,Out For Delivery
ORD04260,CUST0341,2025-07-12 04:20:00,119.75,Out For Delivery
ORD04261,CUST0886,2025-05-14 01:24:00,732.28,Cancelled
ORD04262,CUST0747,2026-01-25 15:21:00,2211.54,Cancelled
ORD04263,CUST0112,2026-02-11 03:19:00,2085.61,Placed
ORD04264,CUST0570,2025-01-11 02:36:00,1985.62,Out For Delivery
ORD04265,CUST0571,2025-03-29 12:31:00,1015.4,Out For Delivery
ORD04266,CUST0752,2025-05-29 02:57:00,2460.51,Preparing
ORD04267,CUST0785,2025-03-16 23:25:00,1609.97,Cancelled
ORD04268,CUST0869,2025-01-23 02:21:00,645.59,Cancelled
ORD04269,CUST0904,2025-04-01 13:32:00,1581.82,Delivered
ORD04270,CUST0065,2025-07-30 23:36:00,379.36,Preparing
ORD04271,CUST0456,2026-05-15 12:42:00,1153.93,Placed
ORD04272,CUST0924,2025-05-16 07:27:00,1233.78,Preparing
ORD04273,CUST0479,2025-07-20 13:47:00,213.69,Out For Delivery
ORD04274,CUST0086,2025-06-15 01:01:00,1137.81,Placed
ORD04275,CUST0357,2026-01-23 03:45:00,2213.39,Placed
ORD04276,CUST0567,2025-05-09 05:32:00,982.54,Delivered
ORD04277,CUST0439,2026-04-17 15:30:00,1140.32,Delivered
ORD04278,CUST0744,2025-03-23 05:35:00,818.54,Placed
ORD04280,CUST0638,2025-09-06 17:14:00,2388.97,Delivered
ORD04281,CUST0705,2025-01-28 16:43:00,509.39,Placed
ORD04282,CUST0275,2026-02-18 09:44:00,2207.82,Delivered
ORD04283,CUST0882,2025-10-04 00:05:00,1958.1,Out For Delivery
ORD04284,CUST0063,2025-09-30 06:26:00,134.94,Cancelled
ORD04285,CUST0503,2026-02-26 21:02:00,2139.77,Preparing
ORD04286,CUST0408,2026-01-03 07:29:00,2263.67,Out For Delivery
ORD04287,CUST0638,2025-02-24 10:07:00,2257.63,Placed
ORD04288,CUST0587,2025-07-27 11:34:00,2316.86,Preparing
ORD04289,CUST0136,2026-02-04 11:15:00,1001.72,Delivered
ORD04290,CUST0063,2025-11-13 04:11:00,762.18,Placed
ORD04291,CUST0936,2025-01-11 12:39:00,1570.08,Cancelled
ORD04292,CUST0210,2026-02-26 20:55:00,2287.27,Cancelled
ORD04293,CUST0295,2026-04-02 03:48:00,222.14,Placed
ORD04294,CUST0300,2025-09-21 09:15:00,1912.59,Cancelled
ORD04296,CUST0002,2025-12-29 17:38:00,2384.15,Delivered
ORD04297,CUST0579,2026-03-18 21:15:00,1597.17,Placed
ORD04298,CUST0626,2026-05-16 01:40:00,855.71,Cancelled
ORD04299,CUST0482,2025-01-08 04:31:00,1484.68,Preparing
ORD04300,CUST0378,2025-02-28 06:00:00,1943.06,Out For Delivery
ORD04301,CUST0919,2026-03-14 03:57:00,2326.26,Out For Delivery
ORD04302,CUST0494,2025-04-18 17:32:00,1400.65,Preparing
ORD04304,CUST0189,2025-01-07 11:44:00,1386.99,Placed
ORD04305,CUST0058,2025-03-01 06:21:00,1223.48,Placed
ORD04306,CUST0486,2025-12-11 11:00:00,393.0,Cancelled
ORD04307,CUST0544,2025-11-22 08:05:00,961.25,Placed
ORD04308,CUST0023,2026-05-11 22:59:00,1282.27,Placed
ORD04309,CUST0383,2025-02-04 10:27:00,2294.08,Preparing
ORD04310,CUST0485,2025-07-28 22:39:00,1958.33,Cancelled
ORD04311,CUST0272,2025-08-18 07:32:00,1568.2,Placed
ORD04312,CUST0379,2025-04-02 06:38:00,2449.02,Out For Delivery
ORD04313,CUST0047,2025-08-13 02:09:00,2051.24,Placed
ORD04314,CUST0866,2025-06-02 19:05:00,851.05,Placed
ORD04315,CUST0399,2025-10-24 09:55:00,813.95,Delivered
ORD04316,CUST0087,2025-12-03 09:57:00,856.28,Cancelled
ORD04317,CUST0976,2025-08-04 17:48:00,176.15,Cancelled
ORD04318,CUST0939,2025-05-31 12:44:00,1667.41,Placed
ORD04319,CUST0593,2025-09-03 13:49:00,2441.75,Placed
ORD04321,CUST0678,2025-10-19 12:00:00,878.55,Cancelled
ORD04322,CUST0508,2025-01-09 08:00:00,844.8,Cancelled
ORD04323,CUST0440,2025-09-21 09:29:00,1299.15,Preparing
ORD04324,CUST0476,2025-06-11 15:46:00,1104.32,Delivered
ORD04325,CUST0366,2025-04-16 15:12:00,2123.52,Cancelled
ORD04326,CUST0195,2026-03-29 01:36:00,324.08,Cancelled
ORD04327,CUST0512,2025-01-26 20:43:00,338.26,Delivered
ORD04329,CUST0541,2026-04-24 21:11:00,1660.41,Delivered
ORD04330,CUST0012,2025-01-08 12:49:00,1057.47,Cancelled
ORD04331,CUST0897,2026-04-10 05:31:00,847.79,Preparing
ORD04332,CUST0273,2025-07-13 10:32:00,1113.5,Placed
ORD04333,CUST0161,2025-11-20 09:06:00,1563.15,Delivered
ORD04334,CUST0223,2025-03-05 01:35:00,609.11,Cancelled
ORD04335,CUST0937,2026-03-12 11:56:00,717.79,Cancelled
ORD04336,CUST0046,2026-04-29 08:57:00,692.04,Out For Delivery
ORD04337,CUST0553,2025-07-13 22:29:00,1622.56,Delivered
ORD04338,CUST0072,2025-12-10 16:44:00,1787.76,Delivered
ORD04339,CUST0656,2025-11-07 18:30:00,828.86,Placed
ORD04340,CUST0009,2026-03-08 22:13:00,515.15,Out For Delivery
ORD04341,CUST0450,2025-02-24 04:26:00,2198.78,Cancelled
ORD04342,CUST0917,2025-02-11 10:50:00,1267.87,Placed
ORD04343,CUST0206,2026-01-01 02:18:00,2435.37,Placed
ORD04344,CUST0398,2025-03-12 08:30:00,761.3,Out For Delivery
ORD04345,CUST0509,2026-05-15 17:10:00,1833.79,Placed
ORD04346,CUST0490,2025-07-29 13:08:00,841.38,Placed
ORD04347,CUST0281,2026-01-02 12:16:00,1933.54,Out For Delivery
ORD04348,CUST0994,2025-07-17 04:07:00,1775.13,Cancelled
ORD04349,CUST0352,2025-11-20 04:20:00,1693.57,Out For Delivery
ORD04350,CUST0808,2025-08-05 12:29:00,528.77,Cancelled
ORD04351,CUST0139,2026-01-03 13:30:00,204.81,Placed
ORD04352,CUST0267,2025-02-23 07:33:00,1821.45,Preparing
ORD04353,CUST0539,2025-04-22 07:39:00,586.93,Cancelled
ORD04354,CUST0400,2025-03-12 04:22:00,706.92,Cancelled
ORD04355,CUST0423,2026-04-03 13:05:00,964.97,Out For Delivery
ORD04356,CUST0054,2025-10-14 09:12:00,2322.53,Out For Delivery
ORD04357,CUST0421,2025-03-16 15:14:00,1284.9,Delivered
ORD04358,CUST0153,2026-02-25 13:26:00,2152.85,Placed
ORD04359,CUST0292,2025-11-06 01:36:00,300.61,Placed
ORD04360,CUST0365,2026-03-04 21:37:00,841.37,Out For Delivery
ORD04361,CUST0056,2025-02-19 15:56:00,745.04,Delivered
ORD04362,CUST0503,2026-01-08 09:55:00,1758.11,Placed
ORD04363,CUST0842,2026-01-01 04:21:00,1419.82,Cancelled
ORD04364,CUST0953,2026-02-27 06:03:00,2399.89,Preparing
ORD04365,CUST0383,2026-02-25 12:36:00,210.04,Delivered
ORD04366,CUST0684,2025-07-26 02:55:00,1287.25,Preparing
ORD04367,CUST0655,2025-03-17 11:02:00,1077.15,Preparing
ORD04368,CUST0431,2026-04-10 08:15:00,1480.74,Out For Delivery
ORD04369,CUST0144,2026-04-15 13:43:00,954.72,Out For Delivery
ORD04370,CUST0911,2025-09-09 21:54:00,1284.9,Delivered
ORD04371,CUST0718,2025-10-21 11:12:00,2457.54,Cancelled
ORD04372,CUST0368,2025-11-03 20:57:00,2315.29,Cancelled
ORD04373,CUST0267,2026-01-06 02:43:00,875.55,Cancelled
ORD04374,CUST0169,2026-01-26 07:03:00,337.53,Out For Delivery
ORD04376,CUST0659,2026-02-01 09:14:00,1822.15,Preparing
ORD04377,CUST0696,2025-08-22 16:27:00,2296.43,Out For Delivery
ORD04378,CUST0878,2026-04-05 15:29:00,1627.1,Delivered
ORD04379,CUST0493,2025-03-18 23:51:00,1687.59,Out For Delivery
ORD04380,CUST0420,2025-08-19 20:57:00,1284.9,Placed
ORD04381,CUST0573,2025-05-30 09:11:00,496.1,Cancelled
ORD04382,CUST0266,2025-03-09 03:08:00,1116.81,Cancelled
ORD04383,CUST0993,2026-02-01 01:58:00,531.84,Cancelled
ORD04385,CUST0762,2025-05-14 07:16:00,941.78,Delivered
ORD04386,CUST0151,2026-01-30 07:18:00,736.57,Placed
ORD04387,CUST0028,2025-09-21 00:26:00,619.49,Preparing
ORD04388,CUST0300,2025-05-03 10:59:00,1898.84,Out For Delivery
ORD04389,CUST0761,2025-08-30 06:44:00,396.43,Cancelled
ORD04390,CUST0814,2025-02-06 05:25:00,465.25,Cancelled
ORD04391,CUST0787,2025-09-11 17:32:00,1941.32,Delivered
ORD04392,CUST0877,2025-01-15 14:01:00,2372.8,Placed
ORD04393,CUST0395,2025-12-09 06:11:00,530.33,Out For Delivery
ORD04394,CUST0899,2025-04-14 04:27:00,467.01,Delivered
ORD04395,CUST0757,2025-09-09 01:30:00,2496.99,Preparing
ORD04396,CUST0511,2025-09-11 21:21:00,2429.26,Preparing
ORD04397,CUST0856,2026-03-04 06:24:00,361.21,Cancelled
ORD04398,CUST0111,2026-03-20 21:51:00,1716.71,Cancelled
ORD04399,CUST0736,2026-04-01 18:09:00,1059.45,Preparing
ORD04401,CUST0458,2026-03-13 17:53:00,1285.91,Placed
ORD04402,CUST0230,2025-04-09 06:04:00,1170.33,Preparing
ORD04403,CUST0657,2025-06-02 15:21:00,2211.66,Cancelled
ORD04404,CUST0880,2025-08-26 12:23:00,442.0,Placed
ORD04405,CUST0176,2025-09-13 16:27:00,1565.93,Cancelled
ORD04406,CUST0535,2025-12-10 14:03:00,942.48,Preparing
ORD04407,CUST0920,2025-11-30 01:55:00,1112.33,Placed
ORD04409,CUST0479,2025-11-21 18:58:00,502.64,Delivered
ORD04410,CUST0395,2026-02-01 05:11:00,1337.48,Cancelled
ORD04411,CUST0079,2026-01-18 11:10:00,1923.17,Preparing
ORD04412,CUST0673,2025-01-14 14:20:00,562.76,Placed
ORD04413,CUST0258,2025-12-01 19:17:00,2018.29,Cancelled
ORD04414,CUST0277,2025-06-11 21:36:00,1923.4,Delivered
ORD04415,CUST0208,2025-10-11 08:00:00,2374.85,Preparing
ORD04416,CUST0681,2025-02-08 11:28:00,648.44,Delivered
ORD04418,CUST0122,2026-02-09 00:12:00,1375.01,Delivered
ORD04420,CUST0080,2025-11-14 13:51:00,1201.89,Delivered
ORD04421,CUST0738,2025-06-20 01:45:00,753.07,Placed
ORD04423,CUST0658,2026-03-10 12:23:00,2217.77,Preparing
ORD04424,CUST0998,2025-06-04 02:48:00,106.52,Cancelled
ORD04426,CUST0720,2025-04-06 03:19:00,1627.52,Delivered
ORD04427,CUST0974,2026-03-03 10:14:00,2253.67,Preparing
ORD04428,CUST0330,2025-04-15 09:10:00,100.17,Delivered
ORD04429,CUST0913,2026-03-03 13:09:00,249.78,Cancelled
ORD04430,CUST0361,2026-03-21 01:30:00,2121.35,Delivered
ORD04431,CUST0056,2025-04-23 13:54:00,238.43,Cancelled
ORD04432,CUST0472,2025-12-03 18:40:00,1226.28,Cancelled
ORD04433,CUST0609,2025-10-22 09:26:00,1462.51,Cancelled
ORD04434,CUST0473,2025-05-19 19:26:00,2171.19,Preparing
ORD04435,CUST0225,2025-01-10 16:42:00,1398.53,Out For Delivery
ORD04436,CUST0577,2025-10-04 16:58:00,714.32,Preparing
ORD04437,CUST0544,2026-01-15 12:34:00,2490.96,Delivered
ORD04438,CUST0192,2026-04-26 22:14:00,1970.43,Placed
ORD04439,CUST0921,2025-06-16 08:31:00,1284.9,Out For Delivery
ORD04440,CUST0200,2026-03-13 06:24:00,463.33,Placed
ORD04441,CUST0457,2026-01-27 23:33:00,764.86,Cancelled
ORD04442,CUST0971,2025-05-31 12:19:00,1642.15,Placed
ORD04443,CUST0431,2026-02-10 10:03:00,1708.26,Preparing
ORD04444,CUST0677,2025-02-24 11:58:00,1632.85,Delivered
ORD04445,CUST0229,2025-03-02 20:53:00,974.99,Cancelled
ORD04446,CUST0391,2026-02-18 18:51:00,761.84,Delivered
ORD04447,CUST0752,2025-06-06 09:38:00,1947.97,Cancelled
ORD04448,CUST0779,2025-04-25 19:16:00,1286.83,Cancelled
ORD04449,CUST0721,2025-11-17 02:39:00,485.28,Cancelled
ORD04451,CUST0299,2025-06-07 02:27:00,1123.94,Delivered
ORD04452,CUST0478,2025-12-17 04:53:00,491.66,Placed
ORD04453,CUST0052,2025-10-13 00:21:00,1885.69,Out For Delivery
ORD04454,CUST0695,2025-01-06 08:39:00,1262.87,Cancelled
ORD04455,CUST0496,2025-04-01 09:00:00,240.93,Placed
ORD04456,CUST0533,2026-03-19 13:05:00,1514.75,Cancelled
ORD04457,CUST0703,2025-06-08 19:19:00,1223.79,Out For Delivery
ORD04458,CUST0277,2025-10-29 11:55:00,608.48,Out For Delivery
ORD04459,CUST0085,2025-01-06 04:55:00,1068.44,Preparing
ORD04460,CUST0138,2025-03-16 14:58:00,1773.66,Delivered
ORD04461,CUST0314,2026-03-12 21:10:00,513.53,Cancelled
ORD04462,CUST0380,2025-05-16 06:44:00,1391.7,Preparing
ORD04463,CUST0005,2025-03-02 03:20:00,913.29,Delivered
ORD04464,CUST0689,2026-05-10 11:55:00,605.73,Cancelled
ORD04465,CUST0378,2026-02-17 07:10:00,1284.9,Out For Delivery
ORD04466,CUST0625,2025-09-11 07:07:00,2253.35,Out For Delivery
ORD04467,CUST0226,2025-03-17 08:15:00,447.39,Preparing
ORD04468,CUST0495,2026-02-10 18:56:00,2363.54,Preparing
ORD04469,CUST0908,2025-04-25 11:01:00,1802.7,Out For Delivery
ORD04470,CUST0046,2026-04-03 09:50:00,1571.44,Out For Delivery
ORD04471,CUST0555,2025-03-23 16:24:00,1863.21,Cancelled
ORD04472,CUST0194,2026-03-21 23:47:00,1938.77,Preparing
ORD04473,CUST0519,2026-05-03 14:46:00,146.73,Placed
ORD04474,CUST0847,2025-12-13 04:26:00,586.87,Placed
ORD04475,CUST0383,2026-03-11 00:04:00,575.12,Preparing
ORD04476,CUST0026,2026-02-02 06:53:00,329.09,Out For Delivery
ORD04477,CUST0948,2025-06-22 12:54:00,1322.38,Delivered
ORD04478,CUST0243,2025-08-14 18:37:00,118.96,Placed
ORD04479,CUST0870,2025-06-20 07:32:00,2344.07,Cancelled
ORD04480,CUST0181,2025-12-27 04:41:00,635.21,Cancelled
ORD04481,CUST0464,2025-12-19 23:23:00,1922.72,Delivered
ORD04482,CUST0826,2025-05-28 10:07:00,886.46,Delivered
ORD04483,CUST0013,2025-10-05 21:13:00,1951.87,Out For Delivery
ORD04484,CUST0135,2025-10-29 18:43:00,392.86,Cancelled
ORD04485,CUST0695,2026-03-28 12:02:00,1138.05,Cancelled
ORD04486,CUST0614,2025-05-15 10:04:00,1022.4,Cancelled
ORD04487,CUST0632,2025-03-14 02:24:00,1284.9,Delivered
ORD04488,CUST0497,2025-09-17 11:44:00,2017.04,Placed
ORD04489,CUST0650,2025-01-07 11:24:00,1663.22,Delivered
ORD04490,CUST0036,2025-12-18 18:24:00,275.96,Preparing
ORD04491,CUST0560,2025-11-11 18:43:00,104.01,Cancelled
ORD04492,CUST0532,2026-04-25 12:48:00,264.62,Placed
ORD04493,CUST0763,2025-03-31 06:45:00,686.77,Delivered
ORD04494,CUST0342,2025-10-13 21:32:00,1976.93,Out For Delivery
ORD04495,CUST0138,2026-02-04 03:53:00,1135.68,Delivered
ORD04496,CUST0218,2026-03-19 17:50:00,1961.86,Placed
ORD04497,CUST0945,2025-09-16 01:51:00,1329.94,Out For Delivery
ORD04498,CUST0606,2025-08-29 18:31:00,1951.26,Cancelled
ORD04499,CUST0121,2025-10-12 03:35:00,179.07,Cancelled
ORD04500,CUST0474,2025-03-27 19:05:00,1762.01,Preparing
ORD04501,CUST0396,2025-07-02 19:44:00,1030.36,Preparing
ORD04502,CUST0110,2025-03-10 02:31:00,1174.65,Placed
ORD04503,CUST0890,2025-03-13 15:54:00,1406.67,Placed
ORD04504,CUST0626,2026-02-20 05:01:00,158.33,Out For Delivery
ORD04505,CUST0887,2025-08-21 05:56:00,1427.76,Cancelled
ORD04506,CUST0231,2025-02-19 01:01:00,2081.42,Delivered
ORD04507,CUST0776,2025-06-15 02:14:00,1629.36,Preparing
ORD04508,CUST0077,2025-04-21 21:28:00,523.9,Cancelled
ORD04510,CUST0887,2025-12-27 07:52:00,2345.61,Delivered
ORD04511,CUST0038,2025-11-20 23:18:00,1770.66,Cancelled
ORD04513,CUST0028,2025-02-27 12:45:00,1284.9,Placed
ORD04514,CUST0591,2025-05-20 12:07:00,185.19,Out For Delivery
ORD04515,CUST0971,2025-06-23 03:13:00,401.38,Cancelled
ORD04516,CUST0886,2026-03-19 18:53:00,2002.93,Out For Delivery
ORD04517,CUST0096,2025-11-23 06:21:00,1732.66,Delivered
ORD04518,CUST0052,2025-04-24 12:14:00,1341.95,Out For Delivery
ORD04519,CUST0620,2025-02-21 18:20:00,1284.9,Placed
ORD04520,CUST0105,2025-07-20 04:43:00,965.39,Placed
ORD04521,CUST0247,2025-11-28 03:17:00,113.05,Placed
ORD04522,CUST0649,2026-04-08 11:55:00,1326.09,Out For Delivery
ORD04523,CUST0659,2025-03-24 01:06:00,1284.9,Cancelled
ORD04524,CUST0003,2025-02-18 12:22:00,1284.9,Cancelled
ORD04525,CUST0864,2025-11-01 03:54:00,937.74,Delivered
ORD04526,CUST0761,2025-10-24 05:24:00,1207.54,Out For Delivery
ORD04527,CUST0097,2026-03-30 12:41:00,448.88,Cancelled
ORD04528,CUST0201,2026-01-11 19:43:00,1119.94,Cancelled
ORD04529,CUST0804,2026-05-05 05:00:00,108.39,Cancelled
ORD04530,CUST0031,2026-03-01 07:24:00,914.46,Out For Delivery
ORD04531,CUST0091,2025-05-10 09:50:00,2413.18,Delivered
ORD04532,CUST0959,2025-08-13 09:21:00,2172.71,Out For Delivery
ORD04533,CUST0981,2025-10-14 01:03:00,1581.31,Placed
ORD04534,CUST0359,2025-06-06 15:12:00,1119.34,Out For Delivery
ORD04535,CUST0143,2025-10-31 08:13:00,1284.9,Cancelled
ORD04536,CUST0164,2025-05-14 10:03:00,379.43,Delivered
ORD04538,CUST0172,2025-03-30 11:10:00,2279.36,Preparing
ORD04539,CUST0261,2026-01-16 02:28:00,1284.9,Cancelled
ORD04540,CUST0307,2026-04-20 02:31:00,1729.52,Placed
ORD04541,CUST0460,2025-11-11 01:22:00,743.59,Preparing
ORD04542,CUST0629,2025-04-15 06:48:00,1882.95,Cancelled
ORD04543,CUST0780,2026-04-15 17:10:00,1115.88,Out For Delivery
ORD04544,CUST0832,2025-02-01 12:18:00,1830.05,Delivered
ORD04545,CUST0837,2025-07-02 12:10:00,214.57,Out For Delivery
ORD04546,CUST0697,2025-02-09 20:55:00,2362.32,Preparing
ORD04547,CUST0588,2025-10-25 18:09:00,2218.69,Cancelled
ORD04548,CUST0443,2025-03-03 00:09:00,1608.74,Placed
ORD04549,CUST0879,2025-03-20 10:43:00,126.9,Preparing
ORD04550,CUST0743,2025-10-05 13:21:00,382.77,Placed
ORD04551,CUST0875,2025-09-28 01:49:00,1372.2,Preparing
ORD04552,CUST0903,2025-01-22 10:12:00,1139.35,Preparing
ORD04553,CUST0555,2025-04-26 01:14:00,1365.51,Placed
ORD04554,CUST0487,2025-08-26 12:37:00,1752.71,Placed
ORD04555,CUST0753,2025-01-09 10:00:00,2214.76,Cancelled
ORD04556,CUST0497,2025-05-31 09:22:00,765.63,Delivered
ORD04557,CUST0120,2026-04-01 09:15:00,2016.36,Delivered
ORD04558,CUST0252,2025-03-01 22:59:00,1888.27,Out For Delivery
ORD04559,CUST0323,2025-11-03 14:39:00,1005.12,Delivered
ORD04560,CUST0224,2025-03-27 08:14:00,202.94,Cancelled
ORD04561,CUST0042,2025-06-17 13:25:00,1739.77,Placed
ORD04562,CUST0702,2025-04-30 09:12:00,1175.99,Cancelled
ORD04563,CUST0973,2025-10-23 16:28:00,1768.41,Placed
ORD04564,CUST0035,2026-04-23 11:51:00,308.2,Placed
ORD04566,CUST0221,2025-08-25 07:34:00,622.85,Placed
ORD04567,CUST0295,2025-02-08 06:22:00,1255.71,Placed
ORD04568,CUST0147,2025-07-31 03:04:00,2497.14,Delivered
ORD04569,CUST0026,2025-08-16 06:16:00,1255.54,Preparing
ORD04570,CUST0288,2026-02-27 10:59:00,2342.49,Out For Delivery
ORD04571,CUST0199,2025-02-02 20:06:00,1328.45,Out For Delivery
ORD04572,CUST0237,2025-08-31 20:46:00,1409.05,Cancelled
ORD04573,CUST0562,2025-04-10 01:07:00,1702.95,Delivered
ORD04574,CUST0107,2025-07-27 11:57:00,1345.8,Placed
ORD04575,CUST0271,2026-04-05 02:32:00,190.59,Preparing
ORD04576,CUST0826,2026-01-02 05:35:00,509.14,Placed
ORD04577,CUST0387,2025-01-18 17:29:00,2040.06,Preparing
ORD04578,CUST0707,2025-02-17 16:05:00,2286.16,Preparing
ORD04580,CUST0582,2025-02-27 20:05:00,1276.2,Out For Delivery
ORD04581,CUST0203,2025-10-15 22:26:00,329.82,Preparing
ORD04582,CUST0135,2026-03-31 22:10:00,2043.59,Cancelled
ORD04583,CUST0354,2026-04-05 06:42:00,976.1,Cancelled
ORD04584,CUST0180,2025-02-15 06:25:00,1079.41,Preparing
ORD04585,CUST0936,2026-01-07 15:48:00,1068.79,Preparing
ORD04586,CUST0015,2025-08-30 05:26:00,1745.7,Cancelled
ORD04588,CUST0686,2025-05-05 14:39:00,1544.17,Cancelled
ORD04589,CUST0229,2026-04-28 01:49:00,472.63,Preparing
ORD04590,CUST0530,2025-02-19 08:27:00,699.83,Out For Delivery
ORD04591,CUST0605,2025-09-22 23:09:00,2419.59,Preparing
ORD04592,CUST0308,2026-02-21 16:26:00,1729.88,Out For Delivery
ORD04593,CUST0852,2026-02-08 05:14:00,2062.24,Delivered
ORD04595,CUST0870,2025-03-19 17:56:00,712.78,Delivered
ORD04596,CUST0885,2025-03-23 01:35:00,1107.59,Out For Delivery
ORD04597,CUST0338,2025-07-26 05:13:00,1406.89,Cancelled
ORD04598,CUST0949,2025-04-24 04:51:00,2425.27,Placed
ORD04599,CUST0193,2025-11-09 20:43:00,259.04,Preparing
ORD04600,CUST0597,2025-01-26 13:23:00,800.27,Delivered
ORD04601,CUST0225,2026-05-06 13:25:00,684.84,Preparing
ORD04602,CUST0381,2025-08-02 02:57:00,753.66,Preparing
ORD04603,CUST0732,2025-09-11 16:23:00,1751.18,Out For Delivery
ORD04604,CUST0424,2025-02-07 17:43:00,1331.34,Preparing
ORD04605,CUST0898,2025-10-17 05:12:00,1284.9,Delivered
ORD04606,CUST0274,2025-06-16 00:11:00,2133.37,Delivered
ORD04607,CUST0491,2026-02-20 16:11:00,1994.76,Cancelled
ORD04609,CUST0299,2025-01-02 07:53:00,2482.81,Placed
ORD04610,CUST0093,2025-11-17 05:27:00,2072.77,Placed
ORD04611,CUST0327,2026-03-16 03:00:00,1964.08,Placed
ORD04612,CUST0940,2025-01-02 15:54:00,1305.85,Cancelled
ORD04613,CUST0241,2025-03-07 19:19:00,1722.99,Out For Delivery
ORD04614,CUST0924,2025-01-22 02:56:00,996.35,Out For Delivery
ORD04615,CUST0534,2025-07-13 06:40:00,270.98,Placed
ORD04616,CUST0686,2026-01-19 00:50:00,242.36,Out For Delivery
ORD04617,CUST0536,2026-01-03 20:48:00,781.24,Placed
ORD04619,CUST0883,2025-02-04 21:21:00,290.29,Delivered
ORD04620,CUST0169,2025-05-31 09:44:00,1541.98,Cancelled
ORD04621,CUST0219,2025-04-28 22:57:00,1028.96,Cancelled
ORD04622,CUST0341,2026-03-10 11:16:00,140.09,Cancelled
ORD04623,CUST0185,2025-08-02 00:23:00,2190.58,Cancelled
ORD04624,CUST0623,2025-12-27 18:27:00,1005.2,Placed
ORD04625,CUST0960,2026-01-07 21:07:00,1918.72,Cancelled
ORD04626,CUST0297,2025-11-24 00:12:00,635.34,Out For Delivery
ORD04627,CUST0108,2025-03-12 23:24:00,1453.01,Preparing
ORD04628,CUST0887,2025-03-26 05:41:00,1557.59,Placed
ORD04629,CUST0302,2025-04-21 02:43:00,1998.59,Out For Delivery
ORD04630,CUST0339,2026-03-02 14:38:00,173.33,Placed
ORD04631,CUST0397,2026-02-05 17:31:00,698.9,Delivered
ORD04632,CUST0357,2025-08-17 16:12:00,276.88,Out For Delivery
ORD04633,CUST0292,2025-02-20 07:25:00,1259.86,Delivered
ORD04634,CUST0824,2025-10-24 21:44:00,1884.12,Preparing
ORD04635,CUST0491,2025-04-22 14:05:00,1231.97,Out For Delivery
ORD04636,CUST0122,2026-02-19 04:01:00,833.77,Out For Delivery
ORD04637,CUST0552,2025-12-27 19:56:00,2265.18,Preparing
ORD04638,CUST0142,2025-07-13 18:28:00,769.19,Placed
ORD04639,CUST0499,2025-05-19 17:33:00,1314.9,Cancelled
ORD04640,CUST0532,2026-01-28 15:33:00,1455.63,Placed
ORD04641,CUST0553,2025-12-21 07:20:00,1890.12,Cancelled
ORD04642,CUST0289,2026-02-09 09:16:00,547.02,Placed
ORD04643,CUST0280,2025-06-25 23:09:00,1088.72,Placed
ORD04644,CUST0848,2025-11-29 05:35:00,2271.59,Delivered
ORD04645,CUST0629,2025-05-06 19:07:00,1016.39,Placed
ORD04646,CUST0573,2026-04-27 00:14:00,1355.67,Cancelled
ORD04647,CUST0926,2025-01-10 17:41:00,1383.86,Delivered
ORD04648,CUST0481,2025-07-03 00:06:00,1669.72,Cancelled
ORD04649,CUST0643,2025-03-30 10:25:00,1184.44,Cancelled
ORD04650,CUST0490,2025-12-21 09:49:00,1046.59,Preparing
ORD04651,CUST0797,2025-09-04 02:33:00,1075.2,Delivered
ORD04652,CUST0422,2025-02-05 12:57:00,643.51,Cancelled
ORD04653,CUST0123,2025-05-04 00:12:00,2018.49,Preparing
ORD04654,CUST0529,2025-08-04 09:01:00,1065.76,Out For Delivery
ORD04655,CUST0499,2025-08-20 00:49:00,1045.95,Out For Delivery
ORD04656,CUST0837,2025-05-12 18:41:00,347.64,Placed
ORD04657,CUST0050,2026-04-09 17:41:00,283.02,Preparing
ORD04658,CUST0919,2025-05-11 16:10:00,2301.1,Cancelled
ORD04660,CUST0614,2025-01-21 01:59:00,506.58,Preparing
ORD04661,CUST0324,2025-03-10 09:00:00,2241.62,Placed
ORD04662,CUST0335,2025-09-21 22:17:00,448.94,Delivered
ORD04663,CUST0096,2025-11-30 05:30:00,2301.24,Cancelled
ORD04664,CUST0248,2025-04-26 07:53:00,2352.75,Cancelled
ORD04665,CUST0096,2025-10-10 08:16:00,1174.59,Delivered
ORD04666,CUST0735,2025-12-09 05:56:00,2095.28,Out For Delivery
ORD04667,CUST0067,2025-01-08 06:04:00,251.19,Delivered
ORD04668,CUST0654,2025-07-28 11:52:00,713.52,Delivered
ORD04669,CUST0371,2025-05-25 13:47:00,2063.7,Placed
ORD04670,CUST0288,2026-01-13 13:29:00,1145.42,Out For Delivery
ORD04671,CUST0617,2026-04-29 16:39:00,2465.6,Cancelled
ORD04672,CUST0216,2026-02-28 10:13:00,2056.73,Out For Delivery
ORD04673,CUST0733,2026-05-09 13:08:00,1379.08,Delivered
ORD04674,CUST0509,2025-12-22 16:05:00,695.34,Cancelled
ORD04675,CUST0815,2025-06-20 02:15:00,717.56,Placed
ORD04676,CUST0091,2025-09-15 23:20:00,1777.13,Cancelled
ORD04677,CUST0267,2025-01-27 11:42:00,1945.22,Delivered
ORD04678,CUST0061,2025-07-25 19:01:00,1647.24,Placed
ORD04679,CUST0740,2025-06-28 18:29:00,1155.11,Out For Delivery
ORD04681,CUST0854,2026-01-24 04:35:00,869.0,Placed
ORD04682,CUST0799,2026-04-12 23:48:00,1479.98,Placed
ORD04683,CUST0249,2025-01-08 10:43:00,164.73,Placed
ORD04684,CUST0749,2026-01-26 20:13:00,1890.42,Preparing
ORD04685,CUST0916,2025-06-19 21:23:00,982.46,Out For Delivery
ORD04686,CUST0392,2026-02-24 04:56:00,1556.8,Out For Delivery
ORD04687,CUST0947,2025-08-15 17:44:00,2462.09,Preparing
ORD04688,CUST0792,2025-05-29 06:04:00,1736.89,Placed
ORD04689,CUST0362,2026-01-26 14:35:00,2310.71,Cancelled
ORD04691,CUST0204,2025-01-07 21:54:00,1546.02,Delivered
ORD04692,CUST0603,2026-03-15 21:33:00,1914.09,Placed
ORD04693,CUST0350,2026-03-21 13:10:00,1729.4,Delivered
ORD04695,CUST0843,2025-06-18 01:50:00,1284.9,Preparing
ORD04696,CUST0679,2026-04-10 04:02:00,2003.56,Cancelled
ORD04697,CUST0295,2025-04-17 18:01:00,2082.12,Cancelled
ORD04698,CUST0195,2025-11-11 05:02:00,1609.89,Out For Delivery
ORD04699,CUST0014,2025-12-16 15:15:00,1477.98,Placed
ORD04700,CUST0767,2025-12-11 00:07:00,239.02,Preparing
ORD04701,CUST0185,2025-11-09 21:41:00,1047.48,Out For Delivery
ORD04702,CUST0085,2025-11-23 12:26:00,759.01,Placed
ORD04703,CUST0587,2025-04-23 11:11:00,1108.72,Preparing
ORD04704,CUST0557,2025-05-07 03:43:00,1284.9,Preparing
ORD04706,CUST0583,2026-04-24 01:03:00,1281.5,Placed
ORD04707,CUST0387,2025-12-31 22:17:00,1284.9,Delivered
ORD04708,CUST0570,2026-03-15 21:15:00,1277.76,Preparing
ORD04709,CUST0392,2026-03-05 23:16:00,1238.07,Placed
ORD04710,CUST0063,2025-08-09 14:41:00,2278.93,Cancelled
ORD04711,CUST0075,2025-05-11 03:34:00,243.91,Preparing
ORD04713,CUST0672,2025-02-18 14:03:00,1941.75,Out For Delivery
ORD04714,CUST0439,2026-01-14 10:34:00,1190.9,Out For Delivery
ORD04716,CUST0944,2025-05-24 15:59:00,299.48,Placed
ORD04717,CUST0734,2025-11-13 18:53:00,1881.48,Delivered
ORD04718,CUST0874,2025-07-25 10:10:00,203.16,Placed
ORD04719,CUST0199,2025-05-16 06:01:00,1284.9,Preparing
ORD04720,CUST0034,2025-01-02 00:09:00,1946.21,Out For Delivery
ORD04721,CUST0208,2026-02-20 22:49:00,2031.86,Placed
ORD04722,CUST0143,2025-06-24 02:06:00,2064.63,Preparing
ORD04723,CUST0358,2025-09-17 05:05:00,2398.8,Delivered
ORD04724,CUST0887,2025-01-15 17:49:00,1978.65,Out For Delivery
ORD04725,CUST0834,2025-11-23 20:00:00,1759.3,Delivered
ORD04726,CUST0171,2026-01-31 11:32:00,830.92,Preparing
ORD04727,CUST0698,2026-03-01 14:59:00,322.61,Preparing
ORD04728,CUST0529,2025-02-24 00:36:00,327.41,Delivered
ORD04729,CUST0998,2025-04-30 11:08:00,465.38,Delivered
ORD04730,CUST0463,2025-02-28 02:00:00,115.77,Delivered
ORD04731,CUST0444,2025-05-21 13:47:00,342.04,Delivered
ORD04732,CUST0622,2026-03-07 09:27:00,905.64,Delivered
ORD04733,CUST0177,2025-06-12 14:28:00,1392.08,Cancelled
ORD04734,CUST0494,2026-02-20 07:43:00,997.43,Delivered
ORD04735,CUST0230,2026-01-07 05:42:00,1675.81,Placed
ORD04736,CUST0018,2026-03-28 19:22:00,2419.0,Delivered
ORD04737,CUST0360,2025-11-26 03:39:00,1011.95,Preparing
ORD04738,CUST0315,2025-09-07 15:09:00,1518.43,Placed
ORD04739,CUST0988,2025-11-25 19:45:00,1743.34,Preparing
ORD04740,CUST0793,2025-05-30 02:25:00,1916.23,Cancelled
ORD04741,CUST0793,2025-01-09 13:11:00,1933.46,Placed
ORD04742,CUST0419,2025-07-23 01:42:00,2280.58,Placed
ORD04743,CUST0060,2025-06-29 02:40:00,731.34,Preparing
ORD04744,CUST0418,2025-05-08 10:27:00,1761.72,Cancelled
ORD04745,CUST0942,2026-01-23 07:18:00,807.5,Out For Delivery
ORD04746,CUST0397,2025-03-15 03:51:00,1284.9,Preparing
ORD04747,CUST0512,2025-06-04 04:38:00,436.14,Cancelled
ORD04748,CUST0495,2025-01-13 19:46:00,513.4,Out For Delivery
ORD04749,CUST0574,2025-12-30 18:02:00,936.28,Cancelled
ORD04750,CUST0449,2025-09-02 06:14:00,2319.19,Out For Delivery
ORD04751,CUST0787,2026-05-02 17:58:00,2458.73,Preparing
ORD04752,CUST0107,2025-11-15 14:55:00,726.96,Delivered
ORD04753,CUST0871,2026-01-29 04:19:00,1566.06,Cancelled
ORD04754,CUST0118,2025-07-31 18:11:00,989.7,Delivered
ORD04755,CUST0673,2025-03-15 20:35:00,1284.9,Delivered
ORD04756,CUST0335,2025-01-04 20:01:00,2223.07,Out For Delivery
ORD04757,CUST0978,2025-01-23 15:26:00,1383.24,Cancelled
ORD04758,CUST0683,2025-05-08 03:11:00,211.51,Cancelled
ORD04759,CUST0622,2025-05-27 17:11:00,2196.86,Preparing
ORD04760,CUST0294,2026-02-27 17:34:00,2194.36,Preparing
ORD04761,CUST0317,2025-02-25 15:27:00,946.83,Delivered
ORD04762,CUST0106,2025-11-27 18:41:00,1669.9,Out For Delivery
ORD04763,CUST0228,2025-10-18 20:42:00,290.8,Preparing
ORD04764,CUST0668,2025-05-01 10:33:00,1444.13,Placed
ORD04765,CUST0487,2025-02-07 04:56:00,1275.61,Placed
ORD04766,CUST0514,2025-06-23 06:52:00,110.79,Cancelled
ORD04767,CUST0278,2025-09-07 18:58:00,1284.9,Cancelled
ORD04768,CUST0813,2026-02-15 17:38:00,499.78,Placed
ORD04769,CUST0100,2025-11-06 19:48:00,1284.9,Out For Delivery
ORD04770,CUST0251,2025-08-26 13:16:00,2071.43,Out For Delivery
ORD04771,CUST0538,2025-01-08 05:15:00,1023.6,Delivered
ORD04772,CUST0014,2025-10-11 00:23:00,161.74,Placed
ORD04773,CUST0524,2025-01-07 00:44:00,101.11,Preparing
ORD04774,CUST0996,2025-07-23 16:47:00,484.61,Preparing
ORD04775,CUST0196,2025-01-06 14:04:00,2160.89,Placed
ORD04776,CUST0756,2025-03-29 05:13:00,1516.76,Delivered
ORD04777,CUST0116,2025-07-07 08:04:00,2446.9,Placed
ORD04778,CUST0061,2025-08-17 00:53:00,2247.44,Delivered
ORD04779,CUST0171,2026-03-02 22:38:00,2071.61,Preparing
ORD04780,CUST0341,2025-10-03 07:19:00,1788.37,Delivered
ORD04781,CUST0918,2025-11-23 17:31:00,746.39,Out For Delivery
ORD04782,CUST0625,2025-03-14 23:14:00,962.7,Cancelled
ORD04783,CUST0990,2025-03-18 16:41:00,1060.01,Preparing
ORD04784,CUST0100,2026-03-31 13:05:00,164.19,Out For Delivery
ORD04785,CUST0375,2025-04-17 00:44:00,1508.85,Placed
ORD04786,CUST0686,2026-01-24 01:50:00,2159.88,Cancelled
ORD04787,CUST0580,2025-06-17 20:42:00,201.16,Delivered
ORD04788,CUST0630,2025-12-16 23:44:00,887.92,Out For Delivery
ORD04789,CUST0073,2025-10-15 19:07:00,488.17,Out For Delivery
ORD04790,CUST0549,2026-01-14 15:17:00,203.02,Placed
ORD04791,CUST0189,2025-10-10 16:25:00,1396.16,Placed
ORD04792,CUST0190,2025-01-11 01:35:00,154.01,Delivered
ORD04793,CUST0926,2025-09-12 09:55:00,1930.46,Out For Delivery
ORD04794,CUST0674,2026-04-10 19:08:00,2486.7,Out For Delivery
ORD04795,CUST0026,2025-12-26 22:35:00,1284.9,Placed
ORD04796,CUST0669,2025-10-15 03:08:00,1012.43,Preparing
ORD04797,CUST0636,2025-11-27 21:18:00,1728.12,Placed
ORD04798,CUST0119,2025-10-20 22:02:00,1662.1,Preparing
ORD04799,CUST0436,2025-01-26 19:23:00,1235.29,Delivered
ORD04800,CUST0546,2025-09-03 15:18:00,682.76,Placed
ORD04801,CUST0342,2025-08-14 04:42:00,171.08,Cancelled
ORD04802,CUST0059,2025-01-19 22:44:00,699.63,Delivered
ORD04803,CUST0083,2025-09-16 00:52:00,1959.73,Placed
ORD04804,CUST0016,2025-06-11 18:30:00,1196.05,Preparing
ORD04805,CUST0569,2026-02-01 20:48:00,1303.0,Delivered
ORD04806,CUST0369,2026-01-08 11:22:00,1321.42,Cancelled
ORD04807,CUST0554,2025-07-04 00:46:00,1929.29,Out For Delivery
ORD04808,CUST0538,2025-03-27 21:25:00,2435.71,Delivered
ORD04809,CUST0056,2025-03-31 10:22:00,1638.58,Out For Delivery
ORD04810,CUST0456,2025-11-15 16:22:00,737.21,Cancelled
ORD04811,CUST0294,2026-02-23 03:44:00,992.51,Out For Delivery
ORD04812,CUST0784,2025-04-11 15:02:00,2282.83,Placed
ORD04813,CUST0605,2025-07-21 20:07:00,1647.85,Out For Delivery
ORD04814,CUST0578,2025-05-24 05:11:00,2354.1,Preparing
ORD04815,CUST0156,2025-05-28 02:39:00,1204.64,Delivered
ORD04816,CUST0006,2026-03-17 03:45:00,1159.57,Delivered
ORD04817,CUST0389,2025-01-27 08:34:00,106.06,Cancelled
ORD04818,CUST0450,2025-02-20 08:14:00,1476.26,Out For Delivery
ORD04819,CUST0211,2026-05-12 20:19:00,1037.05,Cancelled
ORD04820,CUST0518,2025-08-02 02:25:00,317.64,Cancelled
ORD04821,CUST0393,2025-06-07 23:20:00,233.83,Out For Delivery
ORD04822,CUST0425,2025-11-21 10:10:00,2272.45,Delivered
ORD04823,CUST0656,2026-02-08 00:55:00,1691.8,Preparing
ORD04825,CUST0345,2025-11-15 11:34:00,2361.85,Delivered
ORD04826,CUST0892,2026-03-07 03:40:00,1284.9,Preparing
ORD04827,CUST0462,2026-03-20 06:06:00,1767.82,Preparing
ORD04828,CUST0112,2025-03-29 23:15:00,2473.73,Out For Delivery
ORD04829,CUST0181,2026-02-20 11:44:00,2415.09,Preparing
ORD04830,CUST0512,2025-02-09 03:49:00,529.93,Delivered
ORD04831,CUST0106,2026-04-12 09:38:00,2071.88,Preparing
ORD04832,CUST0158,2025-04-16 03:29:00,2266.66,Placed
ORD04833,CUST0046,2026-05-08 12:00:00,2147.58,Delivered
ORD04834,CUST0213,2025-04-17 08:43:00,535.5,Delivered
ORD04835,CUST0742,2025-07-07 12:17:00,1068.31,Preparing
ORD04836,CUST0966,2025-09-11 01:51:00,461.79,Out For Delivery
ORD04837,CUST0276,2025-12-14 20:46:00,942.41,Placed
ORD04838,CUST0685,2025-07-15 16:23:00,1852.53,Out For Delivery
ORD04839,CUST0053,2025-11-21 04:52:00,689.96,Out For Delivery
ORD04840,CUST0173,2025-05-12 01:57:00,1838.26,Out For Delivery
ORD04841,CUST0047,2026-01-27 12:57:00,378.22,Preparing
ORD04843,CUST0275,2025-01-27 16:31:00,997.71,Cancelled
ORD04844,CUST0681,2025-04-26 07:21:00,958.5,Preparing
ORD04845,CUST0065,2025-09-27 04:35:00,603.75,Cancelled
ORD04846,CUST0810,2025-07-19 18:35:00,2198.15,Out For Delivery
ORD04847,CUST0846,2026-03-19 06:58:00,1206.04,Preparing
ORD04848,CUST0592,2025-12-11 09:00:00,1284.9,Out For Delivery
ORD04849,CUST0323,2025-01-08 10:26:00,1040.03,Out For Delivery
ORD04850,CUST0650,2026-05-10 23:02:00,875.38,Delivered
ORD04851,CUST0809,2026-01-19 22:45:00,584.69,Out For Delivery
ORD04852,CUST0019,2025-02-01 12:15:00,1477.97,Placed
ORD04853,CUST0481,2026-03-06 03:47:00,1016.32,Preparing
ORD04854,CUST0688,2026-02-13 02:54:00,1824.98,Placed
ORD04855,CUST0408,2025-02-25 04:52:00,478.52,Delivered
ORD04856,CUST0779,2025-03-03 08:00:00,415.84,Out For Delivery
ORD04857,CUST0150,2025-05-14 23:38:00,789.38,Placed
ORD04858,CUST0793,2025-12-26 01:00:00,557.64,Delivered
ORD04859,CUST0558,2025-12-04 21:10:00,665.91,Placed
ORD04860,CUST0581,2025-02-19 22:59:00,652.61,Preparing
ORD04861,CUST0120,2025-11-22 15:26:00,773.63,Cancelled
ORD04862,CUST0820,2025-07-12 09:03:00,1389.65,Cancelled
ORD04863,CUST0957,2025-07-05 06:24:00,760.17,Cancelled
ORD04864,CUST0041,2025-11-02 01:25:00,2331.74,Delivered
ORD04865,CUST0193,2026-04-11 03:46:00,1115.37,Preparing
ORD04866,CUST0955,2026-04-14 06:27:00,449.39,Out For Delivery
ORD04867,CUST0586,2025-08-29 22:28:00,569.16,Preparing
ORD04868,CUST0515,2025-03-21 02:17:00,1525.62,Preparing
ORD04869,CUST0543,2026-03-14 07:12:00,1987.28,Preparing
ORD04870,CUST0181,2026-01-05 05:13:00,2486.54,Delivered
ORD04871,CUST0790,2025-10-25 22:18:00,2063.68,Placed
ORD04872,CUST0285,2025-06-03 02:10:00,2318.66,Preparing
ORD04873,CUST0831,2025-07-09 12:28:00,1353.76,Cancelled
ORD04874,CUST0927,2026-03-24 22:41:00,770.9,Preparing
ORD04875,CUST0194,2025-04-11 20:29:00,945.8,Preparing
ORD04876,CUST0832,2026-01-08 07:13:00,1172.27,Cancelled
ORD04877,CUST0749,2026-04-09 19:01:00,1929.87,Cancelled
ORD04878,CUST0575,2025-09-04 11:36:00,1321.04,Preparing
ORD04879,CUST0133,2025-04-26 05:47:00,558.61,Placed
ORD04880,CUST0895,2026-03-31 02:35:00,2052.13,Cancelled
ORD04881,CUST0468,2025-05-26 14:46:00,940.2,Cancelled
ORD04882,CUST0758,2025-07-07 20:24:00,199.22,Delivered
ORD04883,CUST0143,2025-08-23 21:00:00,899.06,Preparing
ORD04884,CUST0822,2025-11-22 21:45:00,1602.16,Placed
ORD04885,CUST0769,2026-03-24 11:22:00,527.05,Out For Delivery
ORD04886,CUST0676,2025-07-28 14:26:00,1317.76,Cancelled
ORD04887,CUST0757,2025-06-10 18:25:00,184.97,Preparing
ORD04888,CUST0862,2025-05-28 10:48:00,1816.36,Placed
ORD04889,CUST0744,2026-01-11 07:08:00,1621.41,Out For Delivery
ORD04890,CUST0061,2025-12-23 21:57:00,1939.46,Preparing
ORD04891,CUST0911,2026-03-08 22:17:00,387.43,Cancelled
ORD04892,CUST0959,2025-07-30 17:15:00,172.39,Out For Delivery
ORD04893,CUST0080,2026-01-18 05:10:00,492.24,Delivered
ORD04894,CUST0449,2025-10-09 14:03:00,1661.26,Delivered
ORD04895,CUST0424,2025-11-18 07:02:00,1681.71,Placed
ORD04896,CUST0041,2026-01-10 02:46:00,424.5,Out For Delivery
ORD04898,CUST0734,2025-10-28 20:01:00,714.82,Placed
ORD04899,CUST0798,2026-01-06 01:28:00,561.62,Placed
ORD04900,CUST0940,2025-10-19 05:01:00,1542.28,Placed
ORD04901,CUST0058,2026-03-31 08:05:00,241.59,Placed
ORD04902,CUST0991,2025-04-16 02:01:00,989.12,Placed
ORD04903,CUST0535,2025-09-20 14:35:00,1028.89,Placed
ORD04904,CUST0830,2025-07-03 20:07:00,735.71,Preparing
ORD04905,CUST0413,2025-01-11 18:22:00,1826.5,Delivered
ORD04906,CUST0067,2025-06-25 07:34:00,351.32,Out For Delivery
ORD04907,CUST0727,2025-08-11 05:55:00,2130.57,Out For Delivery
ORD04908,CUST0198,2025-05-15 03:02:00,1653.18,Delivered
ORD04910,CUST0037,2025-09-12 06:31:00,548.54,Placed
ORD04911,CUST0033,2025-10-07 20:19:00,1839.06,Preparing
ORD04913,CUST0785,2026-04-29 07:52:00,193.54,Placed
ORD04914,CUST0671,2025-11-10 18:15:00,2099.56,Cancelled
ORD04915,CUST0723,2026-03-05 08:49:00,2047.21,Cancelled
ORD04916,CUST0855,2026-01-04 19:28:00,365.43,Cancelled
ORD04917,CUST0812,2025-11-26 05:33:00,2158.29,Out For Delivery
ORD04918,CUST0606,2026-03-19 08:39:00,954.26,Preparing
ORD04919,CUST0046,2025-03-18 12:27:00,516.91,Preparing
ORD04920,CUST0641,2025-11-01 12:53:00,768.31,Placed
ORD04921,CUST0072,2026-05-03 05:36:00,425.61,Delivered
ORD04922,CUST0020,2026-01-12 13:31:00,1582.07,Preparing
ORD04924,CUST0625,2026-02-10 07:40:00,1818.06,Preparing
ORD04925,CUST0364,2025-08-21 18:11:00,532.7,Preparing
ORD04926,CUST0849,2025-12-30 12:41:00,297.63,Preparing
ORD04927,CUST0752,2025-03-01 21:08:00,2122.37,Delivered
ORD04928,CUST0939,2026-03-19 13:37:00,364.85,Placed
ORD04930,CUST0969,2025-09-02 12:57:00,1917.78,Placed
ORD04931,CUST0910,2026-02-16 06:13:00,1529.27,Out For Delivery
ORD04933,CUST0665,2025-01-19 10:53:00,1729.06,Placed
ORD04934,CUST0641,2025-11-15 05:23:00,1803.28,Cancelled
ORD04935,CUST1000,2026-05-09 11:57:00,807.99,Placed
ORD04936,CUST0794,2025-02-04 04:16:00,258.0,Placed
ORD04937,CUST0611,2025-11-22 18:39:00,1156.52,Placed
ORD04938,CUST0517,2025-02-26 23:57:00,1567.12,Cancelled
ORD04939,CUST0270,2025-11-09 00:15:00,2369.16,Delivered
ORD04940,CUST0979,2025-12-23 02:07:00,1145.09,Out For Delivery
ORD04941,CUST0684,2026-02-09 01:17:00,1284.9,Preparing
ORD04942,CUST0839,2025-08-17 11:41:00,2163.22,Preparing
ORD04943,CUST0552,2025-05-07 17:25:00,574.79,Cancelled
ORD04944,CUST0299,2025-10-12 13:28:00,2217.97,Delivered
ORD04945,CUST0791,2026-02-11 10:04:00,696.0,Delivered
ORD04946,CUST0140,2025-09-12 00:33:00,236.13,Cancelled
ORD04947,CUST0027,2025-04-17 15:34:00,105.12,Placed
ORD04948,CUST0887,2025-01-03 16:09:00,717.0,Placed
ORD04949,CUST0612,2025-12-17 19:01:00,933.99,Cancelled
ORD04950,CUST0117,2026-03-30 12:25:00,144.34,Delivered
ORD04951,CUST0614,2025-01-25 08:14:00,793.43,Delivered
ORD04952,CUST0663,2025-03-14 04:44:00,1218.97,Delivered
ORD04953,CUST0349,2025-05-18 20:50:00,1284.9,Delivered
ORD04954,CUST0536,2025-11-29 09:54:00,953.68,Out For Delivery
ORD04955,CUST0725,2025-09-29 18:20:00,1317.14,Delivered
ORD04956,CUST0640,2025-10-22 06:54:00,1503.98,Out For Delivery
ORD04957,CUST0987,2025-02-02 17:02:00,1398.63,Cancelled
ORD04958,CUST0655,2025-06-05 09:16:00,1818.64,Preparing
ORD04959,CUST0926,2025-04-29 12:49:00,188.79,Placed
ORD04960,CUST0229,2026-02-03 23:29:00,1162.69,Preparing
ORD04961,CUST0670,2025-05-11 05:45:00,131.27,Out For Delivery
ORD04962,CUST0499,2025-10-03 10:10:00,808.97,Placed
ORD04963,CUST0920,2026-05-07 05:07:00,1123.6,Delivered
ORD04964,CUST0954,2025-11-08 13:02:00,1007.43,Delivered
ORD04965,CUST0637,2025-08-17 16:43:00,845.04,Out For Delivery
ORD04966,CUST0134,2026-01-22 18:13:00,891.15,Placed
ORD04967,CUST0302,2025-11-17 10:01:00,2215.05,Cancelled
ORD04968,CUST0927,2025-04-12 23:16:00,2376.33,Delivered
ORD04970,CUST0813,2025-06-19 07:11:00,1803.22,Preparing
ORD04971,CUST0959,2025-04-14 00:30:00,2240.87,Placed
ORD04972,CUST0723,2025-09-27 22:31:00,2365.15,Placed
ORD04973,CUST0784,2025-11-23 07:58:00,2331.77,Out For Delivery
ORD04974,CUST0621,2025-09-28 04:38:00,1885.28,Out For Delivery
ORD04975,CUST0214,2025-04-13 15:35:00,830.37,Delivered
ORD04976,CUST0149,2026-03-29 11:01:00,2295.71,Preparing
ORD04977,CUST0841,2025-04-13 19:22:00,242.97,Placed
ORD04979,CUST0815,2026-04-10 20:40:00,1021.09,Placed
ORD04980,CUST0464,2025-04-17 06:24:00,533.83,Out For Delivery
ORD04981,CUST0365,2026-01-27 02:53:00,637.35,Cancelled
ORD04982,CUST0066,2025-11-25 08:32:00,2007.21,Preparing
ORD04983,CUST0248,2025-08-02 09:34:00,1164.68,Preparing
ORD04984,CUST0763,2025-09-11 15:12:00,1028.38,Out For Delivery
ORD04985,CUST0082,2025-09-10 21:16:00,1284.9,Out For Delivery
ORD04986,CUST0063,2026-02-27 23:37:00,1089.57,Cancelled
ORD04987,CUST0694,2025-06-18 19:41:00,2089.56,Delivered
ORD04988,CUST0988,2025-10-13 15:30:00,888.36,Placed
ORD04989,CUST0483,2026-01-26 03:18:00,2226.28,Delivered
ORD04990,CUST0799,2025-03-07 17:41:00,1103.56,Out For Delivery
ORD04991,CUST0442,2026-05-09 10:11:00,2291.41,Delivered
ORD04992,CUST0466,2025-07-09 08:21:00,720.3,Preparing
ORD04993,CUST0992,2025-09-19 18:15:00,967.0,Out For Delivery
ORD04994,CUST0306,2025-11-18 05:11:00,2154.49,Out For Delivery
ORD04995,CUST0907,2025-05-14 15:55:00,1310.39,Preparing
ORD04996,CUST0725,2026-03-14 00:04:00,1848.53,Delivered
ORD04997,CUST0622,2025-03-26 14:03:00,675.99,Cancelled
ORD04998,CUST0887,2026-03-22 16:28:00,2202.43,Cancelled
ORD04999,CUST0665,2026-02-03 08:14:00,2075.13,Cancelled
ORD05000,CUST0735,2025-05-03 17:20:00,2194.84,Preparing
